-- phpMyAdmin SQL Dump
-- version 5.0.2
-- https://www.phpmyadmin.net/
--
-- Host: 127.0.0.1
-- Generation Time: Oct 25, 2020 at 01:18 AM
-- Server version: 8.0.20
-- PHP Version: 7.4.10

SET SQL_MODE = "NO_AUTO_VALUE_ON_ZERO";
START TRANSACTION;
SET time_zone = "+00:00";


/*!40101 SET @OLD_CHARACTER_SET_CLIENT=@@CHARACTER_SET_CLIENT */;
/*!40101 SET @OLD_CHARACTER_SET_RESULTS=@@CHARACTER_SET_RESULTS */;
/*!40101 SET @OLD_COLLATION_CONNECTION=@@COLLATION_CONNECTION */;
/*!40101 SET NAMES utf8mb4 */;

--
-- Database: `zs3pv`
--

-- --------------------------------------------------------

--
-- Table structure for table `event`
--

CREATE TABLE `event` (
  `eventID` decimal(10,0) NOT NULL DEFAULT '0',
  `userID` varchar(32) NOT NULL DEFAULT '0',
  `start_date` date NOT NULL,
  `start_time` time NOT NULL,
  `end_date` date NOT NULL,
  `end_time` time NOT NULL
) ENGINE=InnoDB DEFAULT CHARSET=latin1;

--
-- Dumping data for table `event`
--

INSERT INTO `event` (`eventID`, `userID`, `start_date`, `start_time`, `end_date`, `end_time`) VALUES
('1', 'mranscomb4', '2020-09-19', '11:07:00', '2020-10-15', '01:50:37'),
('2', 'epeddie5', '2020-09-25', '16:39:00', '2020-10-13', '01:30:54'),
('3', 'zkrienke6', '2020-09-29', '18:23:00', '2020-10-11', '13:56:50'),
('4', 'wprangley7', '2020-09-24', '07:35:00', '2020-10-18', '10:01:12'),
('5', 'hcasine8', '2020-09-24', '19:42:00', '2020-10-21', '10:10:15'),
('6', 'gkaesmans9', '2020-09-21', '00:11:00', '2020-10-15', '13:30:24'),
('7', 'hmyricka', '2020-09-18', '05:09:00', '2020-10-22', '02:50:27'),
('8', 'nadamovitchb', '2020-09-16', '01:46:00', '2020-10-07', '01:40:11'),
('9', 'dfoxleyc', '2020-09-17', '23:53:00', '2020-10-07', '14:47:54'),
('10', 'pbauded', '2020-09-24', '03:47:00', '2020-10-03', '02:42:34'),
('11', 'pwarnese', '2020-09-19', '11:06:00', '2020-10-02', '04:10:33'),
('12', 'ibrabonf', '2020-09-29', '09:40:00', '2020-10-04', '19:22:24'),
('13', 'vsmillieg', '2020-09-30', '18:40:00', '2020-10-14', '20:30:25'),
('14', 'kwhyard1g', '2020-09-17', '06:39:00', '2020-10-20', '18:48:04'),
('15', 'adipietro1h', '2020-09-27', '07:39:00', '2020-10-10', '08:06:51'),
('16', 'shargie1i', '2020-09-30', '22:31:00', '2020-10-18', '13:34:49'),
('17', 'bflury1j', '2020-09-23', '08:44:00', '2020-10-16', '22:59:13'),
('18', 'eaitken1k', '2020-09-30', '17:38:00', '2020-10-19', '20:40:46'),
('19', 'ckobiera1l', '2020-09-30', '20:03:00', '2020-10-13', '22:06:42'),
('20', 'erosbotham1m', '2020-09-29', '09:36:00', '2020-10-06', '15:19:49'),
('21', 'rsparrow1n', '2020-09-26', '01:51:00', '2020-10-08', '00:08:57'),
('22', 'afeehely1o', '2020-09-25', '13:58:00', '2020-10-18', '03:18:32'),
('23', 'nderrick1p', '2020-09-26', '06:19:00', '2020-10-11', '01:43:04'),
('24', 'neakin1q', '2020-09-25', '04:25:00', '2020-10-17', '14:25:36'),
('25', 'bprendiville1r', '2020-09-23', '17:39:00', '2020-10-09', '07:29:26'),
('26', 'mfulcher1s', '2020-09-28', '14:11:00', '2020-10-10', '09:45:11'),
('27', 'cheskey1t', '2020-09-25', '09:08:00', '2020-10-11', '02:05:04'),
('28', 'zgeockle1u', '2020-09-15', '11:33:00', '2020-10-02', '15:22:26'),
('29', 'sbartosch2k', '2020-09-17', '10:10:00', '2020-10-08', '03:29:12'),
('30', 'afihelly2l', '2020-09-22', '09:12:00', '2020-10-14', '04:44:34'),
('31', 'sscamal2m', '2020-09-28', '03:26:00', '2020-10-10', '07:30:09'),
('32', 'sbergeon2n', '2020-09-29', '07:35:00', '2020-10-07', '03:13:38'),
('33', 'mfurminger2o', '2020-09-21', '19:07:00', '2020-10-23', '01:32:21'),
('34', 'molooney2p', '2020-09-28', '22:10:00', '2020-10-03', '17:46:03'),
('35', 'mkynnd2q', '2020-09-19', '10:15:00', '2020-10-13', '23:40:13'),
('36', 'jolooney2r', '2020-09-23', '05:51:00', '2020-10-10', '18:35:32'),
('37', 'cpinck2s', '2020-09-19', '04:19:00', '2020-10-07', '21:11:26'),
('38', 'jgianasi2t', '2020-09-26', '10:17:00', '2020-10-22', '21:02:15'),
('39', 'jguyonnet2u', '2020-09-24', '03:10:00', '2020-10-01', '22:40:53'),
('40', 'hschoroder2v', '2020-09-20', '01:08:00', '2020-10-06', '14:20:04'),
('41', 'drogister2w', '2020-09-28', '07:21:00', '2020-10-04', '16:22:32'),
('42', 'pbachellier2x', '2020-09-26', '20:19:00', '2020-10-22', '00:38:19'),
('43', 'hfreemantle2y', '2020-09-17', '20:50:00', '2020-10-23', '16:09:16'),
('44', 'vtremathack2z', '2020-09-28', '21:29:00', '2020-10-02', '13:43:56'),
('45', 'kfideler30', '2020-09-30', '18:22:00', '2020-10-20', '07:26:05'),
('46', 'ibeebis31', '2020-09-29', '20:08:00', '2020-10-01', '20:44:16'),
('47', 'tscreach32', '2020-09-25', '00:36:00', '2020-10-07', '04:51:13'),
('48', 'cpilley33', '2020-09-29', '11:48:00', '2020-10-07', '03:32:38'),
('49', 'cwhysall34', '2020-09-27', '21:11:00', '2020-10-19', '21:54:57'),
('50', 'scroci35', '2020-09-30', '08:38:00', '2020-10-04', '06:57:03'),
('51', 'tpython36', '2020-09-20', '05:56:00', '2020-10-20', '12:02:36'),
('52', 'kbramham37', '2020-09-28', '11:10:00', '2020-10-18', '16:19:41'),
('53', 'ndevillier38', '2020-09-25', '09:48:00', '2020-10-08', '19:27:08'),
('54', 'lpreshous39', '2020-09-16', '18:57:00', '2020-10-11', '10:29:19'),
('55', 'tmessenger3q', '2020-09-15', '15:43:00', '2020-10-05', '12:07:35'),
('56', 'ksemon3r', '2020-09-26', '21:24:00', '2020-10-18', '15:07:30'),
('57', 'bandreazzi3s', '2020-09-17', '20:18:00', '2020-10-15', '18:52:32'),
('58', 'cmacgilpatrick3t', '2020-09-29', '23:51:00', '2020-10-22', '12:10:16'),
('59', 'vissacov3u', '2020-09-15', '00:33:00', '2020-10-20', '09:55:39'),
('60', 'jeastwood3v', '2020-09-29', '22:07:00', '2020-10-02', '11:59:42'),
('61', 'glantoph3w', '2020-09-23', '12:08:00', '2020-10-17', '17:30:36'),
('62', 'bswiffan3x', '2020-09-16', '10:34:00', '2020-10-01', '12:54:21'),
('63', 'bmaclaine3y', '2020-09-26', '14:46:00', '2020-10-18', '19:31:27'),
('64', 'jsackes3z', '2020-09-27', '16:42:00', '2020-10-05', '02:57:55'),
('65', 'pbachellier2x', '2020-09-21', '05:04:00', '2020-10-12', '18:39:13'),
('66', 'hfreemantle2y', '2020-09-25', '01:53:00', '2020-10-01', '05:30:08'),
('67', 'vtremathack2z', '2020-09-30', '03:27:00', '2020-10-21', '06:30:20'),
('68', 'kfideler30', '2020-09-16', '23:12:00', '2020-10-01', '17:25:02'),
('69', 'ibeebis31', '2020-09-28', '17:25:00', '2020-10-18', '10:40:12'),
('70', 'tscreach32', '2020-09-29', '12:06:00', '2020-10-18', '23:22:20'),
('71', 'cpilley33', '2020-09-19', '07:08:00', '2020-10-17', '17:49:46'),
('72', 'cwhysall34', '2020-09-23', '00:41:00', '2020-10-10', '15:48:58'),
('73', 'scroci35', '2020-09-24', '04:18:00', '2020-10-16', '00:54:21'),
('74', 'tpython36', '2020-09-20', '17:19:00', '2020-10-05', '07:15:00'),
('75', 'kbramham37', '2020-09-15', '04:53:00', '2020-10-05', '11:32:33'),
('76', 'ndevillier38', '2020-09-25', '04:46:00', '2020-10-02', '13:48:48'),
('77', 'lpreshous39', '2020-09-27', '12:38:00', '2020-10-12', '23:07:45'),
('78', 'dczyz3a', '2020-09-21', '15:21:00', '2020-10-22', '08:12:22'),
('79', 'dspick3b', '2020-09-26', '09:56:00', '2020-10-19', '12:07:12'),
('80', 'dyuryev3c', '2020-09-24', '03:28:00', '2020-10-08', '02:14:18'),
('81', 'rdefries3d', '2020-09-29', '08:27:00', '2020-10-16', '03:24:16'),
('82', 'asnasdell3e', '2020-09-18', '22:14:00', '2020-10-12', '19:17:16'),
('83', 'scabotto3f', '2020-09-27', '18:34:00', '2020-10-14', '23:28:56'),
('84', 'carundel3g', '2020-09-17', '00:42:00', '2020-10-02', '16:24:48'),
('85', 'remes3h', '2020-09-25', '14:03:00', '2020-10-20', '08:19:04'),
('86', 'eswane3i', '2020-09-29', '03:56:00', '2020-10-11', '09:03:26'),
('87', 'rgartrell1z', '2020-09-21', '10:14:00', '2020-10-08', '23:03:29'),
('88', 'aenright20', '2020-09-18', '15:36:00', '2020-10-21', '20:10:20'),
('89', 'rluebbert21', '2020-09-30', '23:41:00', '2020-10-05', '14:33:34'),
('90', 'nabethell22', '2020-09-26', '21:27:00', '2020-10-09', '10:46:02'),
('91', 'bbahike23', '2020-09-19', '11:21:00', '2020-10-08', '17:54:26'),
('92', 'gtorald24', '2020-09-30', '01:59:00', '2020-10-22', '20:37:30'),
('93', 'jridgeway25', '2020-09-30', '10:27:00', '2020-10-18', '13:20:13'),
('94', 'hwindress26', '2020-09-21', '11:17:00', '2020-10-12', '11:36:26'),
('95', 'ddelacey27', '2020-09-15', '01:18:00', '2020-10-01', '03:16:12'),
('96', 'ohadlow28', '2020-09-24', '17:51:00', '2020-10-01', '22:39:15'),
('97', 'mhabeshaw29', '2020-09-15', '04:41:00', '2020-10-21', '14:43:07'),
('98', 'sbrandham2a', '2020-09-28', '03:34:00', '2020-10-04', '17:26:15'),
('99', 'bpolak2b', '2020-09-22', '11:00:00', '2020-10-19', '02:32:27'),
('100', 'jsummerly2c', '2020-09-23', '01:28:00', '2020-10-23', '06:41:11'),
('101', 'eadamides2d', '2020-09-18', '05:53:00', '2020-10-11', '10:14:27'),
('102', 'maujean2e', '2020-09-26', '21:47:00', '2020-10-17', '23:28:16'),
('103', 'qbasill2f', '2020-09-24', '09:22:00', '2020-10-10', '07:50:55'),
('104', 'sofielly2g', '2020-09-24', '05:28:00', '2020-10-18', '13:37:31'),
('105', 'twhitechurch2h', '2020-09-30', '17:01:00', '2020-10-11', '19:04:12'),
('106', 'mjolly2i', '2020-09-20', '00:17:00', '2020-10-18', '03:59:45'),
('107', 'mjorioz2j', '2020-09-23', '11:54:00', '2020-10-19', '00:53:03'),
('108', 'sbartosch2k', '2020-09-20', '19:00:00', '2020-10-05', '11:24:30'),
('109', 'afihelly2l', '2020-09-17', '05:01:00', '2020-10-09', '18:02:08'),
('110', 'sscamal2m', '2020-09-19', '01:58:00', '2020-10-13', '04:32:53'),
('111', 'sbergeon2n', '2020-09-15', '03:15:00', '2020-10-05', '16:29:47'),
('112', 'mfurminger2o', '2020-09-26', '01:38:00', '2020-10-10', '21:35:46'),
('113', 'molooney2p', '2020-09-18', '02:52:00', '2020-10-10', '07:20:58'),
('114', 'mkynnd2q', '2020-09-24', '23:14:00', '2020-10-12', '08:47:09'),
('115', 'jolooney2r', '2020-09-28', '15:13:00', '2020-10-18', '22:48:20'),
('116', 'cpinck2s', '2020-09-23', '20:40:00', '2020-10-11', '01:29:20'),
('117', 'jgianasi2t', '2020-09-28', '02:01:00', '2020-10-11', '03:21:00'),
('118', 'jguyonnet2u', '2020-09-30', '03:41:00', '2020-10-22', '16:27:19'),
('119', 'hschoroder2v', '2020-09-19', '22:55:00', '2020-10-17', '21:39:04'),
('120', 'drogister2w', '2020-09-25', '14:59:00', '2020-10-13', '07:25:57'),
('121', 'pbachellier2x', '2020-09-16', '11:01:00', '2020-10-14', '15:45:12'),
('122', 'hfreemantle2y', '2020-09-18', '12:21:00', '2020-10-08', '03:44:44'),
('123', 'vtremathack2z', '2020-09-16', '02:58:00', '2020-10-17', '23:53:29'),
('124', 'kfideler30', '2020-09-19', '13:17:00', '2020-10-07', '19:33:03'),
('125', 'ibeebis31', '2020-09-17', '06:44:00', '2020-10-04', '23:13:20'),
('126', 'tscreach32', '2020-09-23', '01:57:00', '2020-10-11', '09:02:59'),
('127', 'cpilley33', '2020-09-25', '17:29:00', '2020-10-22', '04:31:45'),
('128', 'ccorpe14', '2020-09-21', '02:35:00', '2020-10-02', '00:24:38'),
('129', 'flepick15', '2020-09-15', '06:45:00', '2020-10-12', '18:54:40'),
('130', 'lbeany16', '2020-09-28', '02:27:00', '2020-10-01', '06:34:07'),
('131', 'cgoforth17', '2020-09-27', '09:10:00', '2020-10-03', '23:58:36'),
('132', 'bturgoose18', '2020-09-22', '03:01:00', '2020-10-06', '09:33:47'),
('133', 'mescot19', '2020-09-29', '03:15:00', '2020-10-01', '17:38:08'),
('134', 'gnode1a', '2020-09-27', '10:54:00', '2020-10-11', '20:24:04'),
('135', 'mketteman1b', '2020-09-22', '07:08:00', '2020-10-08', '12:33:11'),
('136', 'skopje1c', '2020-09-25', '01:38:00', '2020-10-08', '13:21:26'),
('137', 'bbaxstair1d', '2020-09-24', '23:07:00', '2020-10-08', '08:57:54'),
('138', 'nfarman1e', '2020-09-19', '08:19:00', '2020-10-20', '21:01:25'),
('139', 'mhunnaball1f', '2020-09-28', '20:33:00', '2020-10-13', '15:09:31'),
('140', 'kwhyard1g', '2020-09-24', '17:53:00', '2020-10-13', '13:50:52'),
('141', 'adipietro1h', '2020-09-30', '19:43:00', '2020-10-07', '10:38:20'),
('142', 'shargie1i', '2020-09-17', '23:17:00', '2020-10-08', '21:19:42'),
('143', 'bflury1j', '2020-09-20', '15:27:00', '2020-10-23', '03:59:58'),
('144', 'eaitken1k', '2020-09-24', '09:13:00', '2020-10-11', '16:11:11'),
('145', 'ckobiera1l', '2020-09-28', '02:24:00', '2020-10-03', '01:39:15'),
('146', 'erosbotham1m', '2020-09-20', '00:08:00', '2020-10-20', '05:41:22'),
('147', 'rsparrow1n', '2020-09-30', '14:10:00', '2020-10-17', '03:28:45'),
('148', 'afeehely1o', '2020-09-18', '02:45:00', '2020-10-13', '17:02:23'),
('149', 'nderrick1p', '2020-09-21', '01:46:00', '2020-10-08', '19:13:08'),
('150', 'neakin1q', '2020-09-22', '21:54:00', '2020-10-01', '08:01:25'),
('151', 'bprendiville1r', '2020-09-25', '12:44:00', '2020-10-19', '07:52:44'),
('152', 'mfulcher1s', '2020-09-22', '17:10:00', '2020-10-11', '13:32:00'),
('153', 'smaleck5d', '2020-09-30', '23:03:00', '2020-10-02', '12:53:18'),
('154', 'marmatidge5e', '2020-09-30', '15:12:00', '2020-10-08', '16:27:48'),
('155', 'kdegliabbati5f', '2020-09-16', '00:54:00', '2020-10-02', '17:01:46'),
('156', 'kdancey5g', '2020-09-16', '15:11:00', '2020-10-01', '05:57:31'),
('157', 'dstoyell5h', '2020-09-23', '20:56:00', '2020-10-12', '18:23:40'),
('158', 'mkeir5i', '2020-09-26', '21:36:00', '2020-10-23', '21:56:01'),
('159', 'uleatherland5j', '2020-09-29', '19:01:00', '2020-10-01', '19:34:14'),
('160', 'tsheringham5k', '2020-09-23', '19:12:00', '2020-10-19', '18:46:20'),
('161', 'gkreutzer5l', '2020-09-27', '15:18:00', '2020-10-17', '01:47:56'),
('162', 'dbraunstein5m', '2020-09-28', '23:15:00', '2020-10-17', '09:32:37'),
('163', 'iborland5n', '2020-09-16', '16:00:00', '2020-10-13', '21:13:10'),
('164', 'bruddlesden5o', '2020-09-23', '13:55:00', '2020-10-21', '09:22:26'),
('165', 'mmcilroy5p', '2020-09-19', '06:57:00', '2020-10-18', '05:42:58'),
('166', 'wtassell5q', '2020-09-23', '08:49:00', '2020-10-06', '21:06:45'),
('167', 'mmcilroy5p', '2020-09-26', '12:52:00', '2020-10-07', '09:02:43'),
('168', 'wtassell5q', '2020-09-24', '10:02:00', '2020-10-14', '02:22:04'),
('169', 'vconstantinou5r', '2020-09-25', '06:00:00', '2020-10-01', '03:15:25'),
('170', 'jgianasi2t', '2020-09-28', '05:24:00', '2020-10-10', '23:18:04'),
('171', 'jguyonnet2u', '2020-09-18', '14:51:00', '2020-10-14', '20:01:11'),
('172', 'hschoroder2v', '2020-09-23', '13:57:00', '2020-10-10', '10:07:16'),
('173', 'drogister2w', '2020-09-30', '21:24:00', '2020-10-13', '09:26:28'),
('174', 'pbachellier2x', '2020-09-16', '20:06:00', '2020-10-04', '15:29:48'),
('175', 'hfreemantle2y', '2020-09-18', '08:03:00', '2020-10-13', '09:53:02'),
('176', 'vtremathack2z', '2020-09-23', '16:10:00', '2020-10-01', '05:25:58'),
('177', 'kfideler30', '2020-09-17', '07:26:00', '2020-10-04', '12:33:09'),
('178', 'ibeebis31', '2020-09-22', '11:56:00', '2020-10-08', '20:26:42'),
('179', 'tscreach32', '2020-09-22', '16:41:00', '2020-10-15', '06:08:26'),
('180', 'cpilley33', '2020-09-17', '20:50:00', '2020-10-06', '14:20:55'),
('181', 'cwhysall34', '2020-09-21', '19:52:00', '2020-10-14', '18:18:20'),
('182', 'scroci35', '2020-09-25', '01:59:00', '2020-10-20', '15:21:05'),
('183', 'tpython36', '2020-09-16', '21:52:00', '2020-10-23', '01:31:16'),
('184', 'kbramham37', '2020-09-19', '00:14:00', '2020-10-02', '09:01:13'),
('185', 'ndevillier38', '2020-09-30', '16:57:00', '2020-10-14', '22:29:51'),
('186', 'lpreshous39', '2020-09-26', '19:28:00', '2020-10-15', '08:26:18'),
('187', 'dczyz3a', '2020-09-15', '05:48:00', '2020-10-01', '20:42:53'),
('188', 'dspick3b', '2020-09-30', '07:12:00', '2020-10-22', '06:08:52'),
('189', 'dyuryev3c', '2020-09-21', '18:29:00', '2020-10-19', '13:53:31'),
('190', 'rdefries3d', '2020-09-30', '07:33:00', '2020-10-02', '15:13:40'),
('191', 'asnasdell3e', '2020-09-24', '09:37:00', '2020-10-22', '09:46:59'),
('192', 'scabotto3f', '2020-09-21', '05:52:00', '2020-10-14', '17:44:54'),
('193', 'carundel3g', '2020-09-27', '15:43:00', '2020-10-21', '05:17:28'),
('194', 'remes3h', '2020-09-28', '06:04:00', '2020-10-21', '05:16:26'),
('195', 'maujean2e', '2020-09-18', '07:46:00', '2020-10-20', '13:02:00'),
('196', 'qbasill2f', '2020-09-26', '15:57:00', '2020-10-11', '00:37:49'),
('197', 'sofielly2g', '2020-09-21', '16:16:00', '2020-10-10', '01:02:04'),
('198', 'twhitechurch2h', '2020-09-29', '14:27:00', '2020-10-05', '09:12:58'),
('199', 'mjolly2i', '2020-09-21', '21:52:00', '2020-10-11', '22:18:43'),
('200', 'mjorioz2j', '2020-09-27', '14:02:00', '2020-10-05', '15:22:37'),
('201', 'sbartosch2k', '2020-09-22', '22:57:00', '2020-10-07', '14:12:55'),
('202', 'afihelly2l', '2020-09-18', '12:12:00', '2020-10-04', '03:31:11'),
('203', 'sscamal2m', '2020-09-17', '16:11:00', '2020-10-02', '17:50:28'),
('204', 'sbergeon2n', '2020-09-30', '08:49:00', '2020-10-23', '13:24:32'),
('205', 'mfurminger2o', '2020-09-23', '00:59:00', '2020-10-19', '22:26:35'),
('206', 'molooney2p', '2020-09-29', '02:05:00', '2020-10-10', '13:56:48'),
('207', 'mkynnd2q', '2020-09-29', '18:23:00', '2020-10-19', '21:20:01'),
('208', 'jolooney2r', '2020-09-25', '04:23:00', '2020-10-03', '01:12:48'),
('209', 'cpinck2s', '2020-09-25', '07:54:00', '2020-10-14', '12:16:12'),
('210', 'jgianasi2t', '2020-09-25', '13:36:00', '2020-10-05', '12:50:31'),
('211', 'jguyonnet2u', '2020-09-22', '13:10:00', '2020-10-21', '02:09:08'),
('212', 'hschoroder2v', '2020-09-23', '22:08:00', '2020-10-08', '23:53:03'),
('213', 'drogister2w', '2020-09-30', '09:56:00', '2020-10-02', '11:40:15'),
('214', 'pbachellier2x', '2020-09-21', '17:43:00', '2020-10-10', '00:46:20'),
('215', 'hfreemantle2y', '2020-09-23', '22:18:00', '2020-10-17', '23:14:46'),
('216', 'vtremathack2z', '2020-09-29', '21:28:00', '2020-10-13', '21:39:37'),
('217', 'kfideler30', '2020-09-18', '23:39:00', '2020-10-01', '17:11:48'),
('218', 'mescot19', '2020-09-19', '18:45:00', '2020-10-13', '09:26:35'),
('219', 'gnode1a', '2020-09-20', '14:22:00', '2020-10-06', '09:26:20'),
('220', 'mketteman1b', '2020-09-18', '06:53:00', '2020-10-22', '08:09:37'),
('221', 'skopje1c', '2020-09-17', '14:55:00', '2020-10-03', '04:47:29'),
('222', 'bbaxstair1d', '2020-09-18', '03:06:00', '2020-10-04', '15:53:16'),
('223', 'nfarman1e', '2020-09-28', '11:56:00', '2020-10-08', '02:14:05'),
('224', 'mhunnaball1f', '2020-09-28', '06:39:00', '2020-10-03', '15:08:50'),
('225', 'kwhyard1g', '2020-09-16', '11:08:00', '2020-10-07', '16:12:15'),
('226', 'adipietro1h', '2020-09-16', '11:32:00', '2020-10-04', '06:21:11'),
('227', 'shargie1i', '2020-09-20', '13:40:00', '2020-10-11', '09:17:26'),
('228', 'bflury1j', '2020-09-21', '22:43:00', '2020-10-02', '12:40:06'),
('229', 'eaitken1k', '2020-09-28', '04:48:00', '2020-10-21', '19:23:51'),
('230', 'ckobiera1l', '2020-09-18', '15:23:00', '2020-10-16', '16:10:01'),
('231', 'erosbotham1m', '2020-09-25', '22:18:00', '2020-10-06', '21:37:15'),
('232', 'rsparrow1n', '2020-09-23', '10:52:00', '2020-10-23', '21:07:17'),
('233', 'afeehely1o', '2020-09-28', '07:20:00', '2020-10-22', '15:06:05'),
('234', 'nderrick1p', '2020-09-21', '22:25:00', '2020-10-11', '02:20:36'),
('235', 'neakin1q', '2020-09-17', '19:23:00', '2020-10-14', '15:52:58'),
('236', 'bprendiville1r', '2020-09-21', '22:09:00', '2020-10-01', '06:14:05'),
('237', 'mfulcher1s', '2020-09-15', '14:18:00', '2020-10-14', '09:09:14'),
('238', 'cheskey1t', '2020-09-25', '16:44:00', '2020-10-23', '07:39:40'),
('239', 'zgeockle1u', '2020-09-23', '04:58:00', '2020-10-22', '06:40:16'),
('240', 'mcrispe1v', '2020-09-29', '08:46:00', '2020-10-23', '18:11:53'),
('241', 'mvarah1w', '2020-09-29', '09:16:00', '2020-10-23', '23:42:37'),
('242', 'kwhyard1g', '2020-09-16', '10:20:00', '2020-10-16', '13:05:49'),
('243', 'adipietro1h', '2020-09-25', '20:53:00', '2020-10-17', '09:28:16'),
('244', 'shargie1i', '2020-09-19', '13:00:00', '2020-10-03', '23:34:34'),
('245', 'bflury1j', '2020-09-24', '08:09:00', '2020-10-10', '02:08:48'),
('246', 'eaitken1k', '2020-09-24', '06:18:00', '2020-10-05', '09:41:27'),
('247', 'ckobiera1l', '2020-09-21', '12:07:00', '2020-10-09', '17:31:05'),
('248', 'erosbotham1m', '2020-09-22', '11:13:00', '2020-10-12', '14:03:38'),
('249', 'rsparrow1n', '2020-09-29', '19:37:00', '2020-10-16', '11:37:53'),
('250', 'afeehely1o', '2020-09-28', '04:30:00', '2020-10-23', '19:57:28'),
('251', 'nderrick1p', '2020-09-19', '18:57:00', '2020-10-07', '02:43:47'),
('252', 'neakin1q', '2020-09-29', '22:10:00', '2020-10-02', '06:22:14'),
('253', 'bprendiville1r', '2020-09-25', '00:17:00', '2020-10-02', '20:56:05'),
('254', 'mfulcher1s', '2020-09-21', '00:29:00', '2020-10-10', '06:44:36');

-- --------------------------------------------------------

--
-- Table structure for table `event_task`
--

CREATE TABLE `event_task` (
  `eventID` decimal(10,0) NOT NULL DEFAULT '0',
  `taskID` decimal(10,0) NOT NULL DEFAULT '0'
) ENGINE=InnoDB DEFAULT CHARSET=latin1;

--
-- Dumping data for table `event_task`
--

INSERT INTO `event_task` (`eventID`, `taskID`) VALUES
('1', '728'),
('3', '85'),
('4', '860'),
('5', '430'),
('8', '95'),
('8', '437'),
('8', '447'),
('8', '551'),
('8', '654'),
('8', '774'),
('10', '60'),
('11', '211'),
('11', '395'),
('12', '137'),
('12', '369'),
('13', '829'),
('13', '860'),
('14', '107'),
('15', '245'),
('16', '181'),
('16', '233'),
('16', '433'),
('16', '693'),
('17', '329'),
('17', '718'),
('17', '738'),
('17', '957'),
('18', '315'),
('19', '75'),
('19', '564'),
('20', '667'),
('20', '842'),
('20', '931'),
('21', '438'),
('21', '489'),
('22', '504'),
('22', '920'),
('24', '158'),
('25', '196'),
('25', '350'),
('25', '446'),
('25', '494'),
('25', '697'),
('26', '200'),
('26', '261'),
('27', '577'),
('28', '146'),
('28', '558'),
('30', '194'),
('31', '100'),
('31', '145'),
('31', '513'),
('32', '512'),
('33', '291'),
('33', '306'),
('33', '484'),
('33', '511'),
('34', '592'),
('35', '65'),
('35', '173'),
('35', '295'),
('35', '313'),
('35', '388'),
('35', '675'),
('35', '803'),
('36', '738'),
('38', '388'),
('38', '745'),
('40', '819'),
('41', '591'),
('42', '482'),
('42', '875'),
('43', '222'),
('43', '544'),
('44', '68'),
('44', '179'),
('44', '228'),
('44', '415'),
('45', '331'),
('46', '201'),
('46', '746'),
('47', '160'),
('47', '263'),
('48', '323'),
('49', '132'),
('49', '188'),
('50', '461'),
('51', '99'),
('51', '506'),
('52', '510'),
('53', '567'),
('54', '256'),
('55', '568'),
('55', '943'),
('57', '187'),
('57', '231'),
('57', '452'),
('57', '669'),
('59', '121'),
('59', '232'),
('60', '270'),
('60', '523'),
('61', '279'),
('62', '761'),
('63', '14'),
('64', '855'),
('64', '904'),
('65', '825'),
('66', '174'),
('66', '337'),
('66', '716'),
('66', '825'),
('66', '849'),
('66', '916'),
('67', '54'),
('67', '600'),
('70', '935'),
('71', '413'),
('72', '346'),
('72', '570'),
('72', '743'),
('72', '811'),
('73', '997'),
('74', '194'),
('74', '706'),
('74', '916'),
('76', '611'),
('76', '866'),
('77', '778'),
('77', '995'),
('78', '758'),
('79', '162'),
('79', '781'),
('80', '237'),
('81', '857'),
('82', '494'),
('82', '870'),
('83', '488'),
('84', '112'),
('84', '289'),
('84', '311'),
('85', '229'),
('85', '240'),
('86', '97'),
('87', '408'),
('89', '37'),
('89', '544'),
('89', '649'),
('91', '285'),
('92', '287'),
('93', '165'),
('93', '264'),
('93', '523'),
('93', '794'),
('94', '167'),
('94', '523'),
('94', '724'),
('95', '243'),
('95', '364'),
('96', '409'),
('97', '365'),
('97', '527'),
('97', '681'),
('97', '769'),
('98', '883'),
('99', '139'),
('99', '576'),
('100', '64'),
('100', '277'),
('100', '330'),
('101', '16'),
('101', '286'),
('101', '595'),
('102', '413'),
('102', '544'),
('102', '870'),
('103', '35'),
('104', '25'),
('104', '547'),
('104', '586'),
('105', '7'),
('106', '607'),
('107', '705'),
('107', '971'),
('108', '60'),
('108', '270'),
('109', '336'),
('109', '588'),
('109', '981'),
('110', '398'),
('110', '741'),
('110', '769'),
('110', '905'),
('111', '669'),
('112', '134'),
('112', '422'),
('113', '666'),
('113', '671'),
('114', '185'),
('115', '467'),
('117', '228'),
('117', '838'),
('118', '529'),
('118', '546'),
('119', '31'),
('119', '208'),
('119', '231'),
('119', '275'),
('119', '896'),
('121', '770'),
('123', '385'),
('124', '330'),
('124', '449'),
('124', '539'),
('124', '567'),
('125', '64'),
('125', '201'),
('126', '60'),
('126', '241'),
('128', '124'),
('128', '401'),
('128', '596'),
('128', '736'),
('129', '495'),
('129', '722'),
('130', '325'),
('130', '623'),
('130', '766'),
('131', '419'),
('131', '699'),
('132', '305'),
('132', '373'),
('132', '720'),
('134', '57'),
('134', '347'),
('134', '752'),
('134', '833'),
('134', '942'),
('135', '32'),
('135', '241'),
('135', '501'),
('136', '506'),
('136', '813'),
('136', '881'),
('137', '677'),
('138', '612'),
('138', '797'),
('139', '170'),
('139', '440'),
('139', '510'),
('139', '562'),
('140', '21'),
('140', '589'),
('141', '56'),
('142', '353'),
('142', '358'),
('142', '811'),
('143', '258'),
('143', '933'),
('144', '403'),
('145', '65'),
('145', '758'),
('145', '923'),
('146', '252'),
('146', '850'),
('146', '855'),
('147', '331'),
('148', '86'),
('148', '411'),
('148', '563'),
('148', '839'),
('149', '158'),
('150', '311'),
('150', '870'),
('151', '904'),
('152', '291'),
('152', '499'),
('152', '754'),
('153', '173'),
('153', '283'),
('153', '361'),
('153', '513'),
('153', '718'),
('154', '517'),
('154', '692'),
('156', '856'),
('157', '203'),
('157', '592'),
('158', '469'),
('158', '617'),
('158', '844'),
('158', '890'),
('159', '662'),
('159', '913'),
('161', '82'),
('161', '466'),
('161', '832'),
('161', '839'),
('163', '273'),
('163', '432'),
('163', '697'),
('163', '861'),
('163', '971'),
('163', '981'),
('164', '62'),
('164', '305'),
('164', '347'),
('164', '569'),
('164', '675'),
('165', '111'),
('165', '308'),
('166', '20'),
('167', '563'),
('167', '845'),
('168', '618'),
('168', '678'),
('168', '738'),
('168', '791'),
('168', '931'),
('168', '958'),
('169', '604'),
('172', '5'),
('172', '661'),
('172', '720'),
('172', '968'),
('173', '164'),
('173', '669'),
('173', '771'),
('174', '221'),
('174', '327'),
('176', '450'),
('176', '763'),
('177', '629'),
('177', '755'),
('178', '578'),
('179', '223'),
('179', '919'),
('180', '832'),
('180', '869'),
('181', '38'),
('181', '344'),
('182', '160'),
('182', '259'),
('183', '483'),
('183', '544'),
('183', '674'),
('184', '110'),
('184', '603'),
('184', '607'),
('185', '200'),
('185', '724'),
('185', '838'),
('187', '210'),
('187', '412'),
('188', '379'),
('188', '557'),
('188', '719'),
('189', '43'),
('190', '321'),
('190', '388'),
('191', '722'),
('192', '356'),
('192', '424'),
('192', '540'),
('193', '485'),
('194', '160'),
('194', '279'),
('194', '943'),
('195', '57'),
('195', '295'),
('195', '303'),
('195', '721'),
('196', '298'),
('197', '497'),
('197', '682'),
('198', '418'),
('199', '859'),
('200', '28'),
('200', '705'),
('200', '748'),
('201', '356'),
('201', '467'),
('202', '818'),
('204', '918'),
('204', '963'),
('205', '625'),
('206', '727'),
('207', '799'),
('207', '897'),
('208', '442'),
('208', '574'),
('208', '811'),
('209', '667'),
('209', '728'),
('210', '404'),
('210', '528'),
('211', '705'),
('211', '894'),
('212', '439'),
('212', '714'),
('213', '77'),
('213', '387'),
('214', '746'),
('214', '923'),
('215', '317'),
('215', '711'),
('216', '947'),
('217', '458'),
('217', '500'),
('217', '902'),
('218', '294'),
('218', '423'),
('219', '476'),
('220', '56'),
('220', '323'),
('220', '824'),
('221', '127'),
('221', '958'),
('222', '240'),
('222', '425'),
('223', '36'),
('223', '726'),
('223', '912'),
('224', '191'),
('225', '269'),
('225', '807'),
('226', '453'),
('226', '585'),
('227', '980'),
('228', '538'),
('228', '675'),
('229', '19'),
('229', '204'),
('229', '244'),
('229', '864'),
('230', '450'),
('230', '511'),
('231', '849'),
('233', '315'),
('233', '551'),
('233', '558'),
('234', '341'),
('234', '942'),
('235', '442'),
('235', '596'),
('236', '213'),
('236', '721'),
('237', '17'),
('237', '126'),
('238', '603'),
('238', '712'),
('239', '330'),
('239', '872'),
('240', '83'),
('240', '618'),
('241', '179'),
('241', '267'),
('241', '452'),
('241', '733'),
('242', '153'),
('242', '908'),
('246', '318'),
('246', '722'),
('247', '98'),
('247', '220'),
('248', '69'),
('249', '698'),
('250', '350'),
('250', '460'),
('250', '556'),
('251', '330'),
('251', '486'),
('251', '856'),
('252', '745'),
('253', '7'),
('253', '159');

-- --------------------------------------------------------

--
-- Table structure for table `group`
--

CREATE TABLE `group` (
  `groupID` decimal(10,0) NOT NULL DEFAULT '0',
  `group_name` varchar(255) NOT NULL DEFAULT '(No title)',
  `description` varchar(255) DEFAULT NULL,
  `location` varchar(255) DEFAULT NULL
) ENGINE=InnoDB DEFAULT CHARSET=latin1;

--
-- Dumping data for table `group`
--

INSERT INTO `group` (`groupID`, `group_name`, `description`, `location`) VALUES
('1', 'Lajo', 'magna vestibulum aliquet ultrices erat tortor sollicitudin mi sit amet lobortis sapien sapien', 'erat vestibulum sed magna at nunc commodo placerat praesent blandit nam nulla integer'),
('2', 'Realbuzz', 'gravida nisi at nibh in hac habitasse platea dictumst aliquam augue', 'rhoncus mauris enim leo rhoncus sed vestibulum sit amet cursus id turpis integer aliquet massa id lobortis convallis'),
('3', 'Thoughtstorm', 'sem fusce consequat nulla nisl nunc nisl duis bibendum felis sed interdum venenatis turpis enim blandit mi in porttitor', 'nulla sed vel enim sit amet nunc viverra dapibus nulla suscipit ligula in lacus curabitur'),
('4', 'Feednation', '', 'odio elementum eu interdum eu tincidunt in leo maecenas pulvinar lobortis est phasellus sit'),
('5', 'Janyx', 'platea dictumst morbi vestibulum velit id pretium iaculis diam erat fermentum', 'augue vestibulum ante ipsum primis in faucibus orci luctus et ultrices posuere cubilia'),
('6', 'Dazzlesphere', 'ut mauris eget massa tempor convallis nulla neque libero convallis', ''),
('7', 'Ozu', 'est risus auctor sed tristique in tempus sit amet sem fusce consequat nulla nisl nunc nisl duis bibendum felis', 'semper rutrum nulla nunc purus phasellus in felis donec semper'),
('8', 'Vitz', 'vivamus vel nulla eget eros elementum pellentesque quisque porta volutpat erat quisque erat eros viverra', 'sapien quis libero nullam sit amet turpis elementum ligula vehicula consequat morbi a ipsum integer a'),
('9', 'Chatterbridge', 'sociis natoque penatibus et magnis dis parturient montes nascetur ridiculus mus etiam vel augue vestibulum', ''),
('10', 'Realblab', 'odio donec vitae nisi nam ultrices libero non mattis pulvinar nulla pede ullamcorper augue a suscipit nulla elit ac nulla', 'venenatis tristique fusce congue diam id ornare imperdiet sapien urna pretium nisl ut volutpat sapien arcu sed augue aliquam erat'),
('11', 'Feednation', 'viverra pede ac diam cras pellentesque volutpat dui maecenas tristique est et tempus semper est quam pharetra magna ac', 'cursus vestibulum proin eu mi nulla ac enim in tempor turpis nec euismod scelerisque quam turpis adipiscing lorem vitae'),
('12', 'Jetpulse', '', ''),
('13', 'Devify', 'neque libero convallis eget eleifend luctus ultricies eu nibh quisque id', 'tincidunt lacus at velit vivamus vel nulla eget eros elementum'),
('14', 'Realcube', 'odio elementum eu interdum eu tincidunt in leo maecenas pulvinar lobortis est phasellus sit amet erat', 'maecenas ut massa quis augue luctus tincidunt nulla mollis molestie lorem quisque ut'),
('15', 'Skidoo', '', 'dictumst etiam faucibus cursus urna ut tellus nulla ut erat id mauris'),
('16', 'Gabcube', 'maecenas tristique est et tempus semper est quam pharetra magna ac consequat metus sapien', 'lobortis convallis tortor risus dapibus augue vel accumsan tellus nisi eu orci mauris'),
('17', 'Skiptube', '', ''),
('18', 'Kamba', 'mauris morbi non lectus aliquam sit amet diam in magna bibendum', 'aenean sit amet justo morbi ut odio cras mi pede malesuada'),
('19', 'Kayveo', '', ''),
('20', 'Twimbo', 'justo in hac habitasse platea dictumst etiam faucibus cursus urna', 'quam sollicitudin vitae consectetuer eget rutrum at lorem integer tincidunt'),
('21', 'BlogXS', 'dictumst maecenas ut massa quis augue luctus tincidunt nulla mollis molestie', 'hac habitasse platea dictumst etiam faucibus cursus urna ut tellus nulla ut'),
('22', 'Babblestorm', 'adipiscing lorem vitae mattis nibh ligula nec sem duis aliquam convallis', ''),
('23', 'Cogilith', 'vitae quam suspendisse potenti nullam porttitor lacus at turpis donec posuere metus', ''),
('24', 'Quimm', 'libero ut massa volutpat convallis morbi odio odio elementum eu interdum eu tincidunt', 'ultrices vel augue vestibulum ante ipsum primis in faucibus orci luctus et ultrices posuere cubilia curae'),
('25', 'Dynava', 'nisl ut volutpat sapien arcu sed augue aliquam erat volutpat', 'sagittis sapien cum sociis natoque penatibus et magnis dis parturient montes nascetur ridiculus'),
('26', 'Jazzy', 'vitae nisi nam ultrices libero non mattis pulvinar nulla pede ullamcorper', 'integer tincidunt ante vel ipsum praesent blandit lacinia erat vestibulum sed'),
('27', 'Brainsphere', 'faucibus orci luctus et ultrices posuere cubilia curae duis faucibus accumsan odio curabitur convallis duis consequat dui nec nisi', 'nullam porttitor lacus at turpis donec posuere metus vitae ipsum aliquam non mauris'),
('28', 'Fivebridge', 'augue a suscipit nulla elit ac nulla sed vel enim sit', 'donec quis orci eget orci vehicula condimentum curabitur in libero'),
('29', 'Tekfly', 'nibh ligula nec sem duis aliquam convallis nunc proin at turpis', ''),
('30', 'Kwimbee', '', 'primis in faucibus orci luctus et ultrices posuere cubilia curae duis'),
('31', 'Yabox', 'pellentesque volutpat dui maecenas tristique est et tempus semper est quam', 'quisque erat eros viverra eget congue eget semper rutrum nulla nunc purus phasellus in felis donec semper sapien a libero'),
('32', 'Rooxo', 'eget eleifend luctus ultricies eu nibh quisque id justo sit amet', 'nec euismod scelerisque quam turpis adipiscing lorem vitae mattis nibh ligula nec sem'),
('33', 'Demimbu', 'pede lobortis ligula sit amet eleifend pede libero quis orci nullam molestie nibh in lectus pellentesque at', 'vitae consectetuer eget rutrum at lorem integer tincidunt ante vel ipsum praesent blandit lacinia erat vestibulum'),
('34', 'Thoughtsphere', '', 'eleifend quam a odio in hac habitasse platea dictumst maecenas ut massa quis augue luctus tincidunt'),
('35', 'Zoomdog', 'justo aliquam quis turpis eget elit sodales scelerisque mauris sit amet eros suspendisse accumsan tortor quis turpis', 'purus sit amet nulla quisque arcu libero rutrum ac lobortis vel dapibus at diam'),
('36', 'Meejo', 'consequat in consequat ut nulla sed accumsan felis ut at dolor', 'nulla sed accumsan felis ut at dolor quis odio consequat varius integer ac'),
('37', 'Mynte', '', 'semper est quam pharetra magna ac consequat metus sapien ut nunc vestibulum'),
('38', 'Cogibox', 'eget eleifend luctus ultricies eu nibh quisque id justo sit amet sapien dignissim vestibulum vestibulum ante ipsum primis', 'lobortis convallis tortor risus dapibus augue vel accumsan tellus nisi eu orci mauris'),
('39', 'Latz', '', 'lorem quisque ut erat curabitur gravida nisi at nibh in hac habitasse platea dictumst aliquam augue quam sollicitudin vitae'),
('40', 'Blogtag', 'dui proin leo odio porttitor id consequat in consequat ut nulla sed accumsan', 'quis turpis eget elit sodales scelerisque mauris sit amet eros suspendisse accumsan tortor quis turpis'),
('41', 'Oyope', 'blandit non interdum in ante vestibulum ante ipsum primis in faucibus orci luctus et ultrices posuere cubilia', ''),
('42', 'Edgeify', 'amet lobortis sapien sapien non mi integer ac neque duis bibendum morbi non quam', 'sed justo pellentesque viverra pede ac diam cras pellentesque volutpat'),
('43', 'Topicshots', 'odio donec vitae nisi nam ultrices libero non mattis pulvinar nulla pede ullamcorper augue a suscipit nulla', 'sapien quis libero nullam sit amet turpis elementum ligula vehicula consequat'),
('44', 'Topicware', 'rhoncus aliquam lacus morbi quis tortor id nulla ultrices aliquet maecenas leo', 'platea dictumst etiam faucibus cursus urna ut tellus nulla ut erat'),
('45', 'Photospace', '', 'justo pellentesque viverra pede ac diam cras pellentesque volutpat dui maecenas tristique est'),
('46', 'Oyondu', 'lacinia aenean sit amet justo morbi ut odio cras mi pede malesuada in imperdiet et', 'posuere nonummy integer non velit donec diam neque vestibulum eget vulputate ut ultrices vel augue vestibulum ante ipsum primis in'),
('47', 'Feedfire', 'mauris viverra diam vitae quam suspendisse potenti nullam porttitor lacus at turpis donec posuere metus vitae ipsum', 'vestibulum ac est lacinia nisi venenatis tristique fusce congue diam id ornare imperdiet sapien urna pretium'),
('48', 'Photospace', 'aenean fermentum donec ut mauris eget massa tempor convallis nulla neque libero convallis eget eleifend luctus ultricies eu nibh quisque', 'dictumst etiam faucibus cursus urna ut tellus nulla ut erat'),
('49', 'Talane', 'sagittis sapien cum sociis natoque penatibus et magnis dis parturient montes nascetur ridiculus mus etiam vel augue', 'tellus semper interdum mauris ullamcorper purus sit amet nulla quisque arcu libero rutrum ac lobortis vel dapibus at'),
('50', 'Devpoint', 'tristique fusce congue diam id ornare imperdiet sapien urna pretium nisl ut volutpat sapien arcu', ''),
('51', 'Eare', 'in faucibus orci luctus et ultrices posuere cubilia curae mauris viverra diam vitae quam', ''),
('52', 'Riffpath', 'lorem integer tincidunt ante vel ipsum praesent blandit lacinia erat vestibulum sed magna at nunc commodo', 'consectetuer adipiscing elit proin risus praesent lectus vestibulum quam sapien varius'),
('53', 'Lazz', 'nam ultrices libero non mattis pulvinar nulla pede ullamcorper augue a suscipit', 'lacinia aenean sit amet justo morbi ut odio cras mi pede malesuada in imperdiet et commodo'),
('54', 'Twitterbridge', 'primis in faucibus orci luctus et ultrices posuere cubilia curae mauris viverra diam vitae quam suspendisse potenti nullam porttitor', 'pretium nisl ut volutpat sapien arcu sed augue aliquam erat volutpat in congue etiam justo'),
('55', 'Trupe', '', 'lobortis est phasellus sit amet erat nulla tempus vivamus in felis eu sapien cursus vestibulum proin eu'),
('56', 'Bubbletube', 'ipsum primis in faucibus orci luctus et ultrices posuere cubilia curae donec pharetra magna vestibulum', ''),
('57', 'Gabtype', 'quis libero nullam sit amet turpis elementum ligula vehicula consequat morbi a', ''),
('58', 'Blognation', 'luctus et ultrices posuere cubilia curae mauris viverra diam vitae quam suspendisse potenti nullam porttitor lacus at', 'tincidunt in leo maecenas pulvinar lobortis est phasellus sit amet erat nulla tempus vivamus in felis eu'),
('59', 'Demizz', 'diam in magna bibendum imperdiet nullam orci pede venenatis non sodales sed tincidunt eu felis fusce posuere felis sed lacus', 'dapibus nulla suscipit ligula in lacus curabitur at ipsum ac tellus semper interdum'),
('60', 'Skiptube', 'ante vestibulum ante ipsum primis in faucibus orci luctus et ultrices posuere cubilia curae duis faucibus accumsan odio curabitur convallis', ''),
('61', 'Aivee', 'tincidunt lacus at velit vivamus vel nulla eget eros elementum pellentesque quisque', 'in est risus auctor sed tristique in tempus sit amet sem fusce consequat nulla nisl nunc nisl duis'),
('62', 'Feedfire', '', ''),
('63', 'Layo', 'vel pede morbi porttitor lorem id ligula suspendisse ornare consequat lectus in est risus auctor sed tristique in tempus sit', 'metus sapien ut nunc vestibulum ante ipsum primis in faucibus orci luctus et ultrices'),
('64', 'Zava', 'sit amet diam in magna bibendum imperdiet nullam orci pede venenatis non sodales sed tincidunt', 'vitae nisi nam ultrices libero non mattis pulvinar nulla pede'),
('65', 'Bubblebox', 'ullamcorper augue a suscipit nulla elit ac nulla sed vel enim sit', 'ultrices libero non mattis pulvinar nulla pede ullamcorper augue a suscipit nulla'),
('66', 'Oyonder', 'elementum pellentesque quisque porta volutpat erat quisque erat eros viverra eget congue', 'dictumst aliquam augue quam sollicitudin vitae consectetuer eget rutrum at lorem integer tincidunt ante vel'),
('67', 'Tambee', 'odio donec vitae nisi nam ultrices libero non mattis pulvinar nulla pede ullamcorper augue a suscipit nulla elit ac nulla', 'cras pellentesque volutpat dui maecenas tristique est et tempus semper est quam pharetra magna ac consequat'),
('68', 'Flipopia', 'orci mauris lacinia sapien quis libero nullam sit amet turpis elementum ligula vehicula consequat morbi a ipsum integer a nibh', ''),
('69', 'Eazzy', 'lacus morbi quis tortor id nulla ultrices aliquet maecenas leo odio condimentum', 'nulla suscipit ligula in lacus curabitur at ipsum ac tellus semper interdum mauris'),
('70', 'Rhycero', 'in lacus curabitur at ipsum ac tellus semper interdum mauris ullamcorper purus sit amet nulla quisque', 'sapien ut nunc vestibulum ante ipsum primis in faucibus orci'),
('71', 'Jetwire', 'eget massa tempor convallis nulla neque libero convallis eget eleifend luctus', 'bibendum morbi non quam nec dui luctus rutrum nulla tellus in sagittis'),
('72', 'Topiczoom', 'luctus rutrum nulla tellus in sagittis dui vel nisl duis ac nibh fusce lacus purus aliquet at', '');

-- --------------------------------------------------------

--
-- Table structure for table `group_user`
--

CREATE TABLE `group_user` (
  `groupID` decimal(10,0) NOT NULL DEFAULT '0',
  `userID` varchar(32) NOT NULL DEFAULT '0'
) ENGINE=InnoDB DEFAULT CHARSET=latin1;

--
-- Dumping data for table `group_user`
--

INSERT INTO `group_user` (`groupID`, `userID`) VALUES
('1', 'adipietro1h'),
('1', 'ehugill55'),
('1', 'hwindress26'),
('1', 'jkey4h'),
('2', 'ahurnr'),
('2', 'ccorpe14'),
('2', 'eaitken1k'),
('2', 'erosbotham1m'),
('2', 'kdancey5g'),
('2', 'pbachellier2x'),
('3', 'bflury1j'),
('3', 'grubenov4w'),
('3', 'kmainwaringm'),
('3', 'krenackownaw'),
('3', 'mescot19'),
('3', 'mjorioz2j'),
('3', 'nabethell22'),
('3', 'rjoan59'),
('3', 'tfeehan4n'),
('4', 'aenright20'),
('4', 'gtorald24'),
('4', 'jkey4h'),
('4', 'kfeld58'),
('4', 'sseefeldt47'),
('4', 'wprangley7'),
('5', 'grubenov4w'),
('5', 'marmatidge5e'),
('5', 'mfulcher1s'),
('5', 'mjolly2i'),
('5', 'pgilhouley3m'),
('5', 'sbartosch2k'),
('6', 'amicco42'),
('6', 'flepick15'),
('6', 'jbugden41'),
('6', 'kmainwaringm'),
('6', 'lclaffey3p'),
('6', 'mfurminger2o'),
('6', 'ndevillier38'),
('6', 'tmessenger3q'),
('6', 'uleatherland5j'),
('7', 'bandreazzi3s'),
('7', 'bflury1j'),
('7', 'bjurewicz4a'),
('7', 'deatock4e'),
('7', 'dyuryev3c'),
('7', 'ibrabonf'),
('7', 'molooney2p'),
('7', 'rrosin'),
('8', 'bfarbrotherq'),
('8', 'ccriple4t'),
('8', 'cschinetti4s'),
('8', 'ekimmitt5c'),
('8', 'gnode1a'),
('8', 'jkey4h'),
('8', 'ksemon3r'),
('8', 'nswinfon43'),
('8', 'svonderdellt'),
('9', 'bbaxstair1d'),
('9', 'cmacgilpatrick3t'),
('9', 'mvarah1w'),
('9', 'neakin1q'),
('9', 'pwarnese'),
('9', 'smcbay4m'),
('9', 'vsmillieg'),
('10', 'adipietro1h'),
('10', 'afeehely1o'),
('10', 'asnasdell3e'),
('10', 'ckobiera1l'),
('10', 'hmyricka'),
('10', 'jgianasi2t'),
('10', 'klutmanp'),
('10', 'krodman3l'),
('10', 'lstollmeyer49'),
('10', 'vrichfieldy'),
('11', 'abitterton53'),
('11', 'lpreshous39'),
('11', 'msings4r'),
('11', 'rluebbert21'),
('11', 'tollie52'),
('11', 'zkrienke6'),
('12', 'bmaclaine3y'),
('12', 'deatock4e'),
('12', 'fstephens50'),
('12', 'jsackes3z'),
('12', 'klutmanp'),
('13', 'abitterton53'),
('13', 'djendrys13'),
('13', 'kbramham37'),
('13', 'mkynnd2q'),
('13', 'rgartrell1z'),
('13', 'vissacov3u'),
('14', 'alequesne4q'),
('14', 'econibear2'),
('14', 'gkreutzer5l'),
('14', 'gnode1a'),
('14', 'kedel4k'),
('14', 'lstollmeyer49'),
('14', 'mfaires4u'),
('14', 'mjolly2i'),
('14', 'rblancowe3'),
('14', 'tollie52'),
('14', 'uleatherland5j'),
('14', 'vtremathack2z'),
('15', 'cetheringtonj'),
('15', 'gtorald24'),
('15', 'hfreemantle2y'),
('15', 'hmyricka'),
('15', 'sfulton4i'),
('15', 'svonderdellt'),
('15', 'vconstantinou5r'),
('16', 'cpilley33'),
('16', 'ctrump3o'),
('16', 'cwattingham4x'),
('16', 'dbraunstein5m'),
('16', 'jkey4h'),
('16', 'kdancey5g'),
('16', 'mfaires4u'),
('16', 'mvarah1w'),
('16', 'smcbay4m'),
('16', 'sscamal2m'),
('16', 'tramsbottom5b'),
('17', 'aenright20'),
('17', 'cgoforth17'),
('17', 'dczyz3a'),
('17', 'dponder4f'),
('17', 'kdegliabbati5f'),
('17', 'lstollmeyer49'),
('17', 'mcrispe1v'),
('17', 'mkynnd2q'),
('17', 'smcbay4m'),
('17', 'vconstantinou5r'),
('17', 'vissacov3u'),
('18', 'dponder4f'),
('18', 'erosbotham1m'),
('18', 'grubenov4w'),
('18', 'jridgeway25'),
('18', 'kfeld58'),
('18', 'kmainwaringm'),
('19', 'ddelacey27'),
('19', 'mjorioz2j'),
('19', 'tpython36'),
('20', 'alequesne4q'),
('20', 'cetheringtonj'),
('20', 'glantoph3w'),
('20', 'hravenshaw4d'),
('20', 'iborland5n'),
('20', 'maujean2e'),
('20', 'qbasill2f'),
('20', 'remes3h'),
('20', 'sbartosch2k'),
('20', 'sbergeon2n'),
('20', 'scroci35'),
('20', 'sseefeldt47'),
('21', 'afeehely1o'),
('21', 'dlegricek'),
('21', 'dyuryev3c'),
('21', 'gnode1a'),
('21', 'hschoroder2v'),
('21', 'mmuck57'),
('21', 'mranscomb4'),
('21', 'oprofitl'),
('22', 'acheverton0'),
('22', 'afihelly2l'),
('22', 'bfarbrotherq'),
('22', 'dkinzett4o'),
('22', 'dmitchleyh'),
('22', 'mfulcher1s'),
('22', 'rdowers48'),
('23', 'awilbors'),
('23', 'bmaclaine3y'),
('23', 'bprendiville1r'),
('23', 'cheskey1t'),
('23', 'jivanichev4v'),
('23', 'jsackes3z'),
('23', 'wtassell5q'),
('24', 'acheverton0'),
('24', 'eaitken1k'),
('24', 'lpreshous39'),
('24', 'mhabeshaw29'),
('24', 'msings4r'),
('24', 'nabethell22'),
('24', 'zgeockle1u'),
('25', 'adipietro1h'),
('25', 'bbaxstair1d'),
('25', 'bswiffan3x'),
('25', 'glantoph3w'),
('25', 'mkeir5i'),
('25', 'msings4r'),
('25', 'pbachellier2x'),
('25', 'tollie52'),
('25', 'wprangley7'),
('25', 'wtassell5q'),
('26', 'amicco42'),
('26', 'auppett11'),
('26', 'cgoforth17'),
('26', 'dczyz3a'),
('26', 'dfoxleyc'),
('26', 'jeastwood3v'),
('26', 'mhunnaball1f'),
('26', 'shargie1i'),
('26', 'sseefeldt47'),
('26', 'vtremathack2z'),
('27', 'asnasdell3e'),
('27', 'bflury1j'),
('27', 'remes3h'),
('27', 'rlebarr51'),
('27', 'sbrandham2a'),
('27', 'smcbay4m'),
('27', 'vconstantinou5r'),
('28', 'marmatidge5e'),
('28', 'stesto3n'),
('29', 'acrayden44'),
('29', 'afihelly2l'),
('29', 'dmitchleyh'),
('29', 'fstephens50'),
('29', 'kdegliabbati5f'),
('29', 'krodman3l'),
('29', 'mcrispe1v'),
('29', 'nderrick1p'),
('29', 'nfarman1e'),
('29', 'rjoan59'),
('29', 'tscreach32'),
('30', 'awilbors'),
('30', 'bbahike23'),
('30', 'bjurewicz4a'),
('30', 'djendrys13'),
('30', 'dspick3b'),
('30', 'lnoble46'),
('31', 'alequesne4q'),
('31', 'bbaxstair1d'),
('31', 'bprendiville1r'),
('31', 'chaddleston1'),
('31', 'csillars54'),
('31', 'fstachini3j'),
('31', 'kdegliabbati5f'),
('31', 'kfeld58'),
('31', 'svonderdellt'),
('32', 'bfarbrotherq'),
('32', 'cpilley33'),
('32', 'cschinetti4s'),
('32', 'ekimmitt5c'),
('32', 'eswane3i'),
('32', 'gkaesmans9'),
('32', 'isamweyes56'),
('32', 'jeastwood3v'),
('32', 'oprofitl'),
('32', 'rlebarr51'),
('32', 'tsheringham5k'),
('32', 'twhitechurch2h'),
('33', 'ebatterson10'),
('33', 'mraggv'),
('33', 'phockey4y'),
('33', 'tmessenger3q'),
('34', 'acheverton0'),
('34', 'acrayden44'),
('34', 'alequesne4q'),
('34', 'astelfoxx'),
('34', 'cgoforth17'),
('34', 'djendrys13'),
('34', 'hschoroder2v'),
('34', 'jsummerly2c'),
('34', 'mfurminger2o'),
('34', 'ndevillier38'),
('34', 'remes3h'),
('34', 'sbartosch2k'),
('35', 'bpolak2b'),
('35', 'ckobiera1l'),
('35', 'ebatterson10'),
('35', 'mketteman1b'),
('35', 'rrosin'),
('36', 'bruddlesden5o'),
('36', 'dfoxleyc'),
('36', 'jridgeway25'),
('36', 'lbeany16'),
('36', 'tfeehan4n'),
('37', 'cgoforth17'),
('37', 'dlautie1y'),
('37', 'krodman3l'),
('37', 'ksemon3r'),
('37', 'mescot19'),
('37', 'plambourne1x'),
('37', 'vrichfieldy'),
('38', 'bswiffan3x'),
('38', 'drogister2w'),
('38', 'kedel4k'),
('38', 'tfeehan4n'),
('38', 'vconstantinou5r'),
('39', 'aedmondson4l'),
('39', 'awilbors'),
('39', 'bturgoose18'),
('39', 'dkinzett4o'),
('39', 'rblancowe3'),
('40', 'astelfoxx'),
('40', 'bbeminster5a'),
('40', 'carundel3g'),
('40', 'ckobiera1l'),
('40', 'dlegricek'),
('40', 'epeddie5'),
('40', 'grubenov4w'),
('40', 'ibeebis31'),
('40', 'zgeockle1u'),
('41', 'dstoyell5h'),
('41', 'ehorbath3k'),
('41', 'hschoroder2v'),
('41', 'mfurminger2o'),
('41', 'mjolly2i'),
('41', 'vrichfieldy'),
('42', 'abitterton53'),
('42', 'acrayden44'),
('42', 'cwhysall34'),
('42', 'djendrys13'),
('42', 'dlautie1y'),
('42', 'dspick3b'),
('42', 'jsackes3z'),
('42', 'sbrandham2a'),
('43', 'ibeebis31'),
('43', 'pbauded'),
('43', 'pgilhouley3m'),
('43', 'remes3h'),
('44', 'bbeminster5a'),
('44', 'cetheringtonj'),
('44', 'kfideler30'),
('44', 'kwhyard1g'),
('44', 'nfarman1e'),
('44', 'pwarnese'),
('45', 'acrayden44'),
('45', 'auppett11'),
('45', 'bruddlesden5o'),
('45', 'cwhysall34'),
('45', 'dlautie1y'),
('45', 'eswane3i'),
('45', 'ibrabonf'),
('45', 'mkeir5i'),
('45', 'msings4r'),
('45', 'rdowers48'),
('45', 'smcbay4m'),
('46', 'abitterton53'),
('46', 'afihelly2l'),
('46', 'bfarbrotherq'),
('46', 'bturgoose18'),
('46', 'hcasine8'),
('46', 'kfideler30'),
('46', 'rgartrell1z'),
('47', 'aalekhov40'),
('47', 'adipietro1h'),
('47', 'glantoph3w'),
('47', 'ibrabonf'),
('48', 'cheskey1t'),
('48', 'hwindress26'),
('48', 'pgilhouley3m'),
('48', 'sbartosch2k'),
('48', 'shargie1i'),
('49', 'bswiffan3x'),
('49', 'ccriple4t'),
('49', 'cwattingham4x'),
('49', 'fstachini3j'),
('49', 'jbugden41'),
('49', 'jolooney2r'),
('49', 'jpenmanu'),
('49', 'lclaffey3p'),
('49', 'mjolly2i'),
('49', 'svonderdellt'),
('50', 'ccorpe14'),
('50', 'csillars54'),
('50', 'mcrispe1v'),
('50', 'mraggv'),
('50', 'sscamal2m'),
('51', 'bjurewicz4a'),
('51', 'ccorpe14'),
('51', 'cetheringtonj'),
('51', 'jsackes3z'),
('51', 'mketteman1b'),
('51', 'scabotto3f'),
('51', 'tpython36'),
('52', 'dlegricek'),
('52', 'hwindress26'),
('52', 'kfeld58'),
('52', 'ksemon3r'),
('52', 'mescot19'),
('52', 'molooney2p'),
('53', 'cwhysall34'),
('53', 'dlegricek'),
('53', 'hmccague4p'),
('53', 'mfurminger2o'),
('53', 'mjorioz2j'),
('53', 'nadamovitchb'),
('53', 'sfulton4i'),
('53', 'zkrienke6'),
('54', 'eaitken1k'),
('54', 'gnode1a'),
('54', 'ibeebis31'),
('54', 'kbramham37'),
('54', 'mketteman1b'),
('54', 'mtenniswood12'),
('54', 'pgilhouley3m'),
('54', 'phockey4y'),
('54', 'rrosin'),
('54', 'svonderdellt'),
('54', 'tpython36'),
('55', 'fstachini3j'),
('55', 'jeastwood3v'),
('55', 'mhunnaball1f'),
('55', 'ohadlow28'),
('55', 'sbergeon2n'),
('55', 'vtremathack2z'),
('56', 'ctrump3o'),
('56', 'epeddie5'),
('56', 'ibrabonf'),
('56', 'lbeany16'),
('56', 'wprangley7'),
('57', 'bbaxstair1d'),
('57', 'dmitchleyh'),
('57', 'eadamides2d'),
('57', 'gnode1a'),
('57', 'lclaffey3p'),
('57', 'mfurminger2o'),
('57', 'rjoan59'),
('57', 'tmessenger3q'),
('57', 'tscreach32'),
('58', 'astelfoxx'),
('58', 'cwhysall34'),
('58', 'erosbotham1m'),
('58', 'hravenshaw4d'),
('58', 'kauldsz'),
('59', 'abitterton53'),
('59', 'asnasdell3e'),
('59', 'bjurewicz4a'),
('59', 'dlautie1y'),
('59', 'ekimmitt5c'),
('59', 'iswetmorei'),
('59', 'maujean2e'),
('59', 'rblancowe3'),
('59', 'rrosin'),
('59', 'shargie1i'),
('59', 'vconstantinou5r'),
('59', 'vtremathack2z'),
('60', 'cwhysall34'),
('60', 'dlegricek'),
('60', 'hmccague4p'),
('60', 'mfurminger2o'),
('60', 'mhabeshaw29'),
('60', 'mjorioz2j'),
('60', 'mmcilroy5p'),
('60', 'nfarman1e'),
('60', 'sbrandham2a'),
('60', 'scroci35'),
('60', 'zgeockle1u'),
('61', 'hmccague4p'),
('61', 'jguyonnet2u'),
('61', 'ndevillier38'),
('61', 'rdefries3d'),
('62', 'econibear2'),
('62', 'ibeebis31'),
('62', 'ndevillier38'),
('62', 'tollie52'),
('62', 'tramsbottom5b'),
('62', 'vsmillieg'),
('63', 'glantoph3w'),
('63', 'hfreemantle2y'),
('63', 'kdancey5g'),
('63', 'rlebarr51'),
('63', 'sbrandham2a'),
('63', 'vconstantinou5r'),
('64', 'cmacgilpatrick3t'),
('64', 'ebatterson10'),
('64', 'fstephens50'),
('64', 'iborland5n'),
('64', 'jgianasi2t'),
('64', 'mmcilroy5p'),
('64', 'neakin1q'),
('64', 'pwarnese'),
('64', 'rblancowe3'),
('64', 'sbergeon2n'),
('65', 'auppett11'),
('65', 'awilbors'),
('65', 'ekimmitt5c'),
('65', 'mmcilroy5p'),
('65', 'pgilhouley3m'),
('65', 'rluebbert21'),
('65', 'tscreach32'),
('66', 'bbaxstair1d'),
('66', 'bjurewicz4a'),
('66', 'carundel3g'),
('66', 'djendrys13'),
('66', 'jpenmanu'),
('66', 'rblancowe3'),
('66', 'vtremathack2z'),
('67', 'afihelly2l'),
('67', 'dspick3b'),
('67', 'lbeany16'),
('67', 'mtenniswood12'),
('67', 'qbasill2f'),
('67', 'tsheringham5k'),
('68', 'abitterton53'),
('68', 'cpilley33'),
('68', 'cpinck2s'),
('68', 'kfideler30'),
('68', 'ksemon3r'),
('68', 'nswinfon43'),
('68', 'rlebarr51'),
('68', 'vissacov3u'),
('69', 'drogister2w'),
('69', 'klutmanp'),
('69', 'pbauded'),
('70', 'cetheringtonj'),
('70', 'cheskey1t'),
('70', 'dczyz3a'),
('70', 'iswetmorei'),
('70', 'jivanichev4v'),
('70', 'mescot19'),
('70', 'mkeir5i'),
('70', 'mketteman1b'),
('70', 'mmuck57'),
('70', 'nadamovitchb'),
('70', 'uleatherland5j'),
('71', 'econibear2'),
('71', 'hmyricka'),
('71', 'mmcilroy5p'),
('71', 'msings4r'),
('71', 'mtenniswood12'),
('71', 'nfarman1e'),
('71', 'skopje1c');

-- --------------------------------------------------------

--
-- Table structure for table `own_list`
--

CREATE TABLE `own_list` (
  `userID` varchar(32) NOT NULL DEFAULT '0',
  `listID` decimal(10,0) NOT NULL DEFAULT '0'
) ENGINE=InnoDB DEFAULT CHARSET=latin1;

--
-- Dumping data for table `own_list`
--

INSERT INTO `own_list` (`userID`, `listID`) VALUES
('aalekhov40', '97'),
('aalekhov40', '148'),
('aalekhov40', '235'),
('aalekhov40', '238'),
('aalekhov40', '249'),
('aalekhov40', '327'),
('aalekhov40', '345'),
('aalekhov40', '390'),
('abitterton53', '52'),
('abitterton53', '55'),
('abitterton53', '229'),
('abitterton53', '316'),
('abitterton53', '368'),
('abitterton53', '389'),
('abitterton53', '399'),
('abitterton53', '416'),
('acheverton0', '36'),
('acheverton0', '40'),
('acheverton0', '99'),
('acheverton0', '160'),
('acheverton0', '205'),
('acheverton0', '394'),
('acheverton0', '403'),
('acheverton0', '436'),
('acrayden44', '75'),
('acrayden44', '118'),
('acrayden44', '178'),
('acrayden44', '183'),
('acrayden44', '331'),
('acrayden44', '369'),
('acrayden44', '403'),
('acrayden44', '421'),
('adipietro1h', '5'),
('adipietro1h', '23'),
('adipietro1h', '54'),
('adipietro1h', '58'),
('adipietro1h', '196'),
('adipietro1h', '206'),
('adipietro1h', '315'),
('adipietro1h', '391'),
('aedmondson4l', '62'),
('aedmondson4l', '135'),
('aedmondson4l', '151'),
('aedmondson4l', '239'),
('aedmondson4l', '314'),
('aedmondson4l', '370'),
('aedmondson4l', '397'),
('aedmondson4l', '431'),
('aenright20', '39'),
('aenright20', '106'),
('aenright20', '110'),
('aenright20', '261'),
('aenright20', '263'),
('aenright20', '387'),
('aenright20', '396'),
('aenright20', '425'),
('afeehely1o', '61'),
('afeehely1o', '133'),
('afeehely1o', '148'),
('afeehely1o', '167'),
('afeehely1o', '266'),
('afeehely1o', '309'),
('afeehely1o', '375'),
('afeehely1o', '389'),
('afihelly2l', '42'),
('afihelly2l', '115'),
('afihelly2l', '170'),
('afihelly2l', '185'),
('afihelly2l', '202'),
('afihelly2l', '217'),
('afihelly2l', '232'),
('afihelly2l', '361'),
('ahurnr', '118'),
('ahurnr', '216'),
('ahurnr', '228'),
('ahurnr', '235'),
('ahurnr', '341'),
('ahurnr', '362'),
('ahurnr', '367'),
('ahurnr', '425'),
('alequesne4q', '11'),
('alequesne4q', '64'),
('alequesne4q', '128'),
('alequesne4q', '192'),
('alequesne4q', '208'),
('alequesne4q', '212'),
('alequesne4q', '235'),
('alequesne4q', '295'),
('amicco42', '28'),
('amicco42', '78'),
('amicco42', '86'),
('amicco42', '163'),
('amicco42', '241'),
('amicco42', '326'),
('amicco42', '369'),
('asnasdell3e', '45'),
('asnasdell3e', '136'),
('asnasdell3e', '172'),
('asnasdell3e', '225'),
('asnasdell3e', '241'),
('asnasdell3e', '377'),
('asnasdell3e', '381'),
('asnasdell3e', '423'),
('astelfoxx', '112'),
('astelfoxx', '130'),
('astelfoxx', '148'),
('astelfoxx', '162'),
('astelfoxx', '171'),
('astelfoxx', '311'),
('astelfoxx', '358'),
('astelfoxx', '432'),
('atassaker4j', '77'),
('atassaker4j', '138'),
('atassaker4j', '230'),
('atassaker4j', '325'),
('atassaker4j', '350'),
('atassaker4j', '356'),
('atassaker4j', '382'),
('atassaker4j', '386'),
('auppett11', '20'),
('auppett11', '22'),
('auppett11', '53'),
('auppett11', '294'),
('auppett11', '305'),
('auppett11', '360'),
('auppett11', '368'),
('auppett11', '415'),
('awilbors', '17'),
('awilbors', '36'),
('awilbors', '78'),
('awilbors', '228'),
('awilbors', '285'),
('awilbors', '307'),
('awilbors', '346'),
('awilbors', '417'),
('bandreazzi3s', '78'),
('bandreazzi3s', '316'),
('bandreazzi3s', '325'),
('bandreazzi3s', '349'),
('bandreazzi3s', '356'),
('bandreazzi3s', '394'),
('bandreazzi3s', '401'),
('bandreazzi3s', '410'),
('bbahike23', '16'),
('bbahike23', '44'),
('bbahike23', '63'),
('bbahike23', '158'),
('bbahike23', '192'),
('bbahike23', '210'),
('bbahike23', '242'),
('bbahike23', '389'),
('bbaxstair1d', '152'),
('bbaxstair1d', '168'),
('bbaxstair1d', '235'),
('bbaxstair1d', '285'),
('bbaxstair1d', '320'),
('bbaxstair1d', '380'),
('bbaxstair1d', '405'),
('bbaxstair1d', '426'),
('bbeminster5a', '43'),
('bbeminster5a', '77'),
('bbeminster5a', '174'),
('bbeminster5a', '185'),
('bbeminster5a', '201'),
('bbeminster5a', '243'),
('bbeminster5a', '246'),
('bbeminster5a', '313'),
('bfarbrotherq', '17'),
('bfarbrotherq', '42'),
('bfarbrotherq', '123'),
('bfarbrotherq', '158'),
('bfarbrotherq', '219'),
('bfarbrotherq', '344'),
('bfarbrotherq', '424'),
('bflury1j', '42'),
('bflury1j', '77'),
('bflury1j', '118'),
('bflury1j', '156'),
('bflury1j', '173'),
('bflury1j', '237'),
('bflury1j', '245'),
('bflury1j', '251'),
('bjurewicz4a', '60'),
('bjurewicz4a', '103'),
('bjurewicz4a', '154'),
('bjurewicz4a', '330'),
('bjurewicz4a', '348'),
('bjurewicz4a', '402'),
('bjurewicz4a', '404'),
('bjurewicz4a', '424'),
('bmaclaine3y', '73'),
('bmaclaine3y', '81'),
('bmaclaine3y', '101'),
('bmaclaine3y', '102'),
('bmaclaine3y', '159'),
('bmaclaine3y', '279'),
('bmaclaine3y', '327'),
('bmaclaine3y', '352'),
('bpolak2b', '75'),
('bpolak2b', '243'),
('bpolak2b', '287'),
('bpolak2b', '290'),
('bpolak2b', '322'),
('bpolak2b', '344'),
('bpolak2b', '419'),
('bprendiville1r', '28'),
('bprendiville1r', '93'),
('bprendiville1r', '161'),
('bprendiville1r', '226'),
('bprendiville1r', '232'),
('bprendiville1r', '246'),
('bprendiville1r', '299'),
('bprendiville1r', '433'),
('bruddlesden5o', '14'),
('bruddlesden5o', '32'),
('bruddlesden5o', '96'),
('bruddlesden5o', '221'),
('bruddlesden5o', '334'),
('bruddlesden5o', '368'),
('bruddlesden5o', '381'),
('bruddlesden5o', '393'),
('bswiffan3x', '32'),
('bswiffan3x', '60'),
('bswiffan3x', '120'),
('bswiffan3x', '146'),
('bswiffan3x', '167'),
('bswiffan3x', '175'),
('bswiffan3x', '232'),
('bswiffan3x', '434'),
('bturgoose18', '43'),
('bturgoose18', '91'),
('bturgoose18', '93'),
('bturgoose18', '134'),
('bturgoose18', '214'),
('bturgoose18', '221'),
('bturgoose18', '281'),
('bturgoose18', '356'),
('carundel3g', '127'),
('carundel3g', '186'),
('carundel3g', '191'),
('carundel3g', '228'),
('carundel3g', '263'),
('carundel3g', '300'),
('carundel3g', '377'),
('carundel3g', '395'),
('ccorpe14', '1'),
('ccorpe14', '67'),
('ccorpe14', '105'),
('ccorpe14', '207'),
('ccorpe14', '219'),
('ccorpe14', '283'),
('ccorpe14', '327'),
('ccorpe14', '345'),
('ccriple4t', '68'),
('ccriple4t', '74'),
('ccriple4t', '95'),
('ccriple4t', '117'),
('ccriple4t', '140'),
('ccriple4t', '290'),
('ccriple4t', '350'),
('ccriple4t', '401'),
('cetheringtonj', '31'),
('cetheringtonj', '45'),
('cetheringtonj', '58'),
('cetheringtonj', '63'),
('cetheringtonj', '117'),
('cetheringtonj', '119'),
('cetheringtonj', '179'),
('cetheringtonj', '411'),
('cgoforth17', '112'),
('cgoforth17', '159'),
('cgoforth17', '163'),
('cgoforth17', '182'),
('cgoforth17', '211'),
('cgoforth17', '313'),
('cgoforth17', '349'),
('cgoforth17', '396'),
('chaddleston1', '67'),
('chaddleston1', '122'),
('chaddleston1', '234'),
('chaddleston1', '273'),
('chaddleston1', '336'),
('chaddleston1', '344'),
('chaddleston1', '349'),
('chaddleston1', '438'),
('cheskey1t', '20'),
('cheskey1t', '145'),
('cheskey1t', '151'),
('cheskey1t', '164'),
('cheskey1t', '213'),
('cheskey1t', '280'),
('cheskey1t', '402'),
('cheskey1t', '424'),
('ckobiera1l', '39'),
('ckobiera1l', '82'),
('ckobiera1l', '142'),
('ckobiera1l', '239'),
('ckobiera1l', '283'),
('ckobiera1l', '335'),
('ckobiera1l', '396'),
('ckobiera1l', '400'),
('cmacgilpatrick3t', '122'),
('cmacgilpatrick3t', '146'),
('cmacgilpatrick3t', '158'),
('cmacgilpatrick3t', '173'),
('cmacgilpatrick3t', '179'),
('cmacgilpatrick3t', '204'),
('cmacgilpatrick3t', '395'),
('cpackington4c', '23'),
('cpackington4c', '41'),
('cpackington4c', '83'),
('cpackington4c', '96'),
('cpackington4c', '156'),
('cpackington4c', '212'),
('cpackington4c', '317'),
('cpackington4c', '358'),
('cpilley33', '31'),
('cpilley33', '39'),
('cpilley33', '49'),
('cpilley33', '51'),
('cpilley33', '206'),
('cpilley33', '273'),
('cpilley33', '282'),
('cpilley33', '374'),
('cpinck2s', '35'),
('cpinck2s', '109'),
('cpinck2s', '147'),
('cpinck2s', '171'),
('cpinck2s', '313'),
('cpinck2s', '341'),
('cpinck2s', '374'),
('cpinck2s', '378'),
('cschinetti4s', '97'),
('cschinetti4s', '99'),
('cschinetti4s', '114'),
('cschinetti4s', '201'),
('cschinetti4s', '280'),
('cschinetti4s', '366'),
('cschinetti4s', '377'),
('cschinetti4s', '384'),
('csillars54', '82'),
('csillars54', '135'),
('csillars54', '185'),
('csillars54', '206'),
('csillars54', '281'),
('csillars54', '343'),
('csillars54', '428'),
('csillars54', '429'),
('ctrump3o', '63'),
('ctrump3o', '134'),
('ctrump3o', '139'),
('ctrump3o', '173'),
('ctrump3o', '196'),
('ctrump3o', '210'),
('ctrump3o', '252'),
('ctrump3o', '437'),
('cwattingham4x', '18'),
('cwattingham4x', '24'),
('cwattingham4x', '34'),
('cwattingham4x', '42'),
('cwattingham4x', '55'),
('cwattingham4x', '225'),
('cwattingham4x', '314'),
('cwattingham4x', '428'),
('cwhysall34', '11'),
('cwhysall34', '30'),
('cwhysall34', '123'),
('cwhysall34', '187'),
('cwhysall34', '326'),
('cwhysall34', '382'),
('cwhysall34', '389'),
('cwhysall34', '429'),
('dbraunstein5m', '21'),
('dbraunstein5m', '117'),
('dbraunstein5m', '130'),
('dbraunstein5m', '131'),
('dbraunstein5m', '139'),
('dbraunstein5m', '267'),
('dbraunstein5m', '357'),
('dbraunstein5m', '413'),
('dczyz3a', '32'),
('dczyz3a', '81'),
('dczyz3a', '99'),
('dczyz3a', '105'),
('dczyz3a', '157'),
('dczyz3a', '235'),
('dczyz3a', '254'),
('dczyz3a', '259'),
('ddelacey27', '82'),
('ddelacey27', '83'),
('ddelacey27', '119'),
('ddelacey27', '146'),
('ddelacey27', '193'),
('ddelacey27', '287'),
('ddelacey27', '308'),
('ddelacey27', '368'),
('deatock4e', '9'),
('deatock4e', '28'),
('deatock4e', '95'),
('deatock4e', '105'),
('deatock4e', '137'),
('deatock4e', '224'),
('deatock4e', '294'),
('deatock4e', '406'),
('dfoxleyc', '112'),
('dfoxleyc', '192'),
('dfoxleyc', '285'),
('dfoxleyc', '301'),
('dfoxleyc', '365'),
('dfoxleyc', '377'),
('dfoxleyc', '379'),
('dfoxleyc', '399'),
('djendrys13', '21'),
('djendrys13', '52'),
('djendrys13', '190'),
('djendrys13', '191'),
('djendrys13', '235'),
('djendrys13', '269'),
('djendrys13', '309'),
('djendrys13', '408'),
('dkinzett4o', '91'),
('dkinzett4o', '124'),
('dkinzett4o', '229'),
('dkinzett4o', '277'),
('dkinzett4o', '293'),
('dkinzett4o', '316'),
('dkinzett4o', '383'),
('dkinzett4o', '431'),
('dlautie1y', '148'),
('dlautie1y', '164'),
('dlautie1y', '167'),
('dlautie1y', '178'),
('dlautie1y', '181'),
('dlautie1y', '310'),
('dlautie1y', '327'),
('dlautie1y', '403'),
('dlegricek', '29'),
('dlegricek', '66'),
('dlegricek', '70'),
('dlegricek', '108'),
('dlegricek', '121'),
('dlegricek', '251'),
('dlegricek', '275'),
('dlegricek', '336'),
('dmitchleyh', '59'),
('dmitchleyh', '121'),
('dmitchleyh', '144'),
('dmitchleyh', '235'),
('dmitchleyh', '267'),
('dmitchleyh', '291'),
('dmitchleyh', '314'),
('dmitchleyh', '436'),
('dponder4f', '66'),
('dponder4f', '197'),
('dponder4f', '206'),
('dponder4f', '251'),
('dponder4f', '255'),
('dponder4f', '304'),
('dponder4f', '345'),
('dponder4f', '429'),
('drogister2w', '74'),
('drogister2w', '114'),
('drogister2w', '202'),
('drogister2w', '240'),
('drogister2w', '246'),
('drogister2w', '270'),
('drogister2w', '282'),
('drogister2w', '404'),
('dspick3b', '14'),
('dspick3b', '55'),
('dspick3b', '71'),
('dspick3b', '235'),
('dspick3b', '246'),
('dspick3b', '250'),
('dspick3b', '287'),
('dspick3b', '347'),
('dstoyell5h', '61'),
('dstoyell5h', '100'),
('dstoyell5h', '235'),
('dstoyell5h', '283'),
('dstoyell5h', '308'),
('dstoyell5h', '351'),
('dstoyell5h', '355'),
('dstoyell5h', '404'),
('dyuryev3c', '99'),
('dyuryev3c', '103'),
('dyuryev3c', '173'),
('dyuryev3c', '183'),
('dyuryev3c', '208'),
('dyuryev3c', '251'),
('dyuryev3c', '268'),
('dyuryev3c', '325'),
('eadamides2d', '9'),
('eadamides2d', '13'),
('eadamides2d', '49'),
('eadamides2d', '79'),
('eadamides2d', '286'),
('eadamides2d', '339'),
('eadamides2d', '356'),
('eadamides2d', '392'),
('eaitken1k', '14'),
('eaitken1k', '15'),
('eaitken1k', '19'),
('eaitken1k', '26'),
('eaitken1k', '72'),
('eaitken1k', '241'),
('eaitken1k', '374'),
('eaitken1k', '415'),
('ebatterson10', '52'),
('ebatterson10', '60'),
('ebatterson10', '101'),
('ebatterson10', '147'),
('ebatterson10', '252'),
('ebatterson10', '374'),
('ebatterson10', '390'),
('ebatterson10', '424'),
('econibear2', '43'),
('econibear2', '46'),
('econibear2', '219'),
('econibear2', '289'),
('econibear2', '314'),
('econibear2', '346'),
('econibear2', '365'),
('econibear2', '373'),
('ehorbath3k', '5'),
('ehorbath3k', '39'),
('ehorbath3k', '132'),
('ehorbath3k', '137'),
('ehorbath3k', '253'),
('ehorbath3k', '273'),
('ehorbath3k', '378'),
('ehorbath3k', '388'),
('ehugill55', '41'),
('ehugill55', '64'),
('ehugill55', '81'),
('ehugill55', '89'),
('ehugill55', '92'),
('ehugill55', '115'),
('ehugill55', '197'),
('ehugill55', '424'),
('ekimmitt5c', '92'),
('ekimmitt5c', '121'),
('ekimmitt5c', '142'),
('ekimmitt5c', '147'),
('ekimmitt5c', '201'),
('ekimmitt5c', '248'),
('ekimmitt5c', '284'),
('ekimmitt5c', '416'),
('epeddie5', '48'),
('epeddie5', '95'),
('epeddie5', '101'),
('epeddie5', '150'),
('epeddie5', '231'),
('epeddie5', '340'),
('epeddie5', '362'),
('epeddie5', '385'),
('erosbotham1m', '15'),
('erosbotham1m', '25'),
('erosbotham1m', '31'),
('erosbotham1m', '171'),
('erosbotham1m', '243'),
('erosbotham1m', '290'),
('erosbotham1m', '297'),
('erosbotham1m', '326'),
('eswane3i', '22'),
('eswane3i', '134'),
('eswane3i', '146'),
('eswane3i', '236'),
('eswane3i', '263'),
('eswane3i', '275'),
('eswane3i', '351'),
('eswane3i', '433'),
('flepick15', '43'),
('flepick15', '65'),
('flepick15', '82'),
('flepick15', '88'),
('flepick15', '248'),
('flepick15', '282'),
('flepick15', '329'),
('flepick15', '382'),
('fstachini3j', '135'),
('fstachini3j', '280'),
('fstachini3j', '317'),
('fstachini3j', '340'),
('fstachini3j', '365'),
('fstachini3j', '389'),
('fstachini3j', '390'),
('fstachini3j', '418'),
('fstephens50', '35'),
('fstephens50', '102'),
('fstephens50', '186'),
('fstephens50', '251'),
('fstephens50', '278'),
('fstephens50', '334'),
('fstephens50', '422'),
('fstephens50', '438'),
('ggentric4b', '34'),
('ggentric4b', '52'),
('ggentric4b', '119'),
('ggentric4b', '174'),
('ggentric4b', '207'),
('ggentric4b', '220'),
('ggentric4b', '339'),
('gheeks45', '33'),
('gheeks45', '46'),
('gheeks45', '66'),
('gheeks45', '117'),
('gheeks45', '205'),
('gheeks45', '357'),
('gheeks45', '417'),
('gkaesmans9', '43'),
('gkaesmans9', '132'),
('gkaesmans9', '151'),
('gkaesmans9', '359'),
('gkaesmans9', '372'),
('gkaesmans9', '392'),
('gkaesmans9', '398'),
('gkaesmans9', '438'),
('gkreutzer5l', '32'),
('gkreutzer5l', '79'),
('gkreutzer5l', '131'),
('gkreutzer5l', '203'),
('gkreutzer5l', '212'),
('gkreutzer5l', '265'),
('gkreutzer5l', '293'),
('gkreutzer5l', '326'),
('glantoph3w', '99'),
('glantoph3w', '125'),
('glantoph3w', '127'),
('glantoph3w', '233'),
('glantoph3w', '248'),
('glantoph3w', '325'),
('glantoph3w', '387'),
('gnode1a', '29'),
('gnode1a', '114'),
('gnode1a', '142'),
('gnode1a', '183'),
('gnode1a', '205'),
('gnode1a', '395'),
('gnode1a', '405'),
('gnode1a', '417'),
('grubenov4w', '42'),
('grubenov4w', '119'),
('grubenov4w', '211'),
('grubenov4w', '218'),
('grubenov4w', '223'),
('grubenov4w', '268'),
('grubenov4w', '338'),
('grubenov4w', '369'),
('gtorald24', '18'),
('gtorald24', '55'),
('gtorald24', '96'),
('gtorald24', '144'),
('gtorald24', '148'),
('gtorald24', '216'),
('gtorald24', '261'),
('gtorald24', '364'),
('hcasine8', '192'),
('hcasine8', '197'),
('hcasine8', '215'),
('hcasine8', '338'),
('hcasine8', '358'),
('hcasine8', '366'),
('hcasine8', '405'),
('hcasine8', '432'),
('hfreemantle2y', '86'),
('hfreemantle2y', '149'),
('hfreemantle2y', '197'),
('hfreemantle2y', '237'),
('hfreemantle2y', '241'),
('hfreemantle2y', '265'),
('hfreemantle2y', '310'),
('hfreemantle2y', '354'),
('hmccague4p', '3'),
('hmccague4p', '40'),
('hmccague4p', '50'),
('hmccague4p', '219'),
('hmccague4p', '239'),
('hmccague4p', '283'),
('hmccague4p', '320'),
('hmccague4p', '374'),
('hmyricka', '51'),
('hmyricka', '95'),
('hmyricka', '151'),
('hmyricka', '166'),
('hmyricka', '197'),
('hmyricka', '294'),
('hmyricka', '357'),
('hmyricka', '430'),
('hravenshaw4d', '46'),
('hravenshaw4d', '111'),
('hravenshaw4d', '120'),
('hravenshaw4d', '157'),
('hravenshaw4d', '231'),
('hravenshaw4d', '321'),
('hravenshaw4d', '399'),
('hravenshaw4d', '405'),
('hschoroder2v', '6'),
('hschoroder2v', '93'),
('hschoroder2v', '208'),
('hschoroder2v', '221'),
('hschoroder2v', '270'),
('hschoroder2v', '291'),
('hschoroder2v', '326'),
('hschoroder2v', '339'),
('hwindress26', '46'),
('hwindress26', '60'),
('hwindress26', '114'),
('hwindress26', '243'),
('hwindress26', '259'),
('hwindress26', '363'),
('hwindress26', '379'),
('hwindress26', '427'),
('ibeebis31', '207'),
('ibeebis31', '242'),
('ibeebis31', '270'),
('ibeebis31', '295'),
('ibeebis31', '311'),
('ibeebis31', '336'),
('ibeebis31', '364'),
('ibeebis31', '410'),
('iborland5n', '58'),
('iborland5n', '79'),
('iborland5n', '189'),
('iborland5n', '198'),
('iborland5n', '201'),
('iborland5n', '265'),
('iborland5n', '268'),
('iborland5n', '372'),
('ibrabonf', '3'),
('ibrabonf', '210'),
('ibrabonf', '221'),
('ibrabonf', '259'),
('ibrabonf', '270'),
('ibrabonf', '286'),
('ibrabonf', '288'),
('ibrabonf', '319'),
('isamweyes56', '172'),
('isamweyes56', '174'),
('isamweyes56', '177'),
('isamweyes56', '299'),
('isamweyes56', '305'),
('isamweyes56', '349'),
('isamweyes56', '376'),
('isamweyes56', '427'),
('iswetmorei', '165'),
('iswetmorei', '200'),
('iswetmorei', '203'),
('iswetmorei', '216'),
('iswetmorei', '271'),
('iswetmorei', '300'),
('iswetmorei', '369'),
('iswetmorei', '407'),
('jbugden41', '5'),
('jbugden41', '77'),
('jbugden41', '124'),
('jbugden41', '146'),
('jbugden41', '248'),
('jbugden41', '275'),
('jbugden41', '365'),
('jbugden41', '372'),
('jeastwood3v', '16'),
('jeastwood3v', '114'),
('jeastwood3v', '167'),
('jeastwood3v', '209'),
('jeastwood3v', '238'),
('jeastwood3v', '239'),
('jeastwood3v', '333'),
('jeastwood3v', '399'),
('jgianasi2t', '46'),
('jgianasi2t', '109'),
('jgianasi2t', '136'),
('jgianasi2t', '168'),
('jgianasi2t', '222'),
('jgianasi2t', '229'),
('jgianasi2t', '249'),
('jgianasi2t', '286'),
('jguyonnet2u', '5'),
('jguyonnet2u', '62'),
('jguyonnet2u', '124'),
('jguyonnet2u', '188'),
('jguyonnet2u', '249'),
('jguyonnet2u', '294'),
('jguyonnet2u', '304'),
('jguyonnet2u', '308'),
('jivanichev4v', '64'),
('jivanichev4v', '114'),
('jivanichev4v', '244'),
('jivanichev4v', '257'),
('jivanichev4v', '352'),
('jivanichev4v', '355'),
('jivanichev4v', '394'),
('jivanichev4v', '413'),
('jkey4h', '29'),
('jkey4h', '77'),
('jkey4h', '93'),
('jkey4h', '206'),
('jkey4h', '252'),
('jkey4h', '378'),
('jkey4h', '384'),
('jkey4h', '406'),
('jolooney2r', '41'),
('jolooney2r', '66'),
('jolooney2r', '126'),
('jolooney2r', '139'),
('jolooney2r', '170'),
('jolooney2r', '376'),
('jolooney2r', '428'),
('jolooney2r', '432'),
('jpenmanu', '143'),
('jpenmanu', '168'),
('jpenmanu', '230'),
('jpenmanu', '255'),
('jpenmanu', '260'),
('jpenmanu', '275'),
('jpenmanu', '315'),
('jpenmanu', '396'),
('jridgeway25', '62'),
('jridgeway25', '101'),
('jridgeway25', '106'),
('jridgeway25', '196'),
('jridgeway25', '226'),
('jridgeway25', '309'),
('jridgeway25', '333'),
('jridgeway25', '359'),
('jsackes3z', '36'),
('jsackes3z', '78'),
('jsackes3z', '112'),
('jsackes3z', '153'),
('jsackes3z', '156'),
('jsackes3z', '342'),
('jsackes3z', '425'),
('jsirmon4z', '11'),
('jsirmon4z', '102'),
('jsirmon4z', '105'),
('jsirmon4z', '244'),
('jsirmon4z', '254'),
('jsirmon4z', '314'),
('jsirmon4z', '355'),
('jsirmon4z', '436'),
('jsummerly2c', '68'),
('jsummerly2c', '103'),
('jsummerly2c', '126'),
('jsummerly2c', '188'),
('jsummerly2c', '203'),
('jsummerly2c', '306'),
('jsummerly2c', '321'),
('jsummerly2c', '426'),
('kauldsz', '61'),
('kauldsz', '92'),
('kauldsz', '135'),
('kauldsz', '296'),
('kauldsz', '365'),
('kauldsz', '369'),
('kauldsz', '374'),
('kauldsz', '397'),
('kbramham37', '16'),
('kbramham37', '115'),
('kbramham37', '152'),
('kbramham37', '242'),
('kbramham37', '286'),
('kbramham37', '324'),
('kbramham37', '328'),
('kbramham37', '392'),
('kdancey5g', '145'),
('kdancey5g', '183'),
('kdancey5g', '228'),
('kdancey5g', '231'),
('kdancey5g', '238'),
('kdancey5g', '337'),
('kdancey5g', '398'),
('kdancey5g', '433'),
('kdegliabbati5f', '95'),
('kdegliabbati5f', '109'),
('kdegliabbati5f', '266'),
('kdegliabbati5f', '343'),
('kdegliabbati5f', '368'),
('kdegliabbati5f', '378'),
('kdegliabbati5f', '409'),
('kdegliabbati5f', '432'),
('kedel4k', '2'),
('kedel4k', '103'),
('kedel4k', '190'),
('kedel4k', '260'),
('kedel4k', '263'),
('kedel4k', '355'),
('kedel4k', '386'),
('kedel4k', '425'),
('kfeld58', '9'),
('kfeld58', '207'),
('kfeld58', '212'),
('kfeld58', '258'),
('kfeld58', '302'),
('kfeld58', '374'),
('kfeld58', '425'),
('kfeld58', '437'),
('kfideler30', '85'),
('kfideler30', '157'),
('kfideler30', '168'),
('kfideler30', '228'),
('kfideler30', '347'),
('kfideler30', '349'),
('kfideler30', '403'),
('kfideler30', '423'),
('klutmanp', '36'),
('klutmanp', '125'),
('klutmanp', '135'),
('klutmanp', '159'),
('klutmanp', '176'),
('klutmanp', '230'),
('klutmanp', '304'),
('klutmanp', '380'),
('kmainwaringm', '17'),
('kmainwaringm', '65'),
('kmainwaringm', '80'),
('kmainwaringm', '98'),
('kmainwaringm', '259'),
('kmainwaringm', '329'),
('kmainwaringm', '382'),
('kmainwaringm', '387'),
('kmcardle4g', '77'),
('kmcardle4g', '126'),
('kmcardle4g', '163'),
('kmcardle4g', '243'),
('kmcardle4g', '246'),
('kmcardle4g', '309'),
('kmcardle4g', '312'),
('kmcardle4g', '399'),
('krenackownaw', '32'),
('krenackownaw', '131'),
('krenackownaw', '134'),
('krenackownaw', '153'),
('krenackownaw', '179'),
('krenackownaw', '270'),
('krenackownaw', '369'),
('krenackownaw', '405'),
('krodman3l', '24'),
('krodman3l', '72'),
('krodman3l', '143'),
('krodman3l', '151'),
('krodman3l', '163'),
('krodman3l', '251'),
('krodman3l', '304'),
('krodman3l', '313'),
('ksemon3r', '66'),
('ksemon3r', '70'),
('ksemon3r', '101'),
('ksemon3r', '106'),
('ksemon3r', '152'),
('ksemon3r', '170'),
('ksemon3r', '252'),
('ksemon3r', '427'),
('kwhyard1g', '110'),
('kwhyard1g', '186'),
('kwhyard1g', '245'),
('kwhyard1g', '274'),
('kwhyard1g', '373'),
('kwhyard1g', '379'),
('kwhyard1g', '429'),
('kwhyard1g', '432'),
('lbeany16', '87'),
('lbeany16', '91'),
('lbeany16', '205'),
('lbeany16', '219'),
('lbeany16', '296'),
('lbeany16', '344'),
('lbeany16', '410'),
('lbeany16', '411'),
('lclaffey3p', '149'),
('lclaffey3p', '171'),
('lclaffey3p', '190'),
('lclaffey3p', '230'),
('lclaffey3p', '235'),
('lclaffey3p', '250'),
('lclaffey3p', '364'),
('lclaffey3p', '374'),
('lnoble46', '112'),
('lnoble46', '132'),
('lnoble46', '157'),
('lnoble46', '161'),
('lnoble46', '245'),
('lnoble46', '274'),
('lnoble46', '369'),
('lnoble46', '435'),
('lpreshous39', '246'),
('lpreshous39', '283'),
('lpreshous39', '297'),
('lpreshous39', '301'),
('lpreshous39', '310'),
('lpreshous39', '337'),
('lpreshous39', '378'),
('lpreshous39', '432'),
('lstollmeyer49', '61'),
('lstollmeyer49', '126'),
('lstollmeyer49', '260'),
('lstollmeyer49', '279'),
('lstollmeyer49', '313'),
('lstollmeyer49', '351'),
('lstollmeyer49', '393'),
('lstollmeyer49', '433'),
('marmatidge5e', '21'),
('marmatidge5e', '57'),
('marmatidge5e', '148'),
('marmatidge5e', '280'),
('marmatidge5e', '300'),
('marmatidge5e', '314'),
('marmatidge5e', '351'),
('marmatidge5e', '395'),
('maujean2e', '24'),
('maujean2e', '65'),
('maujean2e', '99'),
('maujean2e', '153'),
('maujean2e', '217'),
('maujean2e', '380'),
('maujean2e', '394'),
('maujean2e', '400'),
('mcrispe1v', '29'),
('mcrispe1v', '41'),
('mcrispe1v', '93'),
('mcrispe1v', '100'),
('mcrispe1v', '131'),
('mcrispe1v', '139'),
('mcrispe1v', '407'),
('mcrispe1v', '417'),
('mescot19', '32'),
('mescot19', '128'),
('mescot19', '152'),
('mescot19', '170'),
('mescot19', '213'),
('mescot19', '245'),
('mescot19', '293'),
('mescot19', '332'),
('mfaires4u', '9'),
('mfaires4u', '52'),
('mfaires4u', '62'),
('mfaires4u', '155'),
('mfaires4u', '205'),
('mfaires4u', '296'),
('mfaires4u', '396'),
('mfaires4u', '434'),
('mfulcher1s', '15'),
('mfulcher1s', '37'),
('mfulcher1s', '95'),
('mfulcher1s', '196'),
('mfulcher1s', '227'),
('mfulcher1s', '356'),
('mfulcher1s', '393'),
('mfulcher1s', '428'),
('mfurminger2o', '28'),
('mfurminger2o', '50'),
('mfurminger2o', '107'),
('mfurminger2o', '279'),
('mfurminger2o', '294'),
('mfurminger2o', '396'),
('mfurminger2o', '404'),
('mfurminger2o', '432'),
('mhabeshaw29', '24'),
('mhabeshaw29', '34'),
('mhabeshaw29', '102'),
('mhabeshaw29', '211'),
('mhabeshaw29', '263'),
('mhabeshaw29', '287'),
('mhabeshaw29', '299'),
('mhabeshaw29', '358'),
('mhunnaball1f', '20'),
('mhunnaball1f', '276'),
('mhunnaball1f', '311'),
('mhunnaball1f', '312'),
('mhunnaball1f', '352'),
('mhunnaball1f', '358'),
('mhunnaball1f', '368'),
('mhunnaball1f', '392'),
('mjolly2i', '34'),
('mjolly2i', '64'),
('mjolly2i', '157'),
('mjolly2i', '171'),
('mjolly2i', '216'),
('mjolly2i', '219'),
('mjolly2i', '264'),
('mjolly2i', '309'),
('mjorioz2j', '45'),
('mjorioz2j', '88'),
('mjorioz2j', '96'),
('mjorioz2j', '166'),
('mjorioz2j', '225'),
('mjorioz2j', '229'),
('mjorioz2j', '283'),
('mjorioz2j', '295'),
('mkeir5i', '95'),
('mkeir5i', '100'),
('mkeir5i', '246'),
('mkeir5i', '252'),
('mkeir5i', '262'),
('mkeir5i', '263'),
('mkeir5i', '269'),
('mkeir5i', '393'),
('mketteman1b', '34'),
('mketteman1b', '62'),
('mketteman1b', '88'),
('mketteman1b', '123'),
('mketteman1b', '288'),
('mketteman1b', '303'),
('mketteman1b', '363'),
('mketteman1b', '432'),
('mkynnd2q', '60'),
('mkynnd2q', '132'),
('mkynnd2q', '178'),
('mkynnd2q', '241'),
('mkynnd2q', '276'),
('mkynnd2q', '340'),
('mkynnd2q', '347'),
('mkynnd2q', '416'),
('mmcilroy5p', '13'),
('mmcilroy5p', '62'),
('mmcilroy5p', '79'),
('mmcilroy5p', '91'),
('mmcilroy5p', '126'),
('mmcilroy5p', '202'),
('mmcilroy5p', '398'),
('mmcilroy5p', '437'),
('mmuck57', '76'),
('mmuck57', '108'),
('mmuck57', '109'),
('mmuck57', '250'),
('mmuck57', '266'),
('mmuck57', '363'),
('mmuck57', '403'),
('molooney2p', '54'),
('molooney2p', '65'),
('molooney2p', '74'),
('molooney2p', '89'),
('molooney2p', '102'),
('molooney2p', '168'),
('molooney2p', '278'),
('molooney2p', '360'),
('mraggv', '98'),
('mraggv', '102'),
('mraggv', '135'),
('mraggv', '274'),
('mraggv', '409'),
('mraggv', '410'),
('mraggv', '413'),
('mraggv', '434'),
('mranscomb4', '86'),
('mranscomb4', '117'),
('mranscomb4', '275'),
('mranscomb4', '309'),
('mranscomb4', '319'),
('mranscomb4', '349'),
('mranscomb4', '365'),
('mranscomb4', '401'),
('msings4r', '51'),
('msings4r', '89'),
('msings4r', '205'),
('msings4r', '219'),
('msings4r', '227'),
('msings4r', '231'),
('msings4r', '276'),
('msings4r', '335'),
('mtenniswood12', '39'),
('mtenniswood12', '92'),
('mtenniswood12', '168'),
('mtenniswood12', '174'),
('mtenniswood12', '238'),
('mtenniswood12', '370'),
('mtenniswood12', '373'),
('mtenniswood12', '421'),
('mvarah1w', '20'),
('mvarah1w', '43'),
('mvarah1w', '53'),
('mvarah1w', '59'),
('mvarah1w', '254'),
('mvarah1w', '394'),
('mvarah1w', '423'),
('mvarah1w', '430'),
('nabethell22', '75'),
('nabethell22', '76'),
('nabethell22', '101'),
('nabethell22', '105'),
('nabethell22', '163'),
('nabethell22', '249'),
('nabethell22', '292'),
('nabethell22', '423'),
('nadamovitchb', '53'),
('nadamovitchb', '92'),
('nadamovitchb', '179'),
('nadamovitchb', '214'),
('nadamovitchb', '321'),
('nadamovitchb', '345'),
('nadamovitchb', '383'),
('nadamovitchb', '419'),
('nderrick1p', '39'),
('nderrick1p', '43'),
('nderrick1p', '105'),
('nderrick1p', '264'),
('nderrick1p', '274'),
('nderrick1p', '314'),
('nderrick1p', '318'),
('nderrick1p', '374'),
('ndevillier38', '154'),
('ndevillier38', '162'),
('ndevillier38', '184'),
('ndevillier38', '197'),
('ndevillier38', '317'),
('ndevillier38', '339'),
('ndevillier38', '396'),
('ndevillier38', '413'),
('neakin1q', '46'),
('neakin1q', '51'),
('neakin1q', '309'),
('neakin1q', '322'),
('neakin1q', '352'),
('neakin1q', '404'),
('neakin1q', '405'),
('neakin1q', '409'),
('nfarman1e', '71'),
('nfarman1e', '99'),
('nfarman1e', '142'),
('nfarman1e', '211'),
('nfarman1e', '231'),
('nfarman1e', '294'),
('nfarman1e', '308'),
('nfarman1e', '432'),
('nswinfon43', '28'),
('nswinfon43', '65'),
('nswinfon43', '85'),
('nswinfon43', '96'),
('nswinfon43', '124'),
('nswinfon43', '191'),
('nswinfon43', '239'),
('nswinfon43', '378'),
('ohadlow28', '15'),
('ohadlow28', '35'),
('ohadlow28', '96'),
('ohadlow28', '126'),
('ohadlow28', '131'),
('ohadlow28', '132'),
('ohadlow28', '370'),
('ohadlow28', '434'),
('oprofitl', '59'),
('oprofitl', '127'),
('oprofitl', '143'),
('oprofitl', '177'),
('oprofitl', '293'),
('oprofitl', '367'),
('oprofitl', '370'),
('oprofitl', '392'),
('pbachellier2x', '94'),
('pbachellier2x', '167'),
('pbachellier2x', '258'),
('pbachellier2x', '293'),
('pbachellier2x', '295'),
('pbachellier2x', '337'),
('pbachellier2x', '406'),
('pbachellier2x', '411'),
('pbauded', '195'),
('pbauded', '204'),
('pbauded', '233'),
('pbauded', '285'),
('pbauded', '286'),
('pbauded', '358'),
('pbauded', '410'),
('pbauded', '418'),
('pgilhouley3m', '9'),
('pgilhouley3m', '32'),
('pgilhouley3m', '41'),
('pgilhouley3m', '85'),
('pgilhouley3m', '96'),
('pgilhouley3m', '148'),
('pgilhouley3m', '201'),
('pgilhouley3m', '243'),
('phockey4y', '39'),
('phockey4y', '69'),
('phockey4y', '157'),
('phockey4y', '183'),
('phockey4y', '280'),
('phockey4y', '327'),
('phockey4y', '378'),
('phockey4y', '425'),
('plambourne1x', '7'),
('plambourne1x', '65'),
('plambourne1x', '123'),
('plambourne1x', '288'),
('plambourne1x', '301'),
('plambourne1x', '332'),
('plambourne1x', '356'),
('plambourne1x', '437'),
('pwarnese', '16'),
('pwarnese', '31'),
('pwarnese', '153'),
('pwarnese', '273'),
('pwarnese', '354'),
('pwarnese', '363'),
('pwarnese', '364'),
('pwarnese', '422'),
('qbasill2f', '78'),
('qbasill2f', '114'),
('qbasill2f', '170'),
('qbasill2f', '276'),
('qbasill2f', '283'),
('qbasill2f', '322'),
('qbasill2f', '342'),
('rblancowe3', '17'),
('rblancowe3', '21'),
('rblancowe3', '58'),
('rblancowe3', '221'),
('rblancowe3', '246'),
('rblancowe3', '271'),
('rblancowe3', '316'),
('rblancowe3', '326'),
('rdefries3d', '145'),
('rdefries3d', '167'),
('rdefries3d', '177'),
('rdefries3d', '245'),
('rdefries3d', '255'),
('rdefries3d', '294'),
('rdefries3d', '358'),
('rdefries3d', '393'),
('rdowers48', '43'),
('rdowers48', '71'),
('rdowers48', '126'),
('rdowers48', '154'),
('rdowers48', '216'),
('rdowers48', '318'),
('rdowers48', '344'),
('remes3h', '43'),
('remes3h', '72'),
('remes3h', '86'),
('remes3h', '93'),
('remes3h', '149'),
('remes3h', '166'),
('remes3h', '325'),
('remes3h', '418'),
('rgartrell1z', '2'),
('rgartrell1z', '91'),
('rgartrell1z', '171'),
('rgartrell1z', '293'),
('rgartrell1z', '324'),
('rgartrell1z', '325'),
('rgartrell1z', '352'),
('rgartrell1z', '427'),
('rjoan59', '98'),
('rjoan59', '113'),
('rjoan59', '150'),
('rjoan59', '240'),
('rjoan59', '285'),
('rjoan59', '336'),
('rjoan59', '342'),
('rjoan59', '428'),
('rlebarr51', '51'),
('rlebarr51', '72'),
('rlebarr51', '87'),
('rlebarr51', '98'),
('rlebarr51', '108'),
('rlebarr51', '132'),
('rlebarr51', '149'),
('rlebarr51', '321'),
('rluebbert21', '72'),
('rluebbert21', '235'),
('rluebbert21', '266'),
('rluebbert21', '357'),
('rluebbert21', '395'),
('rluebbert21', '405'),
('rluebbert21', '411'),
('rluebbert21', '429'),
('rrosin', '15'),
('rrosin', '83'),
('rrosin', '102'),
('rrosin', '182'),
('rrosin', '344'),
('rrosin', '385'),
('rrosin', '407'),
('rrosin', '412'),
('rsparrow1n', '62'),
('rsparrow1n', '71'),
('rsparrow1n', '156'),
('rsparrow1n', '168'),
('rsparrow1n', '236'),
('rsparrow1n', '255'),
('rsparrow1n', '356'),
('rsparrow1n', '368'),
('sbartosch2k', '69'),
('sbartosch2k', '97'),
('sbartosch2k', '107'),
('sbartosch2k', '120'),
('sbartosch2k', '154'),
('sbartosch2k', '315'),
('sbartosch2k', '347'),
('sbartosch2k', '369'),
('sbergeon2n', '65'),
('sbergeon2n', '129'),
('sbergeon2n', '234'),
('sbergeon2n', '236'),
('sbergeon2n', '258'),
('sbergeon2n', '281'),
('sbergeon2n', '332'),
('sbergeon2n', '414'),
('sbrandham2a', '25'),
('sbrandham2a', '29'),
('sbrandham2a', '99'),
('sbrandham2a', '234'),
('sbrandham2a', '254'),
('sbrandham2a', '330'),
('sbrandham2a', '341'),
('sbrandham2a', '415'),
('scabotto3f', '77'),
('scabotto3f', '82'),
('scabotto3f', '110'),
('scabotto3f', '122'),
('scabotto3f', '216'),
('scabotto3f', '244'),
('scabotto3f', '363'),
('scroci35', '76'),
('scroci35', '95'),
('scroci35', '98'),
('scroci35', '129'),
('scroci35', '279'),
('scroci35', '307'),
('scroci35', '330'),
('scroci35', '419'),
('sfulton4i', '73'),
('sfulton4i', '276'),
('sfulton4i', '336'),
('sfulton4i', '340'),
('sfulton4i', '343'),
('sfulton4i', '403'),
('sfulton4i', '420'),
('sfulton4i', '429'),
('shargie1i', '63'),
('shargie1i', '70'),
('shargie1i', '163'),
('shargie1i', '219'),
('shargie1i', '282'),
('shargie1i', '296'),
('shargie1i', '315'),
('shargie1i', '423'),
('skopje1c', '37'),
('skopje1c', '41'),
('skopje1c', '268'),
('skopje1c', '305'),
('skopje1c', '354'),
('skopje1c', '375'),
('skopje1c', '424'),
('skopje1c', '426'),
('smaleck5d', '54'),
('smaleck5d', '57'),
('smaleck5d', '136'),
('smaleck5d', '164'),
('smaleck5d', '318'),
('smaleck5d', '347'),
('smaleck5d', '388'),
('smaleck5d', '417'),
('smcbay4m', '35'),
('smcbay4m', '48'),
('smcbay4m', '135'),
('smcbay4m', '268'),
('smcbay4m', '288'),
('smcbay4m', '338'),
('smcbay4m', '415'),
('smcbay4m', '430'),
('sofielly2g', '76'),
('sofielly2g', '186'),
('sofielly2g', '190'),
('sofielly2g', '208'),
('sofielly2g', '218'),
('sofielly2g', '256'),
('sofielly2g', '383'),
('sofielly2g', '431'),
('sscamal2m', '12'),
('sscamal2m', '87'),
('sscamal2m', '119'),
('sscamal2m', '145'),
('sscamal2m', '209'),
('sscamal2m', '264'),
('sscamal2m', '281'),
('sscamal2m', '400'),
('sseefeldt47', '52'),
('sseefeldt47', '123'),
('sseefeldt47', '136'),
('sseefeldt47', '253'),
('sseefeldt47', '306'),
('sseefeldt47', '367'),
('sseefeldt47', '396'),
('sseefeldt47', '431'),
('stesto3n', '17'),
('stesto3n', '66'),
('stesto3n', '125'),
('stesto3n', '230'),
('stesto3n', '355'),
('stesto3n', '369'),
('stesto3n', '400'),
('stesto3n', '423'),
('svonderdellt', '43'),
('svonderdellt', '118'),
('svonderdellt', '221'),
('svonderdellt', '241'),
('svonderdellt', '255'),
('svonderdellt', '330'),
('svonderdellt', '406'),
('svonderdellt', '420'),
('tfeehan4n', '44'),
('tfeehan4n', '47'),
('tfeehan4n', '77'),
('tfeehan4n', '276'),
('tfeehan4n', '286'),
('tfeehan4n', '353'),
('tfeehan4n', '380'),
('tfeehan4n', '414'),
('tmessenger3q', '7'),
('tmessenger3q', '22'),
('tmessenger3q', '63'),
('tmessenger3q', '81'),
('tmessenger3q', '115'),
('tmessenger3q', '405'),
('tmessenger3q', '419'),
('tmessenger3q', '434'),
('tollie52', '5'),
('tollie52', '115'),
('tollie52', '183'),
('tollie52', '254'),
('tollie52', '259'),
('tollie52', '279'),
('tollie52', '292'),
('tollie52', '417'),
('tpendergrasto', '24'),
('tpendergrasto', '28'),
('tpendergrasto', '31'),
('tpendergrasto', '68'),
('tpendergrasto', '69'),
('tpendergrasto', '278'),
('tpendergrasto', '306'),
('tpendergrasto', '309'),
('tpython36', '25'),
('tpython36', '157'),
('tpython36', '207'),
('tpython36', '279'),
('tpython36', '388'),
('tpython36', '391'),
('tpython36', '393'),
('tramsbottom5b', '12'),
('tramsbottom5b', '28'),
('tramsbottom5b', '30'),
('tramsbottom5b', '166'),
('tramsbottom5b', '204'),
('tramsbottom5b', '230'),
('tramsbottom5b', '295'),
('tramsbottom5b', '387'),
('tscreach32', '4'),
('tscreach32', '62'),
('tscreach32', '152'),
('tscreach32', '232'),
('tscreach32', '288'),
('tscreach32', '303'),
('tscreach32', '344'),
('tscreach32', '382'),
('tsheringham5k', '38'),
('tsheringham5k', '75'),
('tsheringham5k', '91'),
('tsheringham5k', '107'),
('tsheringham5k', '138'),
('tsheringham5k', '139'),
('tsheringham5k', '160'),
('tsheringham5k', '235'),
('twhitechurch2h', '110'),
('twhitechurch2h', '175'),
('twhitechurch2h', '185'),
('twhitechurch2h', '242'),
('twhitechurch2h', '283'),
('twhitechurch2h', '354'),
('twhitechurch2h', '418'),
('twhitechurch2h', '429'),
('uleatherland5j', '39'),
('uleatherland5j', '151'),
('uleatherland5j', '166'),
('uleatherland5j', '208'),
('uleatherland5j', '212'),
('uleatherland5j', '249'),
('uleatherland5j', '279'),
('uleatherland5j', '295'),
('vconstantinou5r', '18'),
('vconstantinou5r', '34'),
('vconstantinou5r', '40'),
('vconstantinou5r', '64'),
('vconstantinou5r', '147'),
('vconstantinou5r', '185'),
('vconstantinou5r', '216'),
('vconstantinou5r', '351'),
('vissacov3u', '50'),
('vissacov3u', '97'),
('vissacov3u', '145'),
('vissacov3u', '251'),
('vissacov3u', '286'),
('vissacov3u', '352'),
('vissacov3u', '417'),
('vissacov3u', '423'),
('vrichfieldy', '34'),
('vrichfieldy', '157'),
('vrichfieldy', '162'),
('vrichfieldy', '268'),
('vrichfieldy', '291'),
('vrichfieldy', '344'),
('vrichfieldy', '349'),
('vrichfieldy', '361'),
('vsmillieg', '78'),
('vsmillieg', '81'),
('vsmillieg', '108'),
('vsmillieg', '270'),
('vsmillieg', '289'),
('vsmillieg', '356'),
('vsmillieg', '415'),
('vtremathack2z', '78'),
('vtremathack2z', '79'),
('vtremathack2z', '134'),
('vtremathack2z', '296'),
('vtremathack2z', '320'),
('vtremathack2z', '331'),
('vtremathack2z', '392'),
('vtremathack2z', '395'),
('wprangley7', '15'),
('wprangley7', '98'),
('wprangley7', '101'),
('wprangley7', '106'),
('wprangley7', '134'),
('wprangley7', '218'),
('wprangley7', '230'),
('wprangley7', '292'),
('wtassell5q', '28'),
('wtassell5q', '120'),
('wtassell5q', '138'),
('wtassell5q', '150'),
('wtassell5q', '160'),
('wtassell5q', '227'),
('wtassell5q', '397'),
('wtassell5q', '427'),
('zgeockle1u', '56'),
('zgeockle1u', '65'),
('zgeockle1u', '73'),
('zgeockle1u', '165'),
('zgeockle1u', '176'),
('zgeockle1u', '236'),
('zgeockle1u', '347'),
('zgeockle1u', '401'),
('zkrienke6', '11'),
('zkrienke6', '40'),
('zkrienke6', '159'),
('zkrienke6', '197'),
('zkrienke6', '223'),
('zkrienke6', '347'),
('zkrienke6', '353'),
('zkrienke6', '431');

-- --------------------------------------------------------

--
-- Table structure for table `own_task`
--

CREATE TABLE `own_task` (
  `userID` varchar(32) NOT NULL DEFAULT '0',
  `taskID` decimal(10,0) NOT NULL DEFAULT '0'
) ENGINE=InnoDB DEFAULT CHARSET=latin1;

--
-- Dumping data for table `own_task`
--

INSERT INTO `own_task` (`userID`, `taskID`) VALUES
('aalekhov40', '50'),
('aalekhov40', '152'),
('aalekhov40', '157'),
('aalekhov40', '164'),
('aalekhov40', '364'),
('aalekhov40', '433'),
('abitterton53', '76'),
('abitterton53', '82'),
('abitterton53', '163'),
('abitterton53', '181'),
('abitterton53', '247'),
('abitterton53', '455'),
('abitterton53', '508'),
('abitterton53', '555'),
('acheverton0', '261'),
('acheverton0', '489'),
('acheverton0', '494'),
('acheverton0', '537'),
('acheverton0', '553'),
('acheverton0', '682'),
('acheverton0', '814'),
('acrayden44', '270'),
('acrayden44', '376'),
('acrayden44', '517'),
('acrayden44', '526'),
('acrayden44', '572'),
('acrayden44', '845'),
('acrayden44', '942'),
('adipietro1h', '5'),
('adipietro1h', '57'),
('adipietro1h', '76'),
('adipietro1h', '162'),
('adipietro1h', '194'),
('adipietro1h', '329'),
('adipietro1h', '404'),
('adipietro1h', '449'),
('adipietro1h', '532'),
('adipietro1h', '556'),
('adipietro1h', '876'),
('aedmondson4l', '322'),
('aedmondson4l', '348'),
('aedmondson4l', '484'),
('aedmondson4l', '621'),
('aedmondson4l', '803'),
('aedmondson4l', '818'),
('aedmondson4l', '961'),
('aenright20', '191'),
('aenright20', '221'),
('aenright20', '395'),
('aenright20', '435'),
('aenright20', '453'),
('aenright20', '481'),
('aenright20', '506'),
('aenright20', '513'),
('aenright20', '530'),
('aenright20', '736'),
('aenright20', '804'),
('afeehely1o', '19'),
('afeehely1o', '38'),
('afeehely1o', '144'),
('afeehely1o', '265'),
('afeehely1o', '280'),
('afeehely1o', '329'),
('afeehely1o', '391'),
('afeehely1o', '425'),
('afeehely1o', '438'),
('afeehely1o', '476'),
('afeehely1o', '491'),
('afeehely1o', '736'),
('afeehely1o', '797'),
('afeehely1o', '838'),
('afeehely1o', '851'),
('afeehely1o', '872'),
('afeehely1o', '968'),
('afihelly2l', '41'),
('afihelly2l', '57'),
('afihelly2l', '119'),
('afihelly2l', '198'),
('afihelly2l', '267'),
('afihelly2l', '288'),
('afihelly2l', '322'),
('afihelly2l', '375'),
('afihelly2l', '415'),
('afihelly2l', '416'),
('afihelly2l', '645'),
('afihelly2l', '675'),
('afihelly2l', '721'),
('afihelly2l', '897'),
('ahurnr', '42'),
('ahurnr', '61'),
('ahurnr', '257'),
('ahurnr', '464'),
('ahurnr', '659'),
('ahurnr', '704'),
('ahurnr', '774'),
('ahurnr', '873'),
('ahurnr', '919'),
('ahurnr', '938'),
('alequesne4q', '323'),
('alequesne4q', '342'),
('alequesne4q', '438'),
('alequesne4q', '453'),
('alequesne4q', '460'),
('alequesne4q', '550'),
('alequesne4q', '601'),
('alequesne4q', '711'),
('alequesne4q', '760'),
('alequesne4q', '815'),
('alequesne4q', '895'),
('alequesne4q', '987'),
('amicco42', '134'),
('amicco42', '208'),
('amicco42', '353'),
('amicco42', '465'),
('amicco42', '492'),
('amicco42', '881'),
('amicco42', '931'),
('asnasdell3e', '265'),
('asnasdell3e', '317'),
('asnasdell3e', '322'),
('asnasdell3e', '327'),
('asnasdell3e', '420'),
('asnasdell3e', '738'),
('asnasdell3e', '811'),
('astelfoxx', '24'),
('astelfoxx', '51'),
('astelfoxx', '94'),
('astelfoxx', '233'),
('astelfoxx', '268'),
('astelfoxx', '448'),
('astelfoxx', '451'),
('astelfoxx', '463'),
('astelfoxx', '470'),
('astelfoxx', '484'),
('astelfoxx', '738'),
('astelfoxx', '755'),
('astelfoxx', '818'),
('astelfoxx', '964'),
('astelfoxx', '988'),
('atassaker4j', '4'),
('atassaker4j', '171'),
('atassaker4j', '174'),
('atassaker4j', '427'),
('atassaker4j', '439'),
('atassaker4j', '551'),
('atassaker4j', '669'),
('atassaker4j', '736'),
('atassaker4j', '792'),
('atassaker4j', '852'),
('atassaker4j', '885'),
('atassaker4j', '904'),
('auppett11', '200'),
('auppett11', '242'),
('auppett11', '327'),
('auppett11', '390'),
('auppett11', '444'),
('auppett11', '470'),
('auppett11', '606'),
('auppett11', '678'),
('auppett11', '752'),
('awilbors', '80'),
('awilbors', '141'),
('awilbors', '179'),
('awilbors', '476'),
('awilbors', '530'),
('awilbors', '585'),
('awilbors', '721'),
('awilbors', '731'),
('awilbors', '855'),
('awilbors', '949'),
('bandreazzi3s', '119'),
('bandreazzi3s', '131'),
('bandreazzi3s', '277'),
('bandreazzi3s', '359'),
('bandreazzi3s', '372'),
('bandreazzi3s', '397'),
('bandreazzi3s', '410'),
('bandreazzi3s', '415'),
('bandreazzi3s', '452'),
('bandreazzi3s', '494'),
('bandreazzi3s', '537'),
('bandreazzi3s', '767'),
('bandreazzi3s', '769'),
('bandreazzi3s', '831'),
('bbahike23', '63'),
('bbahike23', '263'),
('bbahike23', '417'),
('bbahike23', '625'),
('bbahike23', '951'),
('bbahike23', '959'),
('bbaxstair1d', '241'),
('bbaxstair1d', '315'),
('bbaxstair1d', '372'),
('bbaxstair1d', '415'),
('bbaxstair1d', '596'),
('bbaxstair1d', '602'),
('bbaxstair1d', '612'),
('bbaxstair1d', '663'),
('bbaxstair1d', '916'),
('bbeminster5a', '39'),
('bbeminster5a', '98'),
('bbeminster5a', '169'),
('bbeminster5a', '189'),
('bbeminster5a', '362'),
('bbeminster5a', '531'),
('bbeminster5a', '561'),
('bbeminster5a', '603'),
('bbeminster5a', '834'),
('bfarbrotherq', '72'),
('bfarbrotherq', '76'),
('bfarbrotherq', '138'),
('bfarbrotherq', '265'),
('bfarbrotherq', '338'),
('bfarbrotherq', '395'),
('bfarbrotherq', '424'),
('bfarbrotherq', '569'),
('bfarbrotherq', '743'),
('bfarbrotherq', '748'),
('bfarbrotherq', '783'),
('bfarbrotherq', '801'),
('bfarbrotherq', '977'),
('bflury1j', '93'),
('bflury1j', '373'),
('bflury1j', '443'),
('bflury1j', '460'),
('bflury1j', '464'),
('bflury1j', '502'),
('bflury1j', '574'),
('bflury1j', '640'),
('bflury1j', '719'),
('bflury1j', '721'),
('bflury1j', '794'),
('bflury1j', '896'),
('bflury1j', '928'),
('bjurewicz4a', '212'),
('bjurewicz4a', '378'),
('bjurewicz4a', '442'),
('bjurewicz4a', '686'),
('bjurewicz4a', '719'),
('bmaclaine3y', '14'),
('bmaclaine3y', '248'),
('bmaclaine3y', '401'),
('bmaclaine3y', '403'),
('bmaclaine3y', '525'),
('bmaclaine3y', '789'),
('bmaclaine3y', '882'),
('bmaclaine3y', '931'),
('bpolak2b', '46'),
('bpolak2b', '67'),
('bpolak2b', '135'),
('bpolak2b', '304'),
('bpolak2b', '333'),
('bpolak2b', '421'),
('bpolak2b', '647'),
('bpolak2b', '657'),
('bpolak2b', '813'),
('bpolak2b', '931'),
('bpolak2b', '965'),
('bpolak2b', '973'),
('bprendiville1r', '164'),
('bprendiville1r', '265'),
('bprendiville1r', '274'),
('bprendiville1r', '814'),
('bprendiville1r', '842'),
('bprendiville1r', '940'),
('bprendiville1r', '982'),
('bruddlesden5o', '70'),
('bruddlesden5o', '126'),
('bruddlesden5o', '207'),
('bruddlesden5o', '210'),
('bruddlesden5o', '211'),
('bruddlesden5o', '532'),
('bruddlesden5o', '601'),
('bruddlesden5o', '683'),
('bruddlesden5o', '731'),
('bruddlesden5o', '801'),
('bswiffan3x', '168'),
('bswiffan3x', '223'),
('bswiffan3x', '284'),
('bswiffan3x', '346'),
('bswiffan3x', '585'),
('bswiffan3x', '605'),
('bswiffan3x', '711'),
('bswiffan3x', '784'),
('bturgoose18', '2'),
('bturgoose18', '25'),
('bturgoose18', '82'),
('bturgoose18', '109'),
('bturgoose18', '143'),
('bturgoose18', '160'),
('bturgoose18', '215'),
('bturgoose18', '257'),
('bturgoose18', '512'),
('bturgoose18', '541'),
('bturgoose18', '693'),
('bturgoose18', '706'),
('bturgoose18', '751'),
('bturgoose18', '755'),
('bturgoose18', '837'),
('bturgoose18', '846'),
('bturgoose18', '870'),
('bturgoose18', '879'),
('carundel3g', '387'),
('carundel3g', '468'),
('carundel3g', '504'),
('carundel3g', '570'),
('carundel3g', '659'),
('carundel3g', '731'),
('ccorpe14', '43'),
('ccorpe14', '73'),
('ccorpe14', '188'),
('ccorpe14', '233'),
('ccorpe14', '398'),
('ccorpe14', '420'),
('ccorpe14', '469'),
('ccorpe14', '520'),
('ccorpe14', '538'),
('ccorpe14', '875'),
('ccorpe14', '920'),
('ccorpe14', '995'),
('ccriple4t', '43'),
('ccriple4t', '327'),
('ccriple4t', '587'),
('ccriple4t', '805'),
('ccriple4t', '837'),
('ccriple4t', '943'),
('cetheringtonj', '6'),
('cetheringtonj', '192'),
('cetheringtonj', '317'),
('cetheringtonj', '383'),
('cetheringtonj', '474'),
('cetheringtonj', '535'),
('cetheringtonj', '579'),
('cetheringtonj', '645'),
('cetheringtonj', '721'),
('cetheringtonj', '841'),
('cgoforth17', '7'),
('cgoforth17', '20'),
('cgoforth17', '72'),
('cgoforth17', '94'),
('cgoforth17', '235'),
('cgoforth17', '278'),
('cgoforth17', '300'),
('cgoforth17', '379'),
('cgoforth17', '493'),
('cgoforth17', '620'),
('cgoforth17', '668'),
('cgoforth17', '674'),
('cgoforth17', '759'),
('cgoforth17', '824'),
('cgoforth17', '844'),
('cgoforth17', '899'),
('cgoforth17', '902'),
('cgoforth17', '929'),
('chaddleston1', '17'),
('chaddleston1', '29'),
('chaddleston1', '39'),
('chaddleston1', '57'),
('chaddleston1', '134'),
('chaddleston1', '146'),
('chaddleston1', '176'),
('chaddleston1', '189'),
('chaddleston1', '381'),
('chaddleston1', '613'),
('chaddleston1', '760'),
('chaddleston1', '991'),
('cheskey1t', '166'),
('cheskey1t', '210'),
('cheskey1t', '466'),
('cheskey1t', '922'),
('cheskey1t', '989'),
('ckobiera1l', '116'),
('ckobiera1l', '194'),
('ckobiera1l', '372'),
('ckobiera1l', '574'),
('ckobiera1l', '678'),
('ckobiera1l', '693'),
('ckobiera1l', '762'),
('ckobiera1l', '784'),
('cmacgilpatrick3t', '105'),
('cmacgilpatrick3t', '127'),
('cmacgilpatrick3t', '230'),
('cmacgilpatrick3t', '550'),
('cmacgilpatrick3t', '579'),
('cmacgilpatrick3t', '583'),
('cmacgilpatrick3t', '788'),
('cmacgilpatrick3t', '814'),
('cmacgilpatrick3t', '981'),
('cpackington4c', '215'),
('cpackington4c', '222'),
('cpackington4c', '427'),
('cpackington4c', '657'),
('cpackington4c', '662'),
('cpackington4c', '802'),
('cpackington4c', '972'),
('cpilley33', '181'),
('cpilley33', '187'),
('cpilley33', '294'),
('cpilley33', '342'),
('cpilley33', '435'),
('cpilley33', '467'),
('cpilley33', '600'),
('cpilley33', '673'),
('cpilley33', '756'),
('cpilley33', '783'),
('cpilley33', '799'),
('cpilley33', '827'),
('cpinck2s', '50'),
('cpinck2s', '179'),
('cpinck2s', '250'),
('cpinck2s', '294'),
('cpinck2s', '357'),
('cpinck2s', '474'),
('cpinck2s', '475'),
('cpinck2s', '606'),
('cpinck2s', '788'),
('cpinck2s', '870'),
('cpinck2s', '899'),
('cschinetti4s', '85'),
('cschinetti4s', '213'),
('cschinetti4s', '418'),
('cschinetti4s', '731'),
('cschinetti4s', '845'),
('csillars54', '123'),
('csillars54', '176'),
('csillars54', '184'),
('csillars54', '218'),
('csillars54', '236'),
('csillars54', '260'),
('csillars54', '338'),
('csillars54', '431'),
('csillars54', '464'),
('csillars54', '594'),
('csillars54', '643'),
('csillars54', '657'),
('csillars54', '711'),
('csillars54', '779'),
('csillars54', '905'),
('csillars54', '963'),
('ctrump3o', '19'),
('ctrump3o', '64'),
('ctrump3o', '83'),
('ctrump3o', '128'),
('ctrump3o', '132'),
('ctrump3o', '301'),
('ctrump3o', '313'),
('ctrump3o', '541'),
('ctrump3o', '669'),
('ctrump3o', '710'),
('ctrump3o', '978'),
('cwattingham4x', '102'),
('cwattingham4x', '110'),
('cwattingham4x', '223'),
('cwattingham4x', '371'),
('cwattingham4x', '397'),
('cwattingham4x', '590'),
('cwattingham4x', '689'),
('cwattingham4x', '851'),
('cwattingham4x', '974'),
('cwhysall34', '64'),
('cwhysall34', '83'),
('cwhysall34', '136'),
('cwhysall34', '309'),
('cwhysall34', '400'),
('cwhysall34', '532'),
('cwhysall34', '617'),
('cwhysall34', '679'),
('cwhysall34', '683'),
('cwhysall34', '803'),
('cwhysall34', '835'),
('cwhysall34', '984'),
('dbraunstein5m', '71'),
('dbraunstein5m', '79'),
('dbraunstein5m', '190'),
('dbraunstein5m', '433'),
('dbraunstein5m', '475'),
('dbraunstein5m', '607'),
('dbraunstein5m', '616'),
('dbraunstein5m', '781'),
('dbraunstein5m', '797'),
('dbraunstein5m', '980'),
('dczyz3a', '85'),
('dczyz3a', '180'),
('dczyz3a', '222'),
('dczyz3a', '420'),
('dczyz3a', '483'),
('dczyz3a', '633'),
('dczyz3a', '709'),
('ddelacey27', '6'),
('ddelacey27', '74'),
('ddelacey27', '281'),
('ddelacey27', '363'),
('ddelacey27', '435'),
('ddelacey27', '483'),
('ddelacey27', '547'),
('ddelacey27', '577'),
('ddelacey27', '604'),
('ddelacey27', '611'),
('ddelacey27', '612'),
('ddelacey27', '638'),
('ddelacey27', '720'),
('ddelacey27', '819'),
('ddelacey27', '932'),
('ddelacey27', '935'),
('ddelacey27', '956'),
('deatock4e', '85'),
('deatock4e', '304'),
('deatock4e', '309'),
('deatock4e', '399'),
('deatock4e', '470'),
('deatock4e', '636'),
('deatock4e', '649'),
('deatock4e', '690'),
('deatock4e', '732'),
('deatock4e', '783'),
('deatock4e', '895'),
('deatock4e', '931'),
('deatock4e', '995'),
('dfoxleyc', '207'),
('dfoxleyc', '353'),
('dfoxleyc', '444'),
('dfoxleyc', '472'),
('dfoxleyc', '479'),
('dfoxleyc', '515'),
('dfoxleyc', '724'),
('djendrys13', '26'),
('djendrys13', '179'),
('djendrys13', '222'),
('djendrys13', '263'),
('djendrys13', '722'),
('djendrys13', '723'),
('djendrys13', '770'),
('dkinzett4o', '114'),
('dkinzett4o', '166'),
('dkinzett4o', '202'),
('dkinzett4o', '550'),
('dkinzett4o', '678'),
('dkinzett4o', '873'),
('dkinzett4o', '991'),
('dlautie1y', '49'),
('dlautie1y', '85'),
('dlautie1y', '276'),
('dlautie1y', '325'),
('dlautie1y', '330'),
('dlautie1y', '365'),
('dlautie1y', '384'),
('dlautie1y', '407'),
('dlautie1y', '551'),
('dlautie1y', '640'),
('dlautie1y', '752'),
('dlautie1y', '839'),
('dlautie1y', '970'),
('dlegricek', '42'),
('dlegricek', '219'),
('dlegricek', '295'),
('dlegricek', '330'),
('dlegricek', '337'),
('dlegricek', '514'),
('dlegricek', '662'),
('dlegricek', '672'),
('dlegricek', '705'),
('dlegricek', '734'),
('dlegricek', '784'),
('dlegricek', '791'),
('dlegricek', '827'),
('dlegricek', '939'),
('dlegricek', '942'),
('dmitchleyh', '129'),
('dmitchleyh', '151'),
('dmitchleyh', '253'),
('dmitchleyh', '381'),
('dmitchleyh', '459'),
('dmitchleyh', '507'),
('dmitchleyh', '551'),
('dmitchleyh', '627'),
('dmitchleyh', '632'),
('dmitchleyh', '753'),
('dmitchleyh', '796'),
('dmitchleyh', '910'),
('dponder4f', '179'),
('dponder4f', '198'),
('dponder4f', '206'),
('dponder4f', '383'),
('dponder4f', '408'),
('dponder4f', '475'),
('dponder4f', '495'),
('dponder4f', '522'),
('dponder4f', '620'),
('dponder4f', '641'),
('dponder4f', '941'),
('drogister2w', '77'),
('drogister2w', '163'),
('drogister2w', '275'),
('drogister2w', '401'),
('drogister2w', '492'),
('drogister2w', '493'),
('drogister2w', '753'),
('drogister2w', '775'),
('drogister2w', '844'),
('dspick3b', '77'),
('dspick3b', '254'),
('dspick3b', '374'),
('dspick3b', '442'),
('dspick3b', '535'),
('dspick3b', '638'),
('dspick3b', '688'),
('dspick3b', '811'),
('dspick3b', '850'),
('dstoyell5h', '8'),
('dstoyell5h', '96'),
('dstoyell5h', '104'),
('dstoyell5h', '391'),
('dstoyell5h', '504'),
('dstoyell5h', '630'),
('dstoyell5h', '643'),
('dstoyell5h', '866'),
('dstoyell5h', '899'),
('dstoyell5h', '955'),
('dyuryev3c', '8'),
('dyuryev3c', '83'),
('dyuryev3c', '308'),
('dyuryev3c', '322'),
('dyuryev3c', '324'),
('dyuryev3c', '357'),
('dyuryev3c', '407'),
('dyuryev3c', '442'),
('dyuryev3c', '454'),
('dyuryev3c', '551'),
('dyuryev3c', '567'),
('dyuryev3c', '780'),
('dyuryev3c', '811'),
('dyuryev3c', '841'),
('dyuryev3c', '857'),
('dyuryev3c', '925'),
('dyuryev3c', '963'),
('eadamides2d', '68'),
('eadamides2d', '275'),
('eadamides2d', '282'),
('eadamides2d', '408'),
('eadamides2d', '414'),
('eadamides2d', '439'),
('eadamides2d', '610'),
('eadamides2d', '619'),
('eadamides2d', '662'),
('eadamides2d', '777'),
('eadamides2d', '790'),
('eadamides2d', '926'),
('eaitken1k', '37'),
('eaitken1k', '73'),
('eaitken1k', '149'),
('eaitken1k', '171'),
('eaitken1k', '295'),
('eaitken1k', '301'),
('eaitken1k', '426'),
('eaitken1k', '502'),
('eaitken1k', '523'),
('eaitken1k', '665'),
('eaitken1k', '772'),
('eaitken1k', '788'),
('eaitken1k', '798'),
('eaitken1k', '824'),
('eaitken1k', '882'),
('eaitken1k', '902'),
('eaitken1k', '981'),
('eaitken1k', '986'),
('ebatterson10', '86'),
('ebatterson10', '221'),
('ebatterson10', '484'),
('ebatterson10', '533'),
('ebatterson10', '597'),
('ebatterson10', '905'),
('econibear2', '4'),
('econibear2', '135'),
('econibear2', '140'),
('econibear2', '169'),
('econibear2', '263'),
('econibear2', '345'),
('econibear2', '415'),
('econibear2', '439'),
('econibear2', '518'),
('econibear2', '572'),
('econibear2', '941'),
('ehorbath3k', '14'),
('ehorbath3k', '37'),
('ehorbath3k', '615'),
('ehorbath3k', '761'),
('ehorbath3k', '807'),
('ehorbath3k', '848'),
('ehorbath3k', '969'),
('ehugill55', '18'),
('ehugill55', '289'),
('ehugill55', '346'),
('ehugill55', '473'),
('ehugill55', '606'),
('ehugill55', '772'),
('ehugill55', '790'),
('ekimmitt5c', '164'),
('ekimmitt5c', '406'),
('ekimmitt5c', '429'),
('ekimmitt5c', '479'),
('ekimmitt5c', '640'),
('ekimmitt5c', '671'),
('epeddie5', '187'),
('epeddie5', '205'),
('epeddie5', '220'),
('epeddie5', '516'),
('epeddie5', '940'),
('epeddie5', '955'),
('epeddie5', '973'),
('erosbotham1m', '116'),
('erosbotham1m', '266'),
('erosbotham1m', '365'),
('erosbotham1m', '480'),
('erosbotham1m', '493'),
('erosbotham1m', '581'),
('erosbotham1m', '641'),
('erosbotham1m', '698'),
('erosbotham1m', '795'),
('erosbotham1m', '799'),
('erosbotham1m', '807'),
('erosbotham1m', '972'),
('eswane3i', '53'),
('eswane3i', '81'),
('eswane3i', '164'),
('eswane3i', '291'),
('eswane3i', '327'),
('eswane3i', '372'),
('eswane3i', '504'),
('eswane3i', '517'),
('eswane3i', '579'),
('eswane3i', '614'),
('eswane3i', '636'),
('eswane3i', '661'),
('eswane3i', '945'),
('eswane3i', '981'),
('flepick15', '30'),
('flepick15', '76'),
('flepick15', '98'),
('flepick15', '320'),
('flepick15', '368'),
('flepick15', '941'),
('fstachini3j', '122'),
('fstachini3j', '130'),
('fstachini3j', '222'),
('fstachini3j', '272'),
('fstachini3j', '276'),
('fstachini3j', '280'),
('fstachini3j', '390'),
('fstachini3j', '484'),
('fstachini3j', '609'),
('fstachini3j', '644'),
('fstachini3j', '699'),
('fstachini3j', '998'),
('fstephens50', '14'),
('fstephens50', '34'),
('fstephens50', '36'),
('fstephens50', '181'),
('fstephens50', '239'),
('fstephens50', '241'),
('fstephens50', '421'),
('fstephens50', '515'),
('fstephens50', '703'),
('fstephens50', '719'),
('fstephens50', '836'),
('fstephens50', '884'),
('fstephens50', '917'),
('ggentric4b', '43'),
('ggentric4b', '49'),
('ggentric4b', '258'),
('ggentric4b', '299'),
('ggentric4b', '452'),
('ggentric4b', '503'),
('ggentric4b', '699'),
('ggentric4b', '734'),
('ggentric4b', '802'),
('ggentric4b', '918'),
('gheeks45', '8'),
('gheeks45', '458'),
('gheeks45', '875'),
('gheeks45', '937'),
('gheeks45', '938'),
('gkaesmans9', '47'),
('gkaesmans9', '136'),
('gkaesmans9', '145'),
('gkaesmans9', '380'),
('gkaesmans9', '479'),
('gkaesmans9', '489'),
('gkaesmans9', '520'),
('gkaesmans9', '575'),
('gkaesmans9', '811'),
('gkaesmans9', '867'),
('gkreutzer5l', '327'),
('gkreutzer5l', '362'),
('gkreutzer5l', '365'),
('gkreutzer5l', '410'),
('gkreutzer5l', '637'),
('gkreutzer5l', '666'),
('gkreutzer5l', '770'),
('gkreutzer5l', '827'),
('gkreutzer5l', '975'),
('glantoph3w', '13'),
('glantoph3w', '192'),
('glantoph3w', '258'),
('glantoph3w', '374'),
('glantoph3w', '541'),
('glantoph3w', '587'),
('glantoph3w', '648'),
('glantoph3w', '817'),
('gnode1a', '118'),
('gnode1a', '195'),
('gnode1a', '313'),
('gnode1a', '386'),
('gnode1a', '492'),
('gnode1a', '742'),
('gnode1a', '772'),
('grubenov4w', '89'),
('grubenov4w', '187'),
('grubenov4w', '236'),
('grubenov4w', '260'),
('grubenov4w', '506'),
('grubenov4w', '517'),
('grubenov4w', '619'),
('grubenov4w', '984'),
('gtorald24', '307'),
('gtorald24', '503'),
('gtorald24', '514'),
('gtorald24', '611'),
('gtorald24', '692'),
('gtorald24', '835'),
('gtorald24', '839'),
('gtorald24', '848'),
('gtorald24', '881'),
('hcasine8', '142'),
('hcasine8', '220'),
('hcasine8', '242'),
('hcasine8', '269'),
('hcasine8', '317'),
('hcasine8', '566'),
('hcasine8', '584'),
('hcasine8', '785'),
('hcasine8', '963'),
('hfreemantle2y', '17'),
('hfreemantle2y', '38'),
('hfreemantle2y', '66'),
('hfreemantle2y', '68'),
('hfreemantle2y', '85'),
('hfreemantle2y', '137'),
('hfreemantle2y', '155'),
('hfreemantle2y', '180'),
('hfreemantle2y', '479'),
('hfreemantle2y', '535'),
('hfreemantle2y', '550'),
('hfreemantle2y', '813'),
('hfreemantle2y', '874'),
('hfreemantle2y', '956'),
('hmccague4p', '98'),
('hmccague4p', '378'),
('hmccague4p', '437'),
('hmccague4p', '458'),
('hmccague4p', '464'),
('hmccague4p', '558'),
('hmccague4p', '777'),
('hmyricka', '30'),
('hmyricka', '265'),
('hmyricka', '267'),
('hmyricka', '457'),
('hmyricka', '588'),
('hmyricka', '759'),
('hravenshaw4d', '111'),
('hravenshaw4d', '270'),
('hravenshaw4d', '310'),
('hravenshaw4d', '321'),
('hravenshaw4d', '835'),
('hravenshaw4d', '897'),
('hschoroder2v', '46'),
('hschoroder2v', '273'),
('hschoroder2v', '298'),
('hschoroder2v', '315'),
('hschoroder2v', '394'),
('hschoroder2v', '418'),
('hschoroder2v', '812'),
('hschoroder2v', '880'),
('hschoroder2v', '941'),
('hwindress26', '67'),
('hwindress26', '278'),
('hwindress26', '300'),
('hwindress26', '501'),
('hwindress26', '605'),
('hwindress26', '659'),
('hwindress26', '768'),
('hwindress26', '781'),
('hwindress26', '887'),
('hwindress26', '959'),
('ibeebis31', '5'),
('ibeebis31', '22'),
('ibeebis31', '75'),
('ibeebis31', '106'),
('ibeebis31', '417'),
('ibeebis31', '528'),
('ibeebis31', '646'),
('ibeebis31', '850'),
('ibeebis31', '873'),
('ibeebis31', '942'),
('ibeebis31', '962'),
('iborland5n', '72'),
('iborland5n', '222'),
('iborland5n', '718'),
('iborland5n', '895'),
('iborland5n', '972'),
('ibrabonf', '68'),
('ibrabonf', '479'),
('ibrabonf', '506'),
('ibrabonf', '518'),
('ibrabonf', '562'),
('ibrabonf', '572'),
('ibrabonf', '686'),
('ibrabonf', '893'),
('ibrabonf', '973'),
('ibrabonf', '983'),
('isamweyes56', '23'),
('isamweyes56', '258'),
('isamweyes56', '310'),
('isamweyes56', '357'),
('isamweyes56', '860'),
('isamweyes56', '874'),
('isamweyes56', '914'),
('iswetmorei', '15'),
('iswetmorei', '219'),
('iswetmorei', '248'),
('iswetmorei', '309'),
('iswetmorei', '388'),
('iswetmorei', '528'),
('iswetmorei', '798'),
('iswetmorei', '949'),
('iswetmorei', '968'),
('iswetmorei', '978'),
('jbugden41', '78'),
('jbugden41', '628'),
('jbugden41', '663'),
('jbugden41', '671'),
('jbugden41', '852'),
('jbugden41', '876'),
('jbugden41', '937'),
('jbugden41', '953'),
('jbugden41', '972'),
('jbugden41', '988'),
('jeastwood3v', '100'),
('jeastwood3v', '132'),
('jeastwood3v', '292'),
('jeastwood3v', '519'),
('jeastwood3v', '719'),
('jeastwood3v', '803'),
('jeastwood3v', '813'),
('jeastwood3v', '921'),
('jgianasi2t', '59'),
('jgianasi2t', '62'),
('jgianasi2t', '142'),
('jgianasi2t', '294'),
('jgianasi2t', '355'),
('jgianasi2t', '405'),
('jgianasi2t', '661'),
('jgianasi2t', '739'),
('jgianasi2t', '816'),
('jgianasi2t', '887'),
('jguyonnet2u', '314'),
('jguyonnet2u', '569'),
('jguyonnet2u', '926'),
('jguyonnet2u', '928'),
('jguyonnet2u', '953'),
('jguyonnet2u', '981'),
('jivanichev4v', '170'),
('jivanichev4v', '323'),
('jivanichev4v', '441'),
('jivanichev4v', '740'),
('jivanichev4v', '762'),
('jivanichev4v', '817'),
('jkey4h', '8'),
('jkey4h', '90'),
('jkey4h', '149'),
('jkey4h', '482'),
('jkey4h', '589'),
('jkey4h', '768'),
('jkey4h', '908'),
('jolooney2r', '84'),
('jolooney2r', '94'),
('jolooney2r', '145'),
('jolooney2r', '149'),
('jolooney2r', '261'),
('jolooney2r', '293'),
('jolooney2r', '733'),
('jolooney2r', '779'),
('jolooney2r', '890'),
('jpenmanu', '105'),
('jpenmanu', '163'),
('jpenmanu', '165'),
('jpenmanu', '215'),
('jpenmanu', '292'),
('jpenmanu', '416'),
('jpenmanu', '435'),
('jpenmanu', '471'),
('jpenmanu', '487'),
('jpenmanu', '701'),
('jpenmanu', '745'),
('jpenmanu', '801'),
('jpenmanu', '853'),
('jridgeway25', '88'),
('jridgeway25', '132'),
('jridgeway25', '149'),
('jridgeway25', '361'),
('jridgeway25', '365'),
('jridgeway25', '461'),
('jridgeway25', '506'),
('jridgeway25', '569'),
('jridgeway25', '574'),
('jridgeway25', '974'),
('jsackes3z', '198'),
('jsackes3z', '257'),
('jsackes3z', '448'),
('jsackes3z', '613'),
('jsackes3z', '702'),
('jsackes3z', '804'),
('jsackes3z', '809'),
('jsackes3z', '875'),
('jsackes3z', '888'),
('jsackes3z', '966'),
('jsirmon4z', '7'),
('jsirmon4z', '411'),
('jsirmon4z', '635'),
('jsirmon4z', '646'),
('jsirmon4z', '655'),
('jsummerly2c', '228'),
('jsummerly2c', '489'),
('jsummerly2c', '617'),
('jsummerly2c', '644'),
('jsummerly2c', '667'),
('jsummerly2c', '774'),
('jsummerly2c', '898'),
('kauldsz', '42'),
('kauldsz', '60'),
('kauldsz', '121'),
('kauldsz', '367'),
('kauldsz', '720'),
('kauldsz', '888'),
('kauldsz', '889'),
('kbramham37', '15'),
('kbramham37', '166'),
('kbramham37', '258'),
('kbramham37', '277'),
('kbramham37', '290'),
('kbramham37', '387'),
('kbramham37', '401'),
('kbramham37', '696'),
('kbramham37', '707'),
('kbramham37', '922'),
('kdancey5g', '128'),
('kdancey5g', '248'),
('kdancey5g', '286'),
('kdancey5g', '331'),
('kdancey5g', '462'),
('kdancey5g', '534'),
('kdancey5g', '662'),
('kdancey5g', '808'),
('kdancey5g', '889'),
('kdegliabbati5f', '57'),
('kdegliabbati5f', '197'),
('kdegliabbati5f', '302'),
('kdegliabbati5f', '516'),
('kdegliabbati5f', '561'),
('kdegliabbati5f', '593'),
('kdegliabbati5f', '598'),
('kdegliabbati5f', '708'),
('kdegliabbati5f', '772'),
('kdegliabbati5f', '852'),
('kedel4k', '65'),
('kedel4k', '168'),
('kedel4k', '575'),
('kedel4k', '749'),
('kedel4k', '782'),
('kedel4k', '894'),
('kfeld58', '50'),
('kfeld58', '75'),
('kfeld58', '99'),
('kfeld58', '312'),
('kfeld58', '313'),
('kfeld58', '407'),
('kfeld58', '482'),
('kfeld58', '489'),
('kfeld58', '636'),
('kfeld58', '917'),
('kfeld58', '918'),
('kfeld58', '931'),
('kfeld58', '978'),
('kfeld58', '999'),
('kfideler30', '25'),
('kfideler30', '174'),
('kfideler30', '289'),
('kfideler30', '310'),
('kfideler30', '344'),
('kfideler30', '355'),
('kfideler30', '455'),
('kfideler30', '532'),
('kfideler30', '618'),
('kfideler30', '662'),
('kfideler30', '780'),
('kfideler30', '825'),
('kfideler30', '892'),
('kfideler30', '898'),
('kfideler30', '965'),
('klutmanp', '57'),
('klutmanp', '159'),
('klutmanp', '196'),
('klutmanp', '327'),
('klutmanp', '454'),
('klutmanp', '467'),
('klutmanp', '469'),
('klutmanp', '636'),
('klutmanp', '647'),
('klutmanp', '736'),
('klutmanp', '913'),
('kmainwaringm', '193'),
('kmainwaringm', '247'),
('kmainwaringm', '427'),
('kmainwaringm', '561'),
('kmainwaringm', '627'),
('kmainwaringm', '640'),
('kmainwaringm', '671'),
('kmainwaringm', '761'),
('kmainwaringm', '916'),
('kmainwaringm', '949'),
('kmainwaringm', '981'),
('kmcardle4g', '97'),
('kmcardle4g', '593'),
('kmcardle4g', '660'),
('kmcardle4g', '718'),
('kmcardle4g', '920'),
('kmcardle4g', '930'),
('krenackownaw', '48'),
('krenackownaw', '87'),
('krenackownaw', '174'),
('krenackownaw', '401'),
('krenackownaw', '402'),
('krenackownaw', '623'),
('krenackownaw', '643'),
('krenackownaw', '663'),
('krenackownaw', '721'),
('krodman3l', '152'),
('krodman3l', '660'),
('krodman3l', '778'),
('krodman3l', '844'),
('krodman3l', '887'),
('krodman3l', '931'),
('krodman3l', '933'),
('ksemon3r', '128'),
('ksemon3r', '214'),
('ksemon3r', '531'),
('ksemon3r', '604'),
('ksemon3r', '686'),
('ksemon3r', '723'),
('kwhyard1g', '255'),
('kwhyard1g', '262'),
('kwhyard1g', '287'),
('kwhyard1g', '333'),
('kwhyard1g', '402'),
('kwhyard1g', '539'),
('kwhyard1g', '753'),
('kwhyard1g', '833'),
('kwhyard1g', '928'),
('lbeany16', '16'),
('lbeany16', '43'),
('lbeany16', '158'),
('lbeany16', '189'),
('lbeany16', '211'),
('lbeany16', '413'),
('lbeany16', '440'),
('lbeany16', '479'),
('lbeany16', '611'),
('lbeany16', '627'),
('lbeany16', '694'),
('lbeany16', '835'),
('lbeany16', '846'),
('lbeany16', '901'),
('lclaffey3p', '97'),
('lclaffey3p', '172'),
('lclaffey3p', '275'),
('lclaffey3p', '363'),
('lclaffey3p', '571'),
('lclaffey3p', '671'),
('lclaffey3p', '696'),
('lclaffey3p', '787'),
('lclaffey3p', '836'),
('lclaffey3p', '868'),
('lnoble46', '180'),
('lnoble46', '283'),
('lnoble46', '390'),
('lnoble46', '449'),
('lnoble46', '493'),
('lnoble46', '527'),
('lnoble46', '539'),
('lnoble46', '837'),
('lnoble46', '855'),
('lpreshous39', '98'),
('lpreshous39', '206'),
('lpreshous39', '285'),
('lpreshous39', '327'),
('lpreshous39', '466'),
('lpreshous39', '504'),
('lpreshous39', '531'),
('lpreshous39', '599'),
('lpreshous39', '682'),
('lpreshous39', '713'),
('lpreshous39', '848'),
('lpreshous39', '875'),
('lstollmeyer49', '35'),
('lstollmeyer49', '145'),
('lstollmeyer49', '287'),
('lstollmeyer49', '350'),
('lstollmeyer49', '377'),
('lstollmeyer49', '413'),
('lstollmeyer49', '434'),
('lstollmeyer49', '518'),
('lstollmeyer49', '691'),
('lstollmeyer49', '739'),
('lstollmeyer49', '880'),
('marmatidge5e', '240'),
('marmatidge5e', '285'),
('marmatidge5e', '461'),
('marmatidge5e', '487'),
('marmatidge5e', '693'),
('marmatidge5e', '711'),
('marmatidge5e', '881'),
('marmatidge5e', '918'),
('maujean2e', '69'),
('maujean2e', '115'),
('maujean2e', '344'),
('maujean2e', '447'),
('maujean2e', '532'),
('maujean2e', '637'),
('maujean2e', '649'),
('maujean2e', '712'),
('maujean2e', '729'),
('maujean2e', '775'),
('maujean2e', '881'),
('maujean2e', '956'),
('maujean2e', '983'),
('maujean2e', '992'),
('mcrispe1v', '223'),
('mcrispe1v', '314'),
('mcrispe1v', '321'),
('mcrispe1v', '346'),
('mcrispe1v', '362'),
('mcrispe1v', '482'),
('mcrispe1v', '615'),
('mcrispe1v', '758'),
('mcrispe1v', '926'),
('mescot19', '114'),
('mescot19', '291'),
('mescot19', '352'),
('mescot19', '527'),
('mescot19', '808'),
('mescot19', '930'),
('mescot19', '961'),
('mfaires4u', '7'),
('mfaires4u', '144'),
('mfaires4u', '427'),
('mfaires4u', '459'),
('mfaires4u', '470'),
('mfaires4u', '490'),
('mfaires4u', '542'),
('mfaires4u', '601'),
('mfaires4u', '607'),
('mfaires4u', '618'),
('mfaires4u', '620'),
('mfaires4u', '798'),
('mfaires4u', '948'),
('mfulcher1s', '81'),
('mfulcher1s', '85'),
('mfulcher1s', '98'),
('mfulcher1s', '113'),
('mfulcher1s', '119'),
('mfulcher1s', '144'),
('mfulcher1s', '159'),
('mfulcher1s', '164'),
('mfulcher1s', '165'),
('mfulcher1s', '282'),
('mfulcher1s', '321'),
('mfulcher1s', '324'),
('mfulcher1s', '340'),
('mfulcher1s', '374'),
('mfulcher1s', '395'),
('mfulcher1s', '464'),
('mfulcher1s', '764'),
('mfulcher1s', '843'),
('mfulcher1s', '853'),
('mfulcher1s', '860'),
('mfulcher1s', '899'),
('mfulcher1s', '958'),
('mfurminger2o', '117'),
('mfurminger2o', '432'),
('mfurminger2o', '456'),
('mfurminger2o', '702'),
('mfurminger2o', '736'),
('mfurminger2o', '816'),
('mfurminger2o', '867'),
('mfurminger2o', '881'),
('mfurminger2o', '916'),
('mfurminger2o', '987'),
('mhabeshaw29', '132'),
('mhabeshaw29', '209'),
('mhabeshaw29', '571'),
('mhabeshaw29', '579'),
('mhabeshaw29', '661'),
('mhabeshaw29', '706'),
('mhabeshaw29', '818'),
('mhunnaball1f', '152'),
('mhunnaball1f', '313'),
('mhunnaball1f', '484'),
('mhunnaball1f', '786'),
('mhunnaball1f', '834'),
('mhunnaball1f', '836'),
('mhunnaball1f', '955'),
('mjolly2i', '74'),
('mjolly2i', '77'),
('mjolly2i', '84'),
('mjolly2i', '272'),
('mjolly2i', '288'),
('mjolly2i', '307'),
('mjolly2i', '357'),
('mjolly2i', '570'),
('mjolly2i', '593'),
('mjolly2i', '659'),
('mjorioz2j', '343'),
('mjorioz2j', '509'),
('mjorioz2j', '516'),
('mjorioz2j', '643'),
('mjorioz2j', '661'),
('mjorioz2j', '722'),
('mjorioz2j', '777'),
('mjorioz2j', '825'),
('mjorioz2j', '828'),
('mkeir5i', '122'),
('mkeir5i', '348'),
('mkeir5i', '388'),
('mkeir5i', '401'),
('mkeir5i', '402'),
('mkeir5i', '530'),
('mkeir5i', '595'),
('mkeir5i', '628'),
('mkeir5i', '704'),
('mkeir5i', '720'),
('mkeir5i', '748'),
('mketteman1b', '214'),
('mketteman1b', '324'),
('mketteman1b', '388'),
('mketteman1b', '450'),
('mketteman1b', '500'),
('mketteman1b', '547'),
('mketteman1b', '714'),
('mketteman1b', '759'),
('mketteman1b', '861'),
('mketteman1b', '912'),
('mkynnd2q', '82'),
('mkynnd2q', '181'),
('mkynnd2q', '302'),
('mkynnd2q', '706'),
('mkynnd2q', '800'),
('mkynnd2q', '824'),
('mkynnd2q', '955'),
('mkynnd2q', '964'),
('mmcilroy5p', '82'),
('mmcilroy5p', '124'),
('mmcilroy5p', '151'),
('mmcilroy5p', '362'),
('mmcilroy5p', '419'),
('mmcilroy5p', '870'),
('mmuck57', '27'),
('mmuck57', '59'),
('mmuck57', '79'),
('mmuck57', '106'),
('mmuck57', '351'),
('mmuck57', '382'),
('mmuck57', '387'),
('mmuck57', '392'),
('mmuck57', '396'),
('mmuck57', '544'),
('mmuck57', '615'),
('mmuck57', '815'),
('mmuck57', '883'),
('molooney2p', '20'),
('molooney2p', '361'),
('molooney2p', '366'),
('molooney2p', '436'),
('molooney2p', '531'),
('molooney2p', '550'),
('molooney2p', '722'),
('molooney2p', '825'),
('molooney2p', '884'),
('mraggv', '194'),
('mraggv', '210'),
('mraggv', '259'),
('mraggv', '330'),
('mraggv', '484'),
('mraggv', '566'),
('mraggv', '588'),
('mraggv', '606'),
('mraggv', '630'),
('mraggv', '645'),
('mraggv', '934'),
('mranscomb4', '90'),
('mranscomb4', '118'),
('mranscomb4', '175'),
('mranscomb4', '194'),
('mranscomb4', '217'),
('mranscomb4', '314'),
('mranscomb4', '391'),
('mranscomb4', '533'),
('mranscomb4', '573'),
('mranscomb4', '697'),
('mranscomb4', '711'),
('mranscomb4', '733'),
('mranscomb4', '743'),
('mranscomb4', '842'),
('mranscomb4', '880'),
('mranscomb4', '992'),
('msings4r', '34'),
('msings4r', '45'),
('msings4r', '126'),
('msings4r', '262'),
('msings4r', '371'),
('msings4r', '379'),
('msings4r', '439'),
('msings4r', '501'),
('msings4r', '778'),
('msings4r', '955'),
('msings4r', '976'),
('mtenniswood12', '45'),
('mtenniswood12', '83'),
('mtenniswood12', '117'),
('mtenniswood12', '235'),
('mtenniswood12', '310'),
('mtenniswood12', '542'),
('mtenniswood12', '599'),
('mtenniswood12', '732'),
('mtenniswood12', '761'),
('mtenniswood12', '894'),
('mtenniswood12', '913'),
('mvarah1w', '205'),
('mvarah1w', '233'),
('mvarah1w', '418'),
('mvarah1w', '454'),
('mvarah1w', '625'),
('mvarah1w', '783'),
('mvarah1w', '801'),
('mvarah1w', '834'),
('mvarah1w', '851'),
('nabethell22', '125'),
('nabethell22', '137'),
('nabethell22', '242'),
('nabethell22', '300'),
('nabethell22', '427'),
('nabethell22', '476'),
('nabethell22', '501'),
('nabethell22', '651'),
('nabethell22', '693'),
('nabethell22', '711'),
('nabethell22', '735'),
('nabethell22', '888'),
('nabethell22', '898'),
('nadamovitchb', '3'),
('nadamovitchb', '8'),
('nadamovitchb', '34'),
('nadamovitchb', '36'),
('nadamovitchb', '139'),
('nadamovitchb', '178'),
('nadamovitchb', '397'),
('nadamovitchb', '406'),
('nadamovitchb', '441'),
('nadamovitchb', '719'),
('nadamovitchb', '729'),
('nadamovitchb', '758'),
('nadamovitchb', '760'),
('nadamovitchb', '774'),
('nadamovitchb', '809'),
('nadamovitchb', '818'),
('nadamovitchb', '956'),
('nderrick1p', '48'),
('nderrick1p', '290'),
('nderrick1p', '315'),
('nderrick1p', '330'),
('nderrick1p', '604'),
('nderrick1p', '727'),
('nderrick1p', '867'),
('nderrick1p', '937'),
('nderrick1p', '954'),
('ndevillier38', '42'),
('ndevillier38', '114'),
('ndevillier38', '225'),
('ndevillier38', '367'),
('ndevillier38', '448'),
('ndevillier38', '449'),
('ndevillier38', '557'),
('ndevillier38', '728'),
('ndevillier38', '812'),
('ndevillier38', '857'),
('ndevillier38', '959'),
('ndevillier38', '977'),
('neakin1q', '17'),
('neakin1q', '159'),
('neakin1q', '382'),
('neakin1q', '393'),
('neakin1q', '572'),
('nfarman1e', '16'),
('nfarman1e', '38'),
('nfarman1e', '146'),
('nfarman1e', '228'),
('nfarman1e', '258'),
('nfarman1e', '262'),
('nfarman1e', '268'),
('nfarman1e', '561'),
('nfarman1e', '563'),
('nfarman1e', '640'),
('nfarman1e', '657'),
('nfarman1e', '737'),
('nfarman1e', '828'),
('nfarman1e', '830'),
('nfarman1e', '873'),
('nfarman1e', '882'),
('nfarman1e', '938'),
('nswinfon43', '54'),
('nswinfon43', '74'),
('nswinfon43', '341'),
('nswinfon43', '370'),
('nswinfon43', '408'),
('nswinfon43', '411'),
('nswinfon43', '545'),
('nswinfon43', '562'),
('nswinfon43', '875'),
('nswinfon43', '995'),
('ohadlow28', '26'),
('ohadlow28', '45'),
('ohadlow28', '59'),
('ohadlow28', '217'),
('ohadlow28', '224'),
('ohadlow28', '293'),
('ohadlow28', '405'),
('ohadlow28', '435'),
('ohadlow28', '572'),
('ohadlow28', '632'),
('ohadlow28', '714'),
('ohadlow28', '726'),
('ohadlow28', '854'),
('ohadlow28', '932'),
('oprofitl', '8'),
('oprofitl', '135'),
('oprofitl', '171'),
('oprofitl', '283'),
('oprofitl', '342'),
('oprofitl', '390'),
('oprofitl', '398'),
('oprofitl', '484'),
('oprofitl', '489'),
('pbachellier2x', '105'),
('pbachellier2x', '293'),
('pbachellier2x', '306'),
('pbachellier2x', '336'),
('pbachellier2x', '373'),
('pbachellier2x', '448'),
('pbachellier2x', '591'),
('pbachellier2x', '706'),
('pbauded', '56'),
('pbauded', '168'),
('pbauded', '191'),
('pbauded', '447'),
('pbauded', '730'),
('pbauded', '878'),
('pgilhouley3m', '103'),
('pgilhouley3m', '156'),
('pgilhouley3m', '188'),
('pgilhouley3m', '193'),
('pgilhouley3m', '202'),
('pgilhouley3m', '266'),
('pgilhouley3m', '622'),
('pgilhouley3m', '626'),
('pgilhouley3m', '876'),
('pgilhouley3m', '937'),
('pgilhouley3m', '986'),
('phockey4y', '46'),
('phockey4y', '198'),
('phockey4y', '343'),
('phockey4y', '437'),
('phockey4y', '653'),
('phockey4y', '849'),
('phockey4y', '884'),
('phockey4y', '952'),
('plambourne1x', '12'),
('plambourne1x', '92'),
('plambourne1x', '478'),
('plambourne1x', '501'),
('pwarnese', '81'),
('pwarnese', '164'),
('pwarnese', '201'),
('pwarnese', '257'),
('pwarnese', '296'),
('pwarnese', '393'),
('pwarnese', '397'),
('pwarnese', '411'),
('pwarnese', '648'),
('pwarnese', '694'),
('pwarnese', '817'),
('pwarnese', '873'),
('qbasill2f', '30'),
('qbasill2f', '179'),
('qbasill2f', '206'),
('qbasill2f', '233'),
('qbasill2f', '307'),
('qbasill2f', '355'),
('qbasill2f', '391'),
('qbasill2f', '605'),
('qbasill2f', '743'),
('qbasill2f', '835'),
('qbasill2f', '901'),
('qbasill2f', '994'),
('rblancowe3', '69'),
('rblancowe3', '153'),
('rblancowe3', '232'),
('rblancowe3', '265'),
('rblancowe3', '341'),
('rblancowe3', '378'),
('rblancowe3', '451'),
('rblancowe3', '596'),
('rblancowe3', '621'),
('rblancowe3', '716'),
('rdefries3d', '216'),
('rdefries3d', '308'),
('rdefries3d', '317'),
('rdefries3d', '524'),
('rdefries3d', '541'),
('rdefries3d', '559'),
('rdefries3d', '643'),
('rdefries3d', '743'),
('rdefries3d', '811'),
('rdefries3d', '857'),
('rdefries3d', '955'),
('rdowers48', '39'),
('rdowers48', '73'),
('rdowers48', '171'),
('rdowers48', '402'),
('rdowers48', '425'),
('rdowers48', '453'),
('rdowers48', '639'),
('rdowers48', '706'),
('remes3h', '20'),
('remes3h', '21'),
('remes3h', '71'),
('remes3h', '102'),
('remes3h', '116'),
('remes3h', '214'),
('remes3h', '223'),
('remes3h', '378'),
('remes3h', '506'),
('remes3h', '843'),
('remes3h', '923'),
('rgartrell1z', '139'),
('rgartrell1z', '452'),
('rgartrell1z', '567'),
('rgartrell1z', '644'),
('rgartrell1z', '911'),
('rjoan59', '1'),
('rjoan59', '82'),
('rjoan59', '101'),
('rjoan59', '121'),
('rjoan59', '130'),
('rjoan59', '146'),
('rjoan59', '195'),
('rjoan59', '212'),
('rjoan59', '274'),
('rjoan59', '276'),
('rjoan59', '420'),
('rjoan59', '565'),
('rjoan59', '675'),
('rjoan59', '789'),
('rlebarr51', '42'),
('rlebarr51', '173'),
('rlebarr51', '234'),
('rlebarr51', '285'),
('rlebarr51', '295'),
('rlebarr51', '408'),
('rlebarr51', '481'),
('rlebarr51', '589'),
('rlebarr51', '621'),
('rlebarr51', '752'),
('rlebarr51', '874'),
('rlebarr51', '952'),
('rlebarr51', '994'),
('rluebbert21', '16'),
('rluebbert21', '69'),
('rluebbert21', '98'),
('rluebbert21', '128'),
('rluebbert21', '137'),
('rluebbert21', '274'),
('rluebbert21', '276'),
('rluebbert21', '316'),
('rluebbert21', '358'),
('rluebbert21', '418'),
('rluebbert21', '686'),
('rluebbert21', '700'),
('rluebbert21', '739'),
('rluebbert21', '748'),
('rluebbert21', '839'),
('rluebbert21', '903'),
('rluebbert21', '972'),
('rrosin', '105'),
('rrosin', '154'),
('rrosin', '296'),
('rrosin', '487'),
('rrosin', '685'),
('rrosin', '704'),
('rrosin', '789'),
('rrosin', '818'),
('rsparrow1n', '224'),
('rsparrow1n', '268'),
('rsparrow1n', '485'),
('rsparrow1n', '568'),
('rsparrow1n', '824'),
('rsparrow1n', '945'),
('rsparrow1n', '995'),
('sbartosch2k', '9'),
('sbartosch2k', '288'),
('sbartosch2k', '447'),
('sbartosch2k', '576'),
('sbartosch2k', '642'),
('sbartosch2k', '753'),
('sbartosch2k', '852'),
('sbartosch2k', '995'),
('sbergeon2n', '43'),
('sbergeon2n', '80'),
('sbergeon2n', '359'),
('sbergeon2n', '412'),
('sbergeon2n', '593'),
('sbergeon2n', '719'),
('sbergeon2n', '769'),
('sbrandham2a', '158'),
('sbrandham2a', '291'),
('sbrandham2a', '322'),
('sbrandham2a', '473'),
('sbrandham2a', '503'),
('sbrandham2a', '633'),
('sbrandham2a', '643'),
('sbrandham2a', '964'),
('sbrandham2a', '995'),
('scabotto3f', '16'),
('scabotto3f', '27'),
('scabotto3f', '248'),
('scabotto3f', '251'),
('scabotto3f', '428'),
('scabotto3f', '506'),
('scabotto3f', '722'),
('scabotto3f', '742'),
('scabotto3f', '949'),
('scabotto3f', '986'),
('scroci35', '61'),
('scroci35', '103'),
('scroci35', '134'),
('scroci35', '252'),
('scroci35', '282'),
('scroci35', '332'),
('scroci35', '377'),
('scroci35', '625'),
('scroci35', '634'),
('scroci35', '726'),
('scroci35', '809'),
('scroci35', '835'),
('scroci35', '989'),
('sfulton4i', '8'),
('sfulton4i', '41'),
('sfulton4i', '232'),
('sfulton4i', '444'),
('sfulton4i', '560'),
('sfulton4i', '646'),
('sfulton4i', '679'),
('sfulton4i', '812'),
('sfulton4i', '872'),
('sfulton4i', '943'),
('shargie1i', '72'),
('shargie1i', '94'),
('shargie1i', '208'),
('shargie1i', '568'),
('shargie1i', '576'),
('shargie1i', '818'),
('shargie1i', '966'),
('shargie1i', '990'),
('skopje1c', '349'),
('skopje1c', '457'),
('skopje1c', '575'),
('skopje1c', '647'),
('skopje1c', '702'),
('skopje1c', '721'),
('skopje1c', '907'),
('skopje1c', '937'),
('skopje1c', '958'),
('skopje1c', '959'),
('smaleck5d', '15'),
('smaleck5d', '145'),
('smaleck5d', '531'),
('smaleck5d', '607'),
('smaleck5d', '779'),
('smaleck5d', '943'),
('smcbay4m', '102'),
('smcbay4m', '146'),
('smcbay4m', '168'),
('smcbay4m', '191'),
('smcbay4m', '256'),
('smcbay4m', '358'),
('smcbay4m', '398'),
('smcbay4m', '408'),
('smcbay4m', '417'),
('smcbay4m', '491'),
('smcbay4m', '495'),
('smcbay4m', '626'),
('smcbay4m', '654'),
('smcbay4m', '766'),
('smcbay4m', '875'),
('sofielly2g', '159'),
('sofielly2g', '207'),
('sofielly2g', '427'),
('sofielly2g', '725'),
('sscamal2m', '89'),
('sscamal2m', '131'),
('sscamal2m', '166'),
('sscamal2m', '204'),
('sscamal2m', '220'),
('sscamal2m', '434'),
('sscamal2m', '471'),
('sscamal2m', '761'),
('sscamal2m', '784'),
('sscamal2m', '810'),
('sseefeldt47', '8'),
('sseefeldt47', '155'),
('sseefeldt47', '299'),
('sseefeldt47', '311'),
('sseefeldt47', '339'),
('sseefeldt47', '450'),
('sseefeldt47', '588'),
('sseefeldt47', '757'),
('sseefeldt47', '853'),
('stesto3n', '31'),
('stesto3n', '44'),
('stesto3n', '85'),
('stesto3n', '209'),
('stesto3n', '277'),
('stesto3n', '310'),
('stesto3n', '422'),
('stesto3n', '456'),
('stesto3n', '493'),
('stesto3n', '521'),
('stesto3n', '553'),
('stesto3n', '563'),
('stesto3n', '652'),
('stesto3n', '732'),
('stesto3n', '768'),
('stesto3n', '967'),
('stesto3n', '982'),
('svonderdellt', '94'),
('svonderdellt', '102'),
('svonderdellt', '225'),
('svonderdellt', '245'),
('svonderdellt', '457'),
('svonderdellt', '682'),
('svonderdellt', '794'),
('tfeehan4n', '119'),
('tfeehan4n', '277'),
('tfeehan4n', '462'),
('tfeehan4n', '483'),
('tfeehan4n', '641'),
('tfeehan4n', '720'),
('tfeehan4n', '753'),
('tfeehan4n', '763'),
('tfeehan4n', '766'),
('tfeehan4n', '811'),
('tfeehan4n', '931'),
('tfeehan4n', '942'),
('tmessenger3q', '190'),
('tmessenger3q', '307'),
('tmessenger3q', '414'),
('tmessenger3q', '466'),
('tmessenger3q', '590'),
('tmessenger3q', '627'),
('tmessenger3q', '799'),
('tmessenger3q', '869'),
('tollie52', '8'),
('tollie52', '30'),
('tollie52', '158'),
('tollie52', '177'),
('tollie52', '451'),
('tollie52', '805'),
('tollie52', '955'),
('tpendergrasto', '105'),
('tpendergrasto', '167'),
('tpendergrasto', '172'),
('tpendergrasto', '236'),
('tpendergrasto', '294'),
('tpendergrasto', '520'),
('tpendergrasto', '866'),
('tpendergrasto', '887'),
('tpendergrasto', '954'),
('tpython36', '208'),
('tpython36', '314'),
('tpython36', '332'),
('tpython36', '608'),
('tpython36', '635'),
('tpython36', '701'),
('tpython36', '830'),
('tramsbottom5b', '43'),
('tramsbottom5b', '66'),
('tramsbottom5b', '144'),
('tramsbottom5b', '171'),
('tramsbottom5b', '349'),
('tramsbottom5b', '361'),
('tramsbottom5b', '520'),
('tramsbottom5b', '586'),
('tramsbottom5b', '803'),
('tramsbottom5b', '906'),
('tramsbottom5b', '957'),
('tscreach32', '71'),
('tscreach32', '79'),
('tscreach32', '204'),
('tscreach32', '482'),
('tscreach32', '579'),
('tscreach32', '825'),
('tsheringham5k', '47'),
('tsheringham5k', '146'),
('tsheringham5k', '179'),
('tsheringham5k', '186'),
('tsheringham5k', '225'),
('tsheringham5k', '333'),
('tsheringham5k', '385'),
('tsheringham5k', '388'),
('tsheringham5k', '437'),
('tsheringham5k', '469'),
('tsheringham5k', '492'),
('tsheringham5k', '520'),
('tsheringham5k', '579'),
('tsheringham5k', '806'),
('tsheringham5k', '810'),
('tsheringham5k', '818'),
('tsheringham5k', '855'),
('tsheringham5k', '861'),
('tsheringham5k', '951'),
('twhitechurch2h', '7'),
('twhitechurch2h', '90'),
('twhitechurch2h', '143'),
('twhitechurch2h', '260'),
('twhitechurch2h', '400'),
('twhitechurch2h', '505'),
('twhitechurch2h', '578'),
('twhitechurch2h', '583'),
('twhitechurch2h', '650'),
('twhitechurch2h', '657'),
('twhitechurch2h', '818'),
('twhitechurch2h', '888'),
('twhitechurch2h', '957'),
('twhitechurch2h', '981'),
('twhitechurch2h', '990'),
('uleatherland5j', '80'),
('uleatherland5j', '110'),
('uleatherland5j', '156'),
('uleatherland5j', '242'),
('uleatherland5j', '314'),
('uleatherland5j', '628'),
('uleatherland5j', '717'),
('vconstantinou5r', '46'),
('vconstantinou5r', '169'),
('vconstantinou5r', '621'),
('vconstantinou5r', '645'),
('vconstantinou5r', '929'),
('vissacov3u', '15'),
('vissacov3u', '97'),
('vissacov3u', '122'),
('vissacov3u', '278'),
('vissacov3u', '280'),
('vissacov3u', '288'),
('vissacov3u', '312'),
('vissacov3u', '552'),
('vissacov3u', '616'),
('vissacov3u', '631'),
('vissacov3u', '678'),
('vissacov3u', '803'),
('vissacov3u', '821'),
('vissacov3u', '893'),
('vissacov3u', '896'),
('vrichfieldy', '143'),
('vrichfieldy', '465'),
('vrichfieldy', '490'),
('vrichfieldy', '524'),
('vrichfieldy', '634'),
('vrichfieldy', '848'),
('vrichfieldy', '904'),
('vrichfieldy', '943'),
('vrichfieldy', '988'),
('vsmillieg', '10'),
('vsmillieg', '44'),
('vsmillieg', '94'),
('vsmillieg', '234'),
('vsmillieg', '341'),
('vsmillieg', '343'),
('vsmillieg', '431'),
('vsmillieg', '506'),
('vsmillieg', '515'),
('vsmillieg', '723'),
('vsmillieg', '743'),
('vsmillieg', '858'),
('vsmillieg', '882'),
('vsmillieg', '998'),
('vtremathack2z', '31'),
('vtremathack2z', '42'),
('vtremathack2z', '175'),
('vtremathack2z', '260'),
('vtremathack2z', '401'),
('vtremathack2z', '712'),
('vtremathack2z', '837'),
('wprangley7', '13'),
('wprangley7', '178'),
('wprangley7', '188'),
('wprangley7', '205'),
('wprangley7', '336'),
('wprangley7', '488'),
('wprangley7', '568'),
('wprangley7', '603'),
('wprangley7', '633'),
('wprangley7', '753'),
('wprangley7', '786'),
('wprangley7', '906'),
('wprangley7', '948'),
('wprangley7', '970'),
('wtassell5q', '266'),
('wtassell5q', '390'),
('wtassell5q', '417'),
('wtassell5q', '442'),
('wtassell5q', '579'),
('wtassell5q', '648'),
('wtassell5q', '679'),
('wtassell5q', '720'),
('wtassell5q', '836'),
('wtassell5q', '897'),
('wtassell5q', '969'),
('zgeockle1u', '214'),
('zgeockle1u', '247'),
('zgeockle1u', '295'),
('zgeockle1u', '425'),
('zgeockle1u', '686'),
('zgeockle1u', '846'),
('zgeockle1u', '869'),
('zkrienke6', '24'),
('zkrienke6', '64'),
('zkrienke6', '77'),
('zkrienke6', '105'),
('zkrienke6', '127'),
('zkrienke6', '216'),
('zkrienke6', '403'),
('zkrienke6', '625'),
('zkrienke6', '639'),
('zkrienke6', '797'),
('zkrienke6', '889');

-- --------------------------------------------------------

--
-- Table structure for table `share_list`
--

CREATE TABLE `share_list` (
  `userID` varchar(32) NOT NULL DEFAULT '0',
  `listID` decimal(10,0) NOT NULL DEFAULT '0',
  `permission` varchar(1) NOT NULL DEFAULT 'r'
) ENGINE=InnoDB DEFAULT CHARSET=latin1;

--
-- Dumping data for table `share_list`
--

INSERT INTO `share_list` (`userID`, `listID`, `permission`) VALUES
('aalekhov40', '11', '2'),
('aalekhov40', '26', '2'),
('aalekhov40', '52', '1'),
('aalekhov40', '79', '2'),
('aalekhov40', '138', '1'),
('aalekhov40', '155', '1'),
('aalekhov40', '248', '2'),
('aalekhov40', '345', '2'),
('abitterton53', '29', '2'),
('abitterton53', '65', '2'),
('abitterton53', '92', '2'),
('abitterton53', '196', '1'),
('abitterton53', '270', '2'),
('abitterton53', '298', '1'),
('abitterton53', '319', '1'),
('abitterton53', '363', '2'),
('abitterton53', '403', '2'),
('abitterton53', '421', '1'),
('acheverton0', '15', '1'),
('acheverton0', '108', '1'),
('acheverton0', '147', '2'),
('acheverton0', '185', '1'),
('acheverton0', '205', '2'),
('acheverton0', '230', '1'),
('acheverton0', '250', '1'),
('acheverton0', '277', '1'),
('acheverton0', '317', '1'),
('acheverton0', '326', '2'),
('acheverton0', '413', '2'),
('acheverton0', '432', '2'),
('acrayden44', '38', '1'),
('acrayden44', '49', '1'),
('acrayden44', '91', '1'),
('acrayden44', '148', '1'),
('acrayden44', '171', '1'),
('acrayden44', '240', '2'),
('acrayden44', '266', '2'),
('acrayden44', '313', '2'),
('acrayden44', '324', '1'),
('acrayden44', '329', '2'),
('acrayden44', '373', '1'),
('acrayden44', '420', '2'),
('adipietro1h', '16', '2'),
('adipietro1h', '30', '1'),
('adipietro1h', '40', '2'),
('adipietro1h', '46', '1'),
('adipietro1h', '69', '2'),
('adipietro1h', '197', '1'),
('adipietro1h', '240', '1'),
('adipietro1h', '257', '2'),
('adipietro1h', '264', '1'),
('adipietro1h', '276', '2'),
('adipietro1h', '428', '2'),
('adipietro1h', '434', '1'),
('aedmondson4l', '5', '1'),
('aedmondson4l', '11', '2'),
('aedmondson4l', '28', '1'),
('aedmondson4l', '55', '2'),
('aedmondson4l', '67', '1'),
('aedmondson4l', '111', '1'),
('aedmondson4l', '124', '2'),
('aedmondson4l', '202', '1'),
('aedmondson4l', '231', '1'),
('aedmondson4l', '246', '2'),
('aedmondson4l', '269', '1'),
('aedmondson4l', '298', '1'),
('aedmondson4l', '341', '2'),
('aenright20', '4', '2'),
('aenright20', '21', '2'),
('aenright20', '37', '1'),
('aenright20', '153', '2'),
('aenright20', '340', '1'),
('aenright20', '396', '2'),
('aenright20', '436', '2'),
('afeehely1o', '27', '2'),
('afeehely1o', '52', '2'),
('afeehely1o', '201', '1'),
('afeehely1o', '221', '2'),
('afeehely1o', '223', '2'),
('afeehely1o', '225', '2'),
('afeehely1o', '401', '1'),
('afihelly2l', '6', '1'),
('afihelly2l', '55', '1'),
('afihelly2l', '237', '1'),
('afihelly2l', '263', '1'),
('afihelly2l', '294', '1'),
('afihelly2l', '425', '2'),
('afihelly2l', '430', '1'),
('ahurnr', '177', '2'),
('ahurnr', '297', '2'),
('ahurnr', '362', '1'),
('ahurnr', '378', '2'),
('ahurnr', '412', '1'),
('alequesne4q', '17', '1'),
('alequesne4q', '131', '1'),
('alequesne4q', '135', '2'),
('alequesne4q', '149', '2'),
('alequesne4q', '187', '1'),
('alequesne4q', '213', '2'),
('alequesne4q', '217', '2'),
('alequesne4q', '311', '2'),
('alequesne4q', '356', '1'),
('amicco42', '57', '1'),
('amicco42', '145', '2'),
('amicco42', '233', '2'),
('amicco42', '361', '2'),
('amicco42', '388', '2'),
('amicco42', '404', '1'),
('amicco42', '439', '2'),
('asnasdell3e', '34', '2'),
('asnasdell3e', '37', '1'),
('asnasdell3e', '122', '2'),
('asnasdell3e', '147', '2'),
('asnasdell3e', '259', '1'),
('asnasdell3e', '292', '2'),
('asnasdell3e', '314', '2'),
('asnasdell3e', '406', '2'),
('asnasdell3e', '411', '2'),
('astelfoxx', '29', '2'),
('astelfoxx', '41', '1'),
('astelfoxx', '154', '2'),
('astelfoxx', '218', '2'),
('astelfoxx', '264', '2'),
('astelfoxx', '345', '1'),
('astelfoxx', '382', '1'),
('astelfoxx', '389', '2'),
('astelfoxx', '392', '2'),
('astelfoxx', '421', '2'),
('atassaker4j', '20', '2'),
('atassaker4j', '64', '2'),
('atassaker4j', '75', '1'),
('atassaker4j', '87', '1'),
('atassaker4j', '159', '1'),
('atassaker4j', '183', '2'),
('atassaker4j', '329', '1'),
('atassaker4j', '359', '2'),
('atassaker4j', '400', '1'),
('atassaker4j', '409', '1'),
('atassaker4j', '414', '1'),
('auppett11', '45', '2'),
('auppett11', '133', '2'),
('auppett11', '184', '2'),
('auppett11', '231', '2'),
('auppett11', '234', '2'),
('auppett11', '279', '1'),
('auppett11', '302', '2'),
('auppett11', '332', '1'),
('auppett11', '356', '1'),
('awilbors', '150', '1'),
('awilbors', '174', '2'),
('awilbors', '250', '2'),
('awilbors', '286', '2'),
('awilbors', '347', '1'),
('awilbors', '354', '2'),
('awilbors', '431', '2'),
('bandreazzi3s', '17', '2'),
('bandreazzi3s', '45', '1'),
('bandreazzi3s', '85', '2'),
('bandreazzi3s', '93', '2'),
('bandreazzi3s', '100', '1'),
('bandreazzi3s', '138', '1'),
('bandreazzi3s', '189', '2'),
('bandreazzi3s', '223', '1'),
('bandreazzi3s', '231', '1'),
('bandreazzi3s', '315', '1'),
('bandreazzi3s', '415', '2'),
('bbahike23', '178', '1'),
('bbahike23', '199', '1'),
('bbahike23', '220', '2'),
('bbahike23', '239', '1'),
('bbahike23', '309', '2'),
('bbahike23', '319', '1'),
('bbahike23', '368', '1'),
('bbahike23', '369', '2'),
('bbahike23', '384', '2'),
('bbaxstair1d', '71', '1'),
('bbaxstair1d', '101', '2'),
('bbaxstair1d', '119', '2'),
('bbaxstair1d', '173', '1'),
('bbaxstair1d', '218', '2'),
('bbaxstair1d', '235', '2'),
('bbaxstair1d', '248', '1'),
('bbeminster5a', '8', '2'),
('bbeminster5a', '117', '2'),
('bbeminster5a', '123', '2'),
('bbeminster5a', '137', '2'),
('bbeminster5a', '299', '2'),
('bbeminster5a', '339', '2'),
('bbeminster5a', '429', '1'),
('bfarbrotherq', '9', '1'),
('bfarbrotherq', '95', '2'),
('bfarbrotherq', '141', '1'),
('bfarbrotherq', '144', '2'),
('bfarbrotherq', '208', '2'),
('bfarbrotherq', '265', '1'),
('bfarbrotherq', '350', '2'),
('bfarbrotherq', '363', '2'),
('bfarbrotherq', '368', '2'),
('bfarbrotherq', '406', '2'),
('bfarbrotherq', '426', '1'),
('bfarbrotherq', '433', '1'),
('bflury1j', '103', '1'),
('bflury1j', '140', '1'),
('bflury1j', '253', '1'),
('bflury1j', '261', '2'),
('bflury1j', '276', '1'),
('bflury1j', '372', '1'),
('bflury1j', '389', '2'),
('bflury1j', '406', '2'),
('bflury1j', '431', '2'),
('bjurewicz4a', '32', '2'),
('bjurewicz4a', '85', '2'),
('bjurewicz4a', '94', '2'),
('bjurewicz4a', '100', '1'),
('bjurewicz4a', '171', '2'),
('bjurewicz4a', '233', '2'),
('bjurewicz4a', '319', '2'),
('bjurewicz4a', '333', '1'),
('bjurewicz4a', '335', '1'),
('bjurewicz4a', '348', '2'),
('bjurewicz4a', '369', '2'),
('bjurewicz4a', '417', '2'),
('bjurewicz4a', '422', '1'),
('bmaclaine3y', '58', '1'),
('bmaclaine3y', '87', '1'),
('bmaclaine3y', '147', '2'),
('bmaclaine3y', '167', '2'),
('bmaclaine3y', '205', '1'),
('bmaclaine3y', '303', '1'),
('bmaclaine3y', '321', '2'),
('bmaclaine3y', '364', '2'),
('bmaclaine3y', '384', '2'),
('bpolak2b', '2', '2'),
('bpolak2b', '32', '1'),
('bpolak2b', '57', '1'),
('bpolak2b', '154', '2'),
('bpolak2b', '257', '2'),
('bpolak2b', '334', '1'),
('bpolak2b', '358', '1'),
('bpolak2b', '433', '1'),
('bprendiville1r', '24', '2'),
('bprendiville1r', '73', '2'),
('bprendiville1r', '77', '1'),
('bprendiville1r', '272', '2'),
('bprendiville1r', '414', '2'),
('bprendiville1r', '422', '1'),
('bruddlesden5o', '178', '2'),
('bruddlesden5o', '193', '1'),
('bruddlesden5o', '347', '1'),
('bruddlesden5o', '352', '1'),
('bruddlesden5o', '371', '1'),
('bruddlesden5o', '388', '1'),
('bruddlesden5o', '407', '2'),
('bswiffan3x', '40', '1'),
('bswiffan3x', '102', '1'),
('bswiffan3x', '125', '1'),
('bswiffan3x', '152', '2'),
('bswiffan3x', '160', '2'),
('bswiffan3x', '183', '1'),
('bswiffan3x', '192', '2'),
('bswiffan3x', '219', '2'),
('bswiffan3x', '299', '2'),
('bswiffan3x', '321', '1'),
('bswiffan3x', '350', '2'),
('bswiffan3x', '358', '1'),
('bturgoose18', '113', '1'),
('bturgoose18', '192', '2'),
('bturgoose18', '208', '2'),
('bturgoose18', '270', '2'),
('bturgoose18', '307', '2'),
('bturgoose18', '372', '1'),
('bturgoose18', '379', '2'),
('bturgoose18', '393', '1'),
('carundel3g', '107', '2'),
('carundel3g', '114', '2'),
('carundel3g', '131', '2'),
('carundel3g', '139', '1'),
('carundel3g', '188', '1'),
('carundel3g', '257', '1'),
('carundel3g', '275', '2'),
('carundel3g', '415', '2'),
('ccorpe14', '54', '2'),
('ccorpe14', '59', '1'),
('ccorpe14', '96', '1'),
('ccorpe14', '135', '2'),
('ccorpe14', '215', '1'),
('ccorpe14', '226', '1'),
('ccorpe14', '244', '2'),
('ccorpe14', '314', '1'),
('ccorpe14', '322', '2'),
('ccorpe14', '369', '2'),
('ccriple4t', '8', '2'),
('ccriple4t', '33', '1'),
('ccriple4t', '63', '1'),
('ccriple4t', '116', '1'),
('ccriple4t', '122', '2'),
('ccriple4t', '169', '1'),
('ccriple4t', '291', '2'),
('ccriple4t', '296', '2'),
('ccriple4t', '335', '1'),
('ccriple4t', '359', '2'),
('ccriple4t', '425', '1'),
('ccriple4t', '436', '1'),
('cetheringtonj', '16', '1'),
('cetheringtonj', '23', '1'),
('cetheringtonj', '45', '2'),
('cetheringtonj', '53', '1'),
('cetheringtonj', '114', '1'),
('cetheringtonj', '154', '2'),
('cetheringtonj', '173', '2'),
('cetheringtonj', '187', '1'),
('cetheringtonj', '245', '2'),
('cetheringtonj', '427', '2'),
('cgoforth17', '16', '1'),
('cgoforth17', '138', '1'),
('cgoforth17', '306', '2'),
('cgoforth17', '307', '1'),
('cgoforth17', '355', '2'),
('cgoforth17', '380', '1'),
('cgoforth17', '410', '2'),
('chaddleston1', '9', '1'),
('chaddleston1', '22', '1'),
('chaddleston1', '133', '1'),
('chaddleston1', '151', '1'),
('chaddleston1', '157', '1'),
('chaddleston1', '168', '2'),
('chaddleston1', '194', '1'),
('chaddleston1', '242', '1'),
('chaddleston1', '318', '2'),
('cheskey1t', '101', '1'),
('cheskey1t', '113', '1'),
('cheskey1t', '117', '2'),
('cheskey1t', '183', '2'),
('cheskey1t', '279', '1'),
('cheskey1t', '320', '2'),
('cheskey1t', '377', '1'),
('cheskey1t', '384', '2'),
('cheskey1t', '388', '1'),
('ckobiera1l', '54', '2'),
('ckobiera1l', '137', '2'),
('ckobiera1l', '146', '2'),
('ckobiera1l', '246', '1'),
('ckobiera1l', '271', '2'),
('ckobiera1l', '322', '2'),
('ckobiera1l', '366', '1'),
('cmacgilpatrick3t', '6', '2'),
('cmacgilpatrick3t', '47', '1'),
('cmacgilpatrick3t', '70', '1'),
('cmacgilpatrick3t', '76', '1'),
('cmacgilpatrick3t', '157', '2'),
('cmacgilpatrick3t', '162', '2'),
('cmacgilpatrick3t', '167', '2'),
('cmacgilpatrick3t', '184', '1'),
('cmacgilpatrick3t', '219', '2'),
('cmacgilpatrick3t', '340', '1'),
('cmacgilpatrick3t', '343', '1'),
('cmacgilpatrick3t', '401', '2'),
('cpackington4c', '15', '1'),
('cpackington4c', '60', '2'),
('cpackington4c', '189', '1'),
('cpackington4c', '360', '2'),
('cpilley33', '4', '2'),
('cpilley33', '72', '1'),
('cpilley33', '165', '2'),
('cpilley33', '242', '1'),
('cpilley33', '264', '1'),
('cpilley33', '291', '1'),
('cpilley33', '329', '1'),
('cpilley33', '392', '2'),
('cpilley33', '406', '2'),
('cpinck2s', '24', '1'),
('cpinck2s', '140', '1'),
('cpinck2s', '154', '1'),
('cpinck2s', '342', '1'),
('cpinck2s', '373', '2'),
('cpinck2s', '377', '1'),
('cpinck2s', '385', '1'),
('cpinck2s', '405', '2'),
('cpinck2s', '406', '2'),
('cschinetti4s', '62', '1'),
('cschinetti4s', '119', '1'),
('cschinetti4s', '120', '1'),
('cschinetti4s', '288', '2'),
('cschinetti4s', '311', '1'),
('cschinetti4s', '355', '2'),
('cschinetti4s', '394', '1'),
('csillars54', '11', '1'),
('csillars54', '82', '1'),
('csillars54', '101', '1'),
('csillars54', '143', '2'),
('csillars54', '199', '2'),
('csillars54', '325', '1'),
('csillars54', '363', '1'),
('csillars54', '370', '2'),
('csillars54', '402', '1'),
('csillars54', '414', '2'),
('ctrump3o', '17', '2'),
('ctrump3o', '81', '2'),
('ctrump3o', '134', '2'),
('ctrump3o', '224', '2'),
('ctrump3o', '395', '1'),
('ctrump3o', '428', '1'),
('cwattingham4x', '95', '1'),
('cwattingham4x', '172', '2'),
('cwattingham4x', '180', '2'),
('cwattingham4x', '260', '2'),
('cwattingham4x', '300', '2'),
('cwattingham4x', '311', '2'),
('cwattingham4x', '318', '2'),
('cwattingham4x', '325', '2'),
('cwattingham4x', '402', '2'),
('cwattingham4x', '438', '2'),
('cwhysall34', '4', '2'),
('cwhysall34', '10', '1'),
('cwhysall34', '17', '2'),
('cwhysall34', '101', '2'),
('cwhysall34', '137', '2'),
('cwhysall34', '141', '1'),
('cwhysall34', '145', '2'),
('cwhysall34', '204', '2'),
('cwhysall34', '268', '2'),
('cwhysall34', '300', '2'),
('cwhysall34', '361', '1'),
('cwhysall34', '388', '1'),
('dbraunstein5m', '45', '2'),
('dbraunstein5m', '119', '1'),
('dbraunstein5m', '133', '1'),
('dbraunstein5m', '161', '2'),
('dbraunstein5m', '215', '1'),
('dbraunstein5m', '237', '2'),
('dbraunstein5m', '247', '1'),
('dczyz3a', '33', '1'),
('dczyz3a', '48', '1'),
('dczyz3a', '96', '1'),
('dczyz3a', '160', '1'),
('dczyz3a', '285', '1'),
('dczyz3a', '417', '2'),
('dczyz3a', '429', '2'),
('ddelacey27', '15', '1'),
('ddelacey27', '78', '1'),
('ddelacey27', '92', '1'),
('ddelacey27', '142', '2'),
('ddelacey27', '326', '1'),
('ddelacey27', '385', '2'),
('ddelacey27', '406', '2'),
('ddelacey27', '419', '2'),
('ddelacey27', '423', '2'),
('deatock4e', '3', '1'),
('deatock4e', '37', '1'),
('deatock4e', '66', '1'),
('deatock4e', '74', '2'),
('deatock4e', '99', '2'),
('deatock4e', '100', '1'),
('deatock4e', '179', '2'),
('deatock4e', '201', '1'),
('deatock4e', '325', '2'),
('deatock4e', '399', '1'),
('deatock4e', '422', '1'),
('deatock4e', '425', '2'),
('deatock4e', '428', '1'),
('dfoxleyc', '69', '1'),
('dfoxleyc', '105', '2'),
('dfoxleyc', '188', '2'),
('dfoxleyc', '217', '2'),
('dfoxleyc', '285', '2'),
('dfoxleyc', '295', '2'),
('dfoxleyc', '313', '1'),
('dfoxleyc', '370', '1'),
('dfoxleyc', '378', '1'),
('dfoxleyc', '392', '2'),
('dfoxleyc', '395', '1'),
('dfoxleyc', '411', '1'),
('djendrys13', '37', '2'),
('djendrys13', '69', '2'),
('djendrys13', '117', '2'),
('djendrys13', '121', '1'),
('djendrys13', '320', '1'),
('djendrys13', '331', '1'),
('djendrys13', '339', '1'),
('djendrys13', '375', '1'),
('djendrys13', '416', '2'),
('dkinzett4o', '8', '1'),
('dkinzett4o', '90', '2'),
('dkinzett4o', '99', '1'),
('dkinzett4o', '157', '1'),
('dkinzett4o', '352', '2'),
('dkinzett4o', '361', '1'),
('dkinzett4o', '432', '2'),
('dlautie1y', '42', '1'),
('dlautie1y', '110', '1'),
('dlautie1y', '162', '2'),
('dlautie1y', '195', '1'),
('dlautie1y', '254', '2'),
('dlautie1y', '339', '2'),
('dlautie1y', '373', '2'),
('dlautie1y', '406', '2'),
('dlautie1y', '407', '2'),
('dlautie1y', '428', '2'),
('dlautie1y', '438', '1'),
('dlegricek', '6', '1'),
('dlegricek', '34', '2'),
('dlegricek', '36', '1'),
('dlegricek', '106', '2'),
('dlegricek', '119', '1'),
('dlegricek', '151', '1'),
('dlegricek', '216', '2'),
('dlegricek', '232', '2'),
('dlegricek', '243', '1'),
('dlegricek', '271', '1'),
('dlegricek', '427', '1'),
('dmitchleyh', '10', '2'),
('dmitchleyh', '82', '1'),
('dmitchleyh', '93', '1'),
('dmitchleyh', '110', '1'),
('dmitchleyh', '159', '2'),
('dmitchleyh', '161', '1'),
('dmitchleyh', '237', '1'),
('dmitchleyh', '392', '1'),
('dmitchleyh', '411', '2'),
('dponder4f', '7', '1'),
('dponder4f', '86', '1'),
('dponder4f', '127', '1'),
('dponder4f', '150', '1'),
('dponder4f', '151', '1'),
('dponder4f', '240', '1'),
('dponder4f', '257', '2'),
('dponder4f', '381', '1'),
('dponder4f', '417', '2'),
('drogister2w', '27', '2'),
('drogister2w', '45', '2'),
('drogister2w', '66', '1'),
('drogister2w', '263', '2'),
('drogister2w', '296', '1'),
('drogister2w', '391', '2'),
('dspick3b', '108', '2'),
('dspick3b', '190', '1'),
('dspick3b', '210', '1'),
('dspick3b', '247', '2'),
('dspick3b', '254', '1'),
('dspick3b', '404', '1'),
('dstoyell5h', '36', '2'),
('dstoyell5h', '59', '1'),
('dstoyell5h', '83', '2'),
('dstoyell5h', '219', '1'),
('dstoyell5h', '282', '2'),
('dstoyell5h', '289', '2'),
('dstoyell5h', '341', '2'),
('dstoyell5h', '403', '2'),
('dstoyell5h', '421', '2'),
('dstoyell5h', '431', '1'),
('dyuryev3c', '21', '2'),
('dyuryev3c', '71', '2'),
('dyuryev3c', '224', '1'),
('dyuryev3c', '236', '1'),
('dyuryev3c', '240', '1'),
('dyuryev3c', '336', '2'),
('dyuryev3c', '358', '1'),
('dyuryev3c', '379', '2'),
('dyuryev3c', '409', '2'),
('eadamides2d', '9', '2'),
('eadamides2d', '57', '2'),
('eadamides2d', '59', '2'),
('eadamides2d', '64', '1'),
('eadamides2d', '176', '2'),
('eadamides2d', '185', '1'),
('eadamides2d', '266', '1'),
('eadamides2d', '335', '2'),
('eadamides2d', '347', '2'),
('eadamides2d', '409', '1'),
('eaitken1k', '60', '2'),
('eaitken1k', '63', '1'),
('eaitken1k', '161', '2'),
('eaitken1k', '203', '1'),
('eaitken1k', '274', '1'),
('eaitken1k', '337', '1'),
('eaitken1k', '373', '2'),
('eaitken1k', '400', '1'),
('ebatterson10', '10', '2'),
('ebatterson10', '13', '1'),
('ebatterson10', '30', '2'),
('ebatterson10', '88', '1'),
('ebatterson10', '105', '1'),
('ebatterson10', '237', '2'),
('ebatterson10', '252', '2'),
('ebatterson10', '338', '1'),
('ebatterson10', '436', '2'),
('econibear2', '43', '1'),
('econibear2', '94', '2'),
('econibear2', '99', '1'),
('econibear2', '117', '2'),
('econibear2', '267', '1'),
('econibear2', '420', '2'),
('ehorbath3k', '75', '1'),
('ehorbath3k', '83', '1'),
('ehorbath3k', '95', '1'),
('ehorbath3k', '122', '1'),
('ehorbath3k', '137', '2'),
('ehorbath3k', '168', '1'),
('ehorbath3k', '251', '1'),
('ehorbath3k', '394', '2'),
('ehorbath3k', '411', '1'),
('ehugill55', '138', '1'),
('ehugill55', '221', '1'),
('ehugill55', '227', '1'),
('ehugill55', '233', '2'),
('ehugill55', '237', '2'),
('ehugill55', '333', '1'),
('ekimmitt5c', '26', '1'),
('ekimmitt5c', '28', '2'),
('ekimmitt5c', '31', '1'),
('ekimmitt5c', '36', '1'),
('ekimmitt5c', '224', '2'),
('ekimmitt5c', '244', '1'),
('ekimmitt5c', '258', '1'),
('ekimmitt5c', '313', '1'),
('ekimmitt5c', '320', '1'),
('ekimmitt5c', '336', '1'),
('ekimmitt5c', '363', '2'),
('epeddie5', '14', '1'),
('epeddie5', '33', '1'),
('epeddie5', '42', '2'),
('epeddie5', '197', '1'),
('epeddie5', '239', '2'),
('epeddie5', '268', '2'),
('epeddie5', '310', '1'),
('epeddie5', '326', '2'),
('epeddie5', '380', '2'),
('erosbotham1m', '28', '1'),
('erosbotham1m', '74', '2'),
('erosbotham1m', '132', '2'),
('erosbotham1m', '274', '1'),
('erosbotham1m', '302', '2'),
('erosbotham1m', '329', '1'),
('erosbotham1m', '396', '1'),
('erosbotham1m', '397', '1'),
('eswane3i', '1', '1'),
('eswane3i', '4', '1'),
('eswane3i', '115', '2'),
('eswane3i', '177', '2'),
('eswane3i', '283', '1'),
('eswane3i', '320', '1'),
('eswane3i', '333', '1'),
('eswane3i', '377', '1'),
('eswane3i', '421', '2'),
('flepick15', '77', '1'),
('flepick15', '178', '2'),
('flepick15', '288', '2'),
('flepick15', '293', '2'),
('flepick15', '299', '2'),
('flepick15', '427', '2'),
('fstachini3j', '181', '1'),
('fstachini3j', '182', '1'),
('fstachini3j', '332', '2'),
('fstachini3j', '364', '2'),
('fstachini3j', '368', '2'),
('fstachini3j', '372', '1'),
('fstephens50', '15', '1'),
('fstephens50', '61', '1'),
('fstephens50', '69', '1'),
('fstephens50', '91', '1'),
('fstephens50', '138', '2'),
('fstephens50', '174', '1'),
('fstephens50', '256', '1'),
('fstephens50', '276', '1'),
('fstephens50', '290', '1'),
('fstephens50', '400', '1'),
('ggentric4b', '16', '2'),
('ggentric4b', '107', '1'),
('ggentric4b', '140', '1'),
('ggentric4b', '151', '2'),
('ggentric4b', '153', '1'),
('ggentric4b', '239', '1'),
('ggentric4b', '307', '1'),
('gheeks45', '22', '2'),
('gheeks45', '47', '2'),
('gheeks45', '61', '2'),
('gheeks45', '77', '1'),
('gheeks45', '159', '1'),
('gheeks45', '189', '2'),
('gheeks45', '202', '2'),
('gheeks45', '218', '2'),
('gheeks45', '349', '2'),
('gheeks45', '363', '1'),
('gkaesmans9', '1', '1'),
('gkaesmans9', '13', '2'),
('gkaesmans9', '74', '2'),
('gkaesmans9', '199', '1'),
('gkaesmans9', '431', '1'),
('gkreutzer5l', '100', '2'),
('gkreutzer5l', '127', '1'),
('gkreutzer5l', '174', '1'),
('gkreutzer5l', '197', '2'),
('gkreutzer5l', '216', '2'),
('gkreutzer5l', '345', '2'),
('gkreutzer5l', '415', '1'),
('gkreutzer5l', '433', '1'),
('glantoph3w', '83', '1'),
('glantoph3w', '94', '1'),
('glantoph3w', '145', '1'),
('glantoph3w', '170', '2'),
('glantoph3w', '215', '1'),
('glantoph3w', '260', '1'),
('glantoph3w', '290', '2'),
('glantoph3w', '294', '2'),
('glantoph3w', '318', '2'),
('glantoph3w', '333', '2'),
('glantoph3w', '407', '1'),
('gnode1a', '45', '2'),
('gnode1a', '126', '1'),
('gnode1a', '132', '2'),
('gnode1a', '138', '2'),
('gnode1a', '153', '1'),
('gnode1a', '234', '2'),
('gnode1a', '332', '1'),
('gnode1a', '376', '1'),
('gnode1a', '407', '2'),
('gnode1a', '428', '2'),
('grubenov4w', '17', '2'),
('grubenov4w', '32', '1'),
('grubenov4w', '69', '2'),
('grubenov4w', '75', '1'),
('grubenov4w', '83', '1'),
('grubenov4w', '131', '1'),
('grubenov4w', '137', '1'),
('grubenov4w', '153', '2'),
('grubenov4w', '245', '1'),
('grubenov4w', '286', '2'),
('grubenov4w', '311', '1'),
('grubenov4w', '342', '2'),
('gtorald24', '93', '1'),
('gtorald24', '102', '2'),
('gtorald24', '217', '2'),
('gtorald24', '240', '2'),
('gtorald24', '328', '1'),
('gtorald24', '354', '1'),
('gtorald24', '403', '2'),
('hcasine8', '22', '2'),
('hcasine8', '33', '2'),
('hcasine8', '96', '2'),
('hcasine8', '198', '1'),
('hcasine8', '225', '2'),
('hcasine8', '293', '1'),
('hcasine8', '332', '1'),
('hcasine8', '345', '1'),
('hcasine8', '355', '2'),
('hcasine8', '382', '1'),
('hcasine8', '423', '1'),
('hfreemantle2y', '73', '1'),
('hfreemantle2y', '157', '2'),
('hfreemantle2y', '189', '2'),
('hfreemantle2y', '376', '2'),
('hfreemantle2y', '402', '1'),
('hmccague4p', '34', '1'),
('hmccague4p', '38', '1'),
('hmccague4p', '146', '1'),
('hmccague4p', '170', '2'),
('hmccague4p', '262', '1'),
('hmccague4p', '300', '2'),
('hmccague4p', '344', '2'),
('hmccague4p', '407', '1'),
('hmyricka', '9', '1'),
('hmyricka', '21', '2'),
('hmyricka', '28', '1'),
('hmyricka', '42', '2'),
('hmyricka', '106', '1'),
('hmyricka', '186', '1'),
('hmyricka', '216', '1'),
('hmyricka', '232', '1'),
('hmyricka', '269', '2'),
('hmyricka', '282', '2'),
('hmyricka', '358', '1'),
('hmyricka', '408', '1'),
('hravenshaw4d', '10', '2'),
('hravenshaw4d', '15', '1'),
('hravenshaw4d', '56', '1'),
('hravenshaw4d', '130', '2'),
('hravenshaw4d', '162', '1'),
('hravenshaw4d', '241', '1'),
('hravenshaw4d', '261', '1'),
('hravenshaw4d', '312', '2'),
('hravenshaw4d', '356', '1'),
('hschoroder2v', '103', '2'),
('hschoroder2v', '149', '2'),
('hschoroder2v', '170', '1'),
('hschoroder2v', '176', '1'),
('hschoroder2v', '233', '2'),
('hschoroder2v', '260', '2'),
('hschoroder2v', '317', '1'),
('hschoroder2v', '424', '1'),
('hschoroder2v', '435', '1'),
('hwindress26', '25', '1'),
('hwindress26', '84', '2'),
('hwindress26', '208', '2'),
('hwindress26', '219', '2'),
('hwindress26', '220', '1'),
('hwindress26', '222', '1'),
('hwindress26', '327', '1'),
('hwindress26', '364', '2'),
('ibeebis31', '39', '1'),
('ibeebis31', '96', '2'),
('ibeebis31', '102', '2'),
('ibeebis31', '152', '1'),
('ibeebis31', '178', '1'),
('ibeebis31', '224', '2'),
('ibeebis31', '312', '2'),
('ibeebis31', '370', '1'),
('ibeebis31', '378', '2'),
('iborland5n', '24', '1'),
('iborland5n', '38', '2'),
('iborland5n', '85', '1'),
('iborland5n', '143', '1'),
('iborland5n', '222', '2'),
('iborland5n', '275', '1'),
('iborland5n', '287', '2'),
('iborland5n', '330', '1'),
('iborland5n', '369', '2'),
('iborland5n', '388', '2'),
('iborland5n', '394', '2'),
('ibrabonf', '34', '1'),
('ibrabonf', '70', '2'),
('ibrabonf', '84', '2'),
('ibrabonf', '94', '1'),
('ibrabonf', '128', '1'),
('ibrabonf', '232', '1'),
('ibrabonf', '249', '2'),
('ibrabonf', '309', '1'),
('ibrabonf', '331', '2'),
('ibrabonf', '362', '1'),
('ibrabonf', '390', '2'),
('ibrabonf', '431', '1'),
('isamweyes56', '40', '1'),
('isamweyes56', '85', '2'),
('isamweyes56', '220', '2'),
('isamweyes56', '243', '1'),
('isamweyes56', '279', '2'),
('isamweyes56', '378', '1'),
('iswetmorei', '155', '2'),
('iswetmorei', '170', '2'),
('iswetmorei', '179', '1'),
('iswetmorei', '201', '2'),
('iswetmorei', '225', '2'),
('iswetmorei', '252', '1'),
('jbugden41', '51', '2'),
('jbugden41', '52', '1'),
('jbugden41', '71', '1'),
('jbugden41', '308', '1'),
('jbugden41', '383', '1'),
('jbugden41', '411', '2'),
('jeastwood3v', '25', '1'),
('jeastwood3v', '89', '2'),
('jeastwood3v', '231', '2'),
('jeastwood3v', '255', '2'),
('jeastwood3v', '318', '1'),
('jeastwood3v', '330', '2'),
('jeastwood3v', '331', '2'),
('jeastwood3v', '343', '1'),
('jeastwood3v', '395', '1'),
('jgianasi2t', '20', '2'),
('jgianasi2t', '22', '1'),
('jgianasi2t', '28', '1'),
('jgianasi2t', '93', '1'),
('jgianasi2t', '143', '1'),
('jgianasi2t', '212', '1'),
('jgianasi2t', '235', '2'),
('jgianasi2t', '244', '2'),
('jgianasi2t', '316', '2'),
('jgianasi2t', '387', '1'),
('jgianasi2t', '410', '2'),
('jgianasi2t', '435', '1'),
('jguyonnet2u', '37', '2'),
('jguyonnet2u', '198', '1'),
('jguyonnet2u', '218', '1'),
('jguyonnet2u', '222', '2'),
('jguyonnet2u', '227', '1'),
('jguyonnet2u', '238', '2'),
('jguyonnet2u', '241', '2'),
('jguyonnet2u', '263', '2'),
('jguyonnet2u', '382', '2'),
('jivanichev4v', '18', '2'),
('jivanichev4v', '51', '2'),
('jivanichev4v', '67', '2'),
('jivanichev4v', '122', '2'),
('jivanichev4v', '144', '2'),
('jivanichev4v', '149', '1'),
('jivanichev4v', '155', '1'),
('jivanichev4v', '235', '2'),
('jivanichev4v', '389', '2'),
('jkey4h', '118', '1'),
('jkey4h', '127', '1'),
('jkey4h', '157', '2'),
('jkey4h', '230', '2'),
('jkey4h', '257', '1'),
('jkey4h', '275', '1'),
('jkey4h', '285', '1'),
('jkey4h', '387', '1'),
('jkey4h', '398', '2'),
('jkey4h', '417', '2'),
('jolooney2r', '14', '1'),
('jolooney2r', '58', '1'),
('jolooney2r', '118', '1'),
('jolooney2r', '254', '1'),
('jolooney2r', '278', '2'),
('jolooney2r', '291', '1'),
('jolooney2r', '318', '1'),
('jolooney2r', '331', '1'),
('jolooney2r', '338', '2'),
('jolooney2r', '353', '1'),
('jolooney2r', '391', '1'),
('jolooney2r', '408', '1'),
('jpenmanu', '48', '2'),
('jpenmanu', '121', '2'),
('jpenmanu', '137', '1'),
('jpenmanu', '198', '2'),
('jpenmanu', '242', '1'),
('jpenmanu', '262', '2'),
('jpenmanu', '281', '2'),
('jpenmanu', '360', '2'),
('jpenmanu', '370', '1'),
('jridgeway25', '64', '2'),
('jridgeway25', '72', '2'),
('jridgeway25', '175', '2'),
('jridgeway25', '369', '2'),
('jridgeway25', '416', '2'),
('jsackes3z', '56', '2'),
('jsackes3z', '90', '2'),
('jsackes3z', '93', '1'),
('jsackes3z', '132', '1'),
('jsackes3z', '167', '2'),
('jsackes3z', '229', '1'),
('jsackes3z', '367', '1'),
('jsackes3z', '379', '2'),
('jsackes3z', '428', '2'),
('jsirmon4z', '17', '1'),
('jsirmon4z', '49', '2'),
('jsirmon4z', '134', '2'),
('jsirmon4z', '262', '2'),
('jsirmon4z', '321', '1'),
('jsirmon4z', '345', '2'),
('jsummerly2c', '70', '2'),
('jsummerly2c', '156', '1'),
('jsummerly2c', '191', '1'),
('jsummerly2c', '235', '1'),
('jsummerly2c', '352', '1'),
('kauldsz', '24', '1'),
('kauldsz', '140', '2'),
('kauldsz', '186', '1'),
('kauldsz', '268', '1'),
('kauldsz', '311', '1'),
('kbramham37', '36', '2'),
('kbramham37', '92', '2'),
('kbramham37', '110', '2'),
('kbramham37', '282', '2'),
('kbramham37', '301', '2'),
('kbramham37', '328', '1'),
('kbramham37', '349', '1'),
('kbramham37', '363', '1'),
('kbramham37', '400', '2'),
('kbramham37', '420', '2'),
('kdancey5g', '69', '1'),
('kdancey5g', '104', '2'),
('kdancey5g', '143', '1'),
('kdancey5g', '240', '2'),
('kdancey5g', '245', '2'),
('kdancey5g', '294', '1'),
('kdancey5g', '360', '1'),
('kdancey5g', '385', '1'),
('kdegliabbati5f', '53', '2'),
('kdegliabbati5f', '84', '2'),
('kdegliabbati5f', '99', '1'),
('kdegliabbati5f', '127', '2'),
('kdegliabbati5f', '150', '2'),
('kdegliabbati5f', '164', '1'),
('kdegliabbati5f', '174', '1'),
('kdegliabbati5f', '231', '2'),
('kdegliabbati5f', '275', '2'),
('kdegliabbati5f', '278', '1'),
('kdegliabbati5f', '349', '1'),
('kedel4k', '36', '1'),
('kedel4k', '39', '1'),
('kedel4k', '56', '1'),
('kedel4k', '94', '2'),
('kedel4k', '119', '2'),
('kedel4k', '213', '2'),
('kedel4k', '343', '1'),
('kedel4k', '358', '1'),
('kedel4k', '380', '1'),
('kfeld58', '2', '2'),
('kfeld58', '109', '2'),
('kfeld58', '123', '1'),
('kfeld58', '137', '2'),
('kfeld58', '171', '1'),
('kfeld58', '195', '2'),
('kfeld58', '338', '1'),
('kfeld58', '365', '1'),
('kfeld58', '395', '2'),
('kfeld58', '408', '2'),
('kfideler30', '8', '1'),
('kfideler30', '21', '2'),
('kfideler30', '29', '1'),
('kfideler30', '126', '2'),
('kfideler30', '278', '1'),
('kfideler30', '279', '2'),
('kfideler30', '288', '1'),
('kfideler30', '309', '1'),
('kfideler30', '350', '1'),
('kfideler30', '379', '2'),
('klutmanp', '17', '2'),
('klutmanp', '99', '2'),
('klutmanp', '175', '1'),
('klutmanp', '224', '2'),
('klutmanp', '278', '2'),
('klutmanp', '322', '2'),
('klutmanp', '325', '1'),
('klutmanp', '409', '2'),
('klutmanp', '432', '1'),
('kmainwaringm', '91', '2'),
('kmainwaringm', '119', '2'),
('kmainwaringm', '152', '2'),
('kmainwaringm', '162', '2'),
('kmainwaringm', '197', '1'),
('kmainwaringm', '210', '2'),
('kmainwaringm', '216', '1'),
('kmainwaringm', '225', '1'),
('kmainwaringm', '254', '2'),
('kmainwaringm', '258', '2'),
('kmainwaringm', '310', '1'),
('kmainwaringm', '427', '2'),
('kmcardle4g', '25', '1'),
('kmcardle4g', '46', '2'),
('kmcardle4g', '71', '2'),
('kmcardle4g', '136', '2'),
('kmcardle4g', '314', '2'),
('kmcardle4g', '316', '1'),
('kmcardle4g', '333', '2'),
('kmcardle4g', '368', '2'),
('kmcardle4g', '376', '2'),
('kmcardle4g', '397', '2'),
('kmcardle4g', '421', '2'),
('krenackownaw', '173', '2'),
('krenackownaw', '221', '1'),
('krenackownaw', '293', '1'),
('krenackownaw', '349', '1'),
('krenackownaw', '398', '2'),
('krenackownaw', '424', '2'),
('krodman3l', '3', '1'),
('krodman3l', '24', '1'),
('krodman3l', '81', '1'),
('krodman3l', '83', '2'),
('krodman3l', '85', '1'),
('krodman3l', '120', '1'),
('krodman3l', '121', '2'),
('krodman3l', '132', '2'),
('krodman3l', '275', '2'),
('krodman3l', '291', '1'),
('krodman3l', '293', '2'),
('krodman3l', '349', '2'),
('krodman3l', '388', '2'),
('ksemon3r', '61', '2'),
('ksemon3r', '103', '2'),
('ksemon3r', '124', '1'),
('ksemon3r', '151', '2'),
('ksemon3r', '161', '1'),
('ksemon3r', '191', '2'),
('ksemon3r', '221', '2'),
('ksemon3r', '292', '1'),
('ksemon3r', '297', '1'),
('ksemon3r', '335', '1'),
('ksemon3r', '379', '1'),
('kwhyard1g', '65', '1'),
('kwhyard1g', '178', '2'),
('kwhyard1g', '254', '2'),
('kwhyard1g', '270', '2'),
('kwhyard1g', '279', '1'),
('kwhyard1g', '343', '1'),
('kwhyard1g', '353', '1'),
('kwhyard1g', '432', '2'),
('lbeany16', '5', '2'),
('lbeany16', '58', '1'),
('lbeany16', '79', '1'),
('lbeany16', '81', '1'),
('lbeany16', '124', '2'),
('lbeany16', '148', '2'),
('lbeany16', '152', '2'),
('lbeany16', '155', '2'),
('lbeany16', '194', '2'),
('lbeany16', '254', '1'),
('lbeany16', '404', '2'),
('lclaffey3p', '1', '1'),
('lclaffey3p', '100', '2'),
('lclaffey3p', '163', '2'),
('lclaffey3p', '244', '1'),
('lclaffey3p', '263', '2'),
('lclaffey3p', '265', '2'),
('lclaffey3p', '285', '1'),
('lclaffey3p', '312', '2'),
('lclaffey3p', '389', '1'),
('lnoble46', '15', '2'),
('lnoble46', '99', '1'),
('lnoble46', '114', '1'),
('lnoble46', '236', '2'),
('lnoble46', '339', '2'),
('lnoble46', '403', '2'),
('lpreshous39', '38', '2'),
('lpreshous39', '120', '2'),
('lpreshous39', '163', '2'),
('lstollmeyer49', '123', '2'),
('lstollmeyer49', '129', '1'),
('lstollmeyer49', '144', '1'),
('lstollmeyer49', '312', '1'),
('lstollmeyer49', '336', '2'),
('lstollmeyer49', '355', '2'),
('lstollmeyer49', '428', '2'),
('lstollmeyer49', '437', '1'),
('marmatidge5e', '113', '2'),
('marmatidge5e', '182', '1'),
('marmatidge5e', '235', '1'),
('marmatidge5e', '288', '2'),
('marmatidge5e', '313', '1'),
('marmatidge5e', '332', '1'),
('marmatidge5e', '351', '1'),
('maujean2e', '32', '2'),
('maujean2e', '110', '2'),
('maujean2e', '172', '2'),
('maujean2e', '195', '1'),
('maujean2e', '228', '1'),
('maujean2e', '248', '2'),
('maujean2e', '283', '1'),
('maujean2e', '367', '2'),
('maujean2e', '394', '1'),
('mcrispe1v', '123', '2'),
('mcrispe1v', '184', '2'),
('mcrispe1v', '190', '2'),
('mcrispe1v', '215', '2'),
('mcrispe1v', '232', '1'),
('mcrispe1v', '352', '1'),
('mcrispe1v', '374', '2'),
('mcrispe1v', '391', '1'),
('mcrispe1v', '405', '1'),
('mescot19', '21', '2'),
('mescot19', '50', '1'),
('mescot19', '113', '2'),
('mescot19', '116', '2'),
('mescot19', '158', '2'),
('mescot19', '178', '1'),
('mescot19', '215', '1'),
('mescot19', '307', '2'),
('mescot19', '359', '2'),
('mescot19', '366', '2'),
('mescot19', '373', '2'),
('mfaires4u', '27', '1'),
('mfaires4u', '46', '1'),
('mfaires4u', '67', '1'),
('mfaires4u', '108', '2'),
('mfaires4u', '111', '2'),
('mfaires4u', '124', '2'),
('mfaires4u', '196', '2'),
('mfaires4u', '336', '2'),
('mfaires4u', '403', '1'),
('mfaires4u', '412', '2'),
('mfulcher1s', '8', '1'),
('mfulcher1s', '11', '2'),
('mfulcher1s', '37', '1'),
('mfulcher1s', '57', '1'),
('mfulcher1s', '78', '2'),
('mfulcher1s', '232', '1'),
('mfulcher1s', '250', '1'),
('mfulcher1s', '415', '2'),
('mfurminger2o', '40', '2'),
('mfurminger2o', '43', '1'),
('mfurminger2o', '55', '2'),
('mfurminger2o', '91', '1'),
('mfurminger2o', '147', '1'),
('mfurminger2o', '175', '1'),
('mfurminger2o', '209', '1'),
('mfurminger2o', '218', '1'),
('mfurminger2o', '272', '1'),
('mfurminger2o', '388', '2'),
('mhabeshaw29', '59', '1'),
('mhabeshaw29', '60', '2'),
('mhabeshaw29', '69', '1'),
('mhabeshaw29', '73', '2'),
('mhabeshaw29', '99', '1'),
('mhabeshaw29', '133', '2'),
('mhabeshaw29', '254', '2'),
('mhabeshaw29', '365', '2'),
('mhabeshaw29', '402', '1'),
('mhunnaball1f', '24', '1'),
('mhunnaball1f', '78', '1'),
('mhunnaball1f', '119', '2'),
('mhunnaball1f', '223', '2'),
('mhunnaball1f', '279', '2'),
('mhunnaball1f', '349', '1'),
('mhunnaball1f', '379', '2'),
('mjolly2i', '205', '2'),
('mjolly2i', '240', '2'),
('mjolly2i', '281', '2'),
('mjolly2i', '284', '2'),
('mjolly2i', '288', '2'),
('mjolly2i', '322', '1'),
('mjolly2i', '411', '2'),
('mjorioz2j', '16', '2'),
('mjorioz2j', '117', '1'),
('mjorioz2j', '183', '1'),
('mjorioz2j', '318', '2'),
('mjorioz2j', '338', '2'),
('mjorioz2j', '343', '2'),
('mjorioz2j', '403', '1'),
('mjorioz2j', '420', '2'),
('mkeir5i', '7', '2'),
('mkeir5i', '68', '1'),
('mkeir5i', '173', '1'),
('mkeir5i', '295', '2'),
('mkeir5i', '347', '1'),
('mkeir5i', '370', '1'),
('mkeir5i', '374', '2'),
('mkeir5i', '424', '2'),
('mketteman1b', '16', '2'),
('mketteman1b', '28', '2'),
('mketteman1b', '104', '1'),
('mketteman1b', '110', '2'),
('mketteman1b', '119', '1'),
('mketteman1b', '122', '2'),
('mketteman1b', '142', '2'),
('mketteman1b', '150', '1'),
('mketteman1b', '193', '2'),
('mketteman1b', '215', '2'),
('mketteman1b', '248', '2'),
('mketteman1b', '269', '2'),
('mketteman1b', '274', '2'),
('mketteman1b', '361', '1'),
('mkynnd2q', '84', '1'),
('mkynnd2q', '167', '1'),
('mkynnd2q', '193', '2'),
('mkynnd2q', '256', '2'),
('mkynnd2q', '308', '2'),
('mkynnd2q', '322', '1'),
('mkynnd2q', '370', '2'),
('mmcilroy5p', '7', '1'),
('mmcilroy5p', '27', '2'),
('mmcilroy5p', '48', '1'),
('mmcilroy5p', '60', '2'),
('mmcilroy5p', '98', '2'),
('mmcilroy5p', '101', '1'),
('mmcilroy5p', '118', '1'),
('mmcilroy5p', '137', '1'),
('mmcilroy5p', '239', '2'),
('mmcilroy5p', '268', '2'),
('mmcilroy5p', '323', '1'),
('mmuck57', '24', '1'),
('mmuck57', '80', '1'),
('mmuck57', '83', '2'),
('mmuck57', '174', '2'),
('mmuck57', '263', '2'),
('mmuck57', '328', '1'),
('mmuck57', '409', '1'),
('mmuck57', '421', '1'),
('mmuck57', '425', '1'),
('mmuck57', '428', '2'),
('molooney2p', '173', '1'),
('molooney2p', '294', '2'),
('molooney2p', '314', '2'),
('molooney2p', '386', '1'),
('molooney2p', '422', '1'),
('mraggv', '32', '2'),
('mraggv', '58', '2'),
('mraggv', '60', '2'),
('mraggv', '98', '1'),
('mraggv', '144', '2'),
('mraggv', '242', '1'),
('mraggv', '281', '2'),
('mraggv', '333', '2'),
('mraggv', '373', '2'),
('mranscomb4', '1', '2'),
('mranscomb4', '22', '1'),
('mranscomb4', '87', '2'),
('mranscomb4', '100', '1'),
('mranscomb4', '109', '2'),
('mranscomb4', '124', '1'),
('mranscomb4', '207', '1'),
('mranscomb4', '304', '1'),
('mranscomb4', '397', '2'),
('msings4r', '94', '1'),
('msings4r', '169', '1'),
('msings4r', '251', '1'),
('msings4r', '321', '1'),
('msings4r', '333', '2'),
('msings4r', '340', '2'),
('msings4r', '352', '2'),
('msings4r', '407', '2'),
('msings4r', '421', '1'),
('mtenniswood12', '9', '1'),
('mtenniswood12', '28', '1'),
('mtenniswood12', '48', '1'),
('mtenniswood12', '179', '1'),
('mtenniswood12', '183', '2'),
('mtenniswood12', '196', '2'),
('mtenniswood12', '220', '1'),
('mtenniswood12', '237', '2'),
('mtenniswood12', '328', '2'),
('mtenniswood12', '418', '2'),
('mtenniswood12', '438', '2'),
('mvarah1w', '221', '2'),
('mvarah1w', '232', '2'),
('mvarah1w', '236', '2'),
('mvarah1w', '280', '1'),
('mvarah1w', '360', '2'),
('mvarah1w', '369', '1'),
('mvarah1w', '405', '1'),
('mvarah1w', '433', '1'),
('nabethell22', '103', '1'),
('nabethell22', '119', '1'),
('nabethell22', '156', '1'),
('nabethell22', '165', '1'),
('nabethell22', '185', '2'),
('nabethell22', '209', '1'),
('nabethell22', '233', '1'),
('nabethell22', '308', '2'),
('nabethell22', '341', '2'),
('nabethell22', '406', '2'),
('nadamovitchb', '11', '2'),
('nadamovitchb', '64', '1'),
('nadamovitchb', '105', '1'),
('nadamovitchb', '163', '2'),
('nadamovitchb', '191', '1'),
('nadamovitchb', '215', '2'),
('nadamovitchb', '220', '2'),
('nadamovitchb', '299', '1'),
('nderrick1p', '22', '1'),
('nderrick1p', '35', '1'),
('nderrick1p', '38', '2'),
('nderrick1p', '80', '1'),
('nderrick1p', '86', '1'),
('nderrick1p', '90', '1'),
('nderrick1p', '162', '1'),
('nderrick1p', '234', '2'),
('nderrick1p', '297', '2'),
('nderrick1p', '305', '2'),
('nderrick1p', '415', '1'),
('ndevillier38', '61', '1'),
('ndevillier38', '102', '2'),
('ndevillier38', '183', '1'),
('ndevillier38', '189', '1'),
('ndevillier38', '225', '2'),
('ndevillier38', '228', '1'),
('ndevillier38', '280', '2'),
('ndevillier38', '283', '2'),
('ndevillier38', '289', '1'),
('ndevillier38', '313', '1'),
('ndevillier38', '384', '2'),
('neakin1q', '161', '1'),
('neakin1q', '167', '2'),
('neakin1q', '222', '1'),
('neakin1q', '236', '1'),
('neakin1q', '252', '2'),
('neakin1q', '293', '2'),
('neakin1q', '294', '1'),
('neakin1q', '320', '1'),
('neakin1q', '402', '2'),
('nfarman1e', '6', '1'),
('nfarman1e', '20', '1'),
('nfarman1e', '22', '1'),
('nfarman1e', '23', '1'),
('nfarman1e', '33', '2'),
('nfarman1e', '68', '2'),
('nfarman1e', '189', '2'),
('nfarman1e', '216', '2'),
('nfarman1e', '217', '1'),
('nfarman1e', '375', '2'),
('nfarman1e', '395', '1'),
('nfarman1e', '405', '1'),
('nswinfon43', '11', '2'),
('nswinfon43', '29', '1'),
('nswinfon43', '32', '1'),
('nswinfon43', '51', '1'),
('nswinfon43', '146', '1'),
('nswinfon43', '176', '1'),
('nswinfon43', '216', '2'),
('nswinfon43', '219', '2'),
('nswinfon43', '258', '1'),
('nswinfon43', '363', '2'),
('ohadlow28', '68', '2'),
('ohadlow28', '129', '2'),
('ohadlow28', '150', '1'),
('ohadlow28', '340', '1'),
('oprofitl', '77', '2'),
('oprofitl', '90', '2'),
('oprofitl', '94', '2'),
('oprofitl', '107', '2'),
('oprofitl', '135', '1'),
('oprofitl', '146', '1'),
('oprofitl', '233', '1'),
('oprofitl', '243', '2'),
('oprofitl', '314', '2'),
('oprofitl', '323', '2'),
('oprofitl', '389', '2'),
('pbachellier2x', '64', '2'),
('pbachellier2x', '139', '1'),
('pbachellier2x', '175', '2'),
('pbachellier2x', '203', '1'),
('pbachellier2x', '356', '1'),
('pbachellier2x', '359', '1'),
('pbachellier2x', '361', '2'),
('pbachellier2x', '379', '1'),
('pbachellier2x', '439', '2'),
('pbauded', '27', '1'),
('pbauded', '78', '1'),
('pbauded', '164', '2'),
('pbauded', '199', '1'),
('pbauded', '237', '2'),
('pbauded', '355', '1'),
('pbauded', '367', '2'),
('pbauded', '395', '2'),
('pbauded', '408', '1'),
('pbauded', '410', '1'),
('pgilhouley3m', '7', '1'),
('pgilhouley3m', '94', '2'),
('pgilhouley3m', '183', '2'),
('pgilhouley3m', '319', '2'),
('pgilhouley3m', '351', '2'),
('pgilhouley3m', '355', '2'),
('pgilhouley3m', '386', '2'),
('phockey4y', '31', '1'),
('phockey4y', '82', '1'),
('phockey4y', '137', '1'),
('phockey4y', '158', '1'),
('phockey4y', '173', '2'),
('phockey4y', '206', '1'),
('phockey4y', '272', '2'),
('phockey4y', '306', '1'),
('phockey4y', '362', '1'),
('phockey4y', '437', '2'),
('plambourne1x', '2', '2'),
('plambourne1x', '27', '2'),
('plambourne1x', '45', '1'),
('plambourne1x', '135', '2'),
('plambourne1x', '168', '1'),
('plambourne1x', '175', '2'),
('plambourne1x', '344', '2'),
('plambourne1x', '351', '1'),
('plambourne1x', '427', '2'),
('pwarnese', '81', '2'),
('pwarnese', '86', '1'),
('pwarnese', '122', '2'),
('pwarnese', '130', '2'),
('pwarnese', '142', '1'),
('pwarnese', '149', '1'),
('pwarnese', '169', '2'),
('pwarnese', '226', '2'),
('pwarnese', '319', '1'),
('pwarnese', '327', '1'),
('pwarnese', '397', '1'),
('pwarnese', '421', '2'),
('qbasill2f', '63', '2'),
('qbasill2f', '149', '1'),
('qbasill2f', '157', '1'),
('qbasill2f', '252', '2'),
('qbasill2f', '265', '2'),
('qbasill2f', '287', '1'),
('rblancowe3', '7', '1'),
('rblancowe3', '20', '2'),
('rblancowe3', '58', '1'),
('rblancowe3', '83', '1'),
('rblancowe3', '89', '2'),
('rblancowe3', '103', '2'),
('rblancowe3', '150', '2'),
('rblancowe3', '265', '2'),
('rdefries3d', '62', '1'),
('rdefries3d', '128', '1'),
('rdefries3d', '242', '1'),
('rdefries3d', '251', '2'),
('rdefries3d', '259', '2'),
('rdefries3d', '260', '2'),
('rdefries3d', '272', '2'),
('rdefries3d', '313', '1'),
('rdefries3d', '327', '1'),
('rdefries3d', '417', '1'),
('rdowers48', '13', '2'),
('rdowers48', '59', '1'),
('rdowers48', '140', '1'),
('rdowers48', '145', '1'),
('rdowers48', '225', '2'),
('rdowers48', '236', '2'),
('rdowers48', '256', '1'),
('rdowers48', '315', '1'),
('rdowers48', '424', '1'),
('rdowers48', '435', '1'),
('remes3h', '29', '1'),
('remes3h', '148', '1'),
('remes3h', '195', '2'),
('remes3h', '252', '1'),
('remes3h', '280', '1'),
('remes3h', '290', '2'),
('remes3h', '297', '2'),
('rgartrell1z', '17', '2'),
('rgartrell1z', '121', '1'),
('rgartrell1z', '127', '1'),
('rgartrell1z', '148', '1'),
('rgartrell1z', '294', '1'),
('rgartrell1z', '415', '1'),
('rjoan59', '82', '1'),
('rjoan59', '144', '1'),
('rjoan59', '154', '2'),
('rjoan59', '334', '1'),
('rjoan59', '351', '2'),
('rjoan59', '378', '1'),
('rjoan59', '403', '2'),
('rjoan59', '415', '1'),
('rlebarr51', '54', '2'),
('rlebarr51', '78', '1'),
('rlebarr51', '139', '2'),
('rlebarr51', '158', '2'),
('rlebarr51', '175', '2'),
('rlebarr51', '193', '2'),
('rlebarr51', '277', '2'),
('rlebarr51', '286', '1'),
('rlebarr51', '329', '1'),
('rlebarr51', '337', '1'),
('rlebarr51', '385', '2'),
('rlebarr51', '395', '2'),
('rluebbert21', '14', '2'),
('rluebbert21', '62', '2'),
('rluebbert21', '121', '2'),
('rluebbert21', '153', '1'),
('rluebbert21', '169', '2'),
('rluebbert21', '271', '1'),
('rluebbert21', '329', '2'),
('rluebbert21', '357', '1'),
('rrosin', '140', '2'),
('rrosin', '198', '1'),
('rrosin', '286', '2'),
('rrosin', '330', '2'),
('rrosin', '333', '1'),
('rrosin', '360', '2'),
('rrosin', '369', '1'),
('rrosin', '396', '1'),
('rsparrow1n', '127', '2'),
('rsparrow1n', '204', '2'),
('rsparrow1n', '219', '1'),
('rsparrow1n', '267', '1'),
('rsparrow1n', '343', '2'),
('rsparrow1n', '400', '1'),
('rsparrow1n', '423', '2'),
('rsparrow1n', '426', '1'),
('sbartosch2k', '51', '1'),
('sbartosch2k', '59', '1'),
('sbartosch2k', '98', '1'),
('sbartosch2k', '146', '1'),
('sbartosch2k', '188', '2'),
('sbartosch2k', '233', '1'),
('sbartosch2k', '288', '1'),
('sbartosch2k', '364', '1'),
('sbartosch2k', '389', '2'),
('sbartosch2k', '391', '2'),
('sbergeon2n', '1', '2'),
('sbergeon2n', '26', '2'),
('sbergeon2n', '111', '1'),
('sbergeon2n', '114', '2'),
('sbergeon2n', '273', '2'),
('sbergeon2n', '286', '2'),
('sbergeon2n', '314', '1'),
('sbergeon2n', '323', '2'),
('sbergeon2n', '361', '1'),
('sbrandham2a', '16', '2'),
('sbrandham2a', '36', '2'),
('sbrandham2a', '90', '1'),
('sbrandham2a', '132', '2'),
('sbrandham2a', '133', '2'),
('sbrandham2a', '157', '2'),
('sbrandham2a', '176', '1'),
('sbrandham2a', '287', '1'),
('sbrandham2a', '289', '2'),
('sbrandham2a', '330', '1'),
('sbrandham2a', '373', '1'),
('scabotto3f', '7', '1'),
('scabotto3f', '48', '1'),
('scabotto3f', '166', '2'),
('scabotto3f', '210', '1'),
('scroci35', '8', '2'),
('scroci35', '13', '1'),
('scroci35', '15', '2'),
('scroci35', '48', '1'),
('scroci35', '68', '1'),
('scroci35', '104', '1'),
('scroci35', '176', '1'),
('scroci35', '184', '1'),
('scroci35', '283', '1'),
('scroci35', '314', '2'),
('sfulton4i', '22', '2'),
('sfulton4i', '66', '1'),
('sfulton4i', '99', '2'),
('sfulton4i', '133', '1'),
('sfulton4i', '175', '1'),
('sfulton4i', '291', '1'),
('sfulton4i', '301', '1'),
('sfulton4i', '303', '2'),
('sfulton4i', '320', '1'),
('shargie1i', '53', '2'),
('shargie1i', '71', '1'),
('shargie1i', '107', '2'),
('shargie1i', '138', '2'),
('shargie1i', '184', '2'),
('shargie1i', '187', '2'),
('shargie1i', '215', '1'),
('shargie1i', '332', '2'),
('shargie1i', '395', '1'),
('shargie1i', '427', '2'),
('shargie1i', '433', '2'),
('shargie1i', '435', '2'),
('skopje1c', '28', '2'),
('skopje1c', '125', '2'),
('skopje1c', '147', '1'),
('skopje1c', '179', '1'),
('skopje1c', '239', '1'),
('skopje1c', '262', '1'),
('skopje1c', '298', '2'),
('skopje1c', '379', '2'),
('smaleck5d', '21', '1'),
('smaleck5d', '130', '1'),
('smaleck5d', '135', '2'),
('smaleck5d', '147', '2'),
('smaleck5d', '205', '1'),
('smaleck5d', '258', '1'),
('smaleck5d', '364', '2'),
('smaleck5d', '393', '1'),
('smcbay4m', '36', '2'),
('smcbay4m', '38', '2'),
('smcbay4m', '99', '1'),
('smcbay4m', '134', '1'),
('smcbay4m', '146', '2'),
('smcbay4m', '243', '1'),
('smcbay4m', '261', '2'),
('smcbay4m', '316', '1'),
('smcbay4m', '349', '2'),
('smcbay4m', '372', '2'),
('smcbay4m', '384', '2'),
('smcbay4m', '408', '2'),
('sofielly2g', '125', '2'),
('sofielly2g', '163', '2'),
('sofielly2g', '270', '1'),
('sofielly2g', '328', '1'),
('sscamal2m', '9', '2'),
('sscamal2m', '61', '2'),
('sscamal2m', '66', '1'),
('sscamal2m', '102', '2'),
('sscamal2m', '106', '1'),
('sscamal2m', '175', '2'),
('sscamal2m', '180', '1'),
('sscamal2m', '190', '2'),
('sscamal2m', '217', '2'),
('sseefeldt47', '67', '1'),
('sseefeldt47', '84', '2'),
('sseefeldt47', '127', '1'),
('sseefeldt47', '254', '1'),
('sseefeldt47', '291', '2'),
('sseefeldt47', '321', '1'),
('sseefeldt47', '324', '2'),
('sseefeldt47', '359', '2'),
('sseefeldt47', '365', '1'),
('sseefeldt47', '390', '2'),
('sseefeldt47', '409', '1'),
('stesto3n', '1', '2'),
('stesto3n', '64', '1'),
('stesto3n', '78', '1'),
('stesto3n', '115', '2'),
('stesto3n', '117', '1'),
('stesto3n', '197', '1'),
('stesto3n', '304', '2'),
('svonderdellt', '34', '1'),
('svonderdellt', '44', '1'),
('svonderdellt', '62', '1'),
('svonderdellt', '131', '1'),
('svonderdellt', '231', '1'),
('svonderdellt', '232', '2'),
('svonderdellt', '258', '2'),
('svonderdellt', '297', '1'),
('svonderdellt', '412', '2'),
('svonderdellt', '438', '1'),
('tfeehan4n', '47', '1'),
('tfeehan4n', '105', '1'),
('tfeehan4n', '131', '1'),
('tfeehan4n', '133', '1'),
('tfeehan4n', '219', '2'),
('tfeehan4n', '235', '1'),
('tfeehan4n', '258', '2'),
('tfeehan4n', '270', '1'),
('tfeehan4n', '293', '1'),
('tmessenger3q', '133', '2'),
('tmessenger3q', '163', '2'),
('tmessenger3q', '186', '2'),
('tmessenger3q', '189', '1'),
('tmessenger3q', '190', '1'),
('tmessenger3q', '233', '1'),
('tmessenger3q', '298', '1'),
('tmessenger3q', '404', '2'),
('tmessenger3q', '418', '1'),
('tmessenger3q', '428', '2'),
('tollie52', '14', '2'),
('tollie52', '40', '1'),
('tollie52', '143', '2'),
('tollie52', '189', '1'),
('tollie52', '217', '1'),
('tollie52', '260', '2'),
('tollie52', '306', '1'),
('tollie52', '333', '1'),
('tollie52', '393', '1'),
('tollie52', '415', '2'),
('tpendergrasto', '22', '2'),
('tpendergrasto', '73', '2'),
('tpendergrasto', '84', '1'),
('tpendergrasto', '138', '1'),
('tpendergrasto', '237', '2'),
('tpendergrasto', '254', '1'),
('tpendergrasto', '278', '1'),
('tpython36', '95', '2'),
('tpython36', '128', '2'),
('tpython36', '138', '1'),
('tpython36', '175', '1'),
('tpython36', '292', '1'),
('tpython36', '297', '2'),
('tpython36', '392', '1'),
('tramsbottom5b', '29', '2'),
('tramsbottom5b', '90', '1'),
('tramsbottom5b', '262', '2'),
('tramsbottom5b', '321', '2'),
('tramsbottom5b', '325', '1'),
('tscreach32', '109', '2'),
('tscreach32', '117', '1'),
('tscreach32', '150', '1'),
('tscreach32', '175', '2'),
('tscreach32', '319', '1'),
('tscreach32', '320', '2'),
('tscreach32', '327', '1'),
('tscreach32', '348', '2'),
('tscreach32', '389', '2'),
('tsheringham5k', '50', '1'),
('tsheringham5k', '58', '2'),
('tsheringham5k', '139', '1'),
('tsheringham5k', '182', '1'),
('tsheringham5k', '219', '1'),
('tsheringham5k', '301', '2'),
('tsheringham5k', '305', '1'),
('tsheringham5k', '413', '2'),
('twhitechurch2h', '59', '1'),
('twhitechurch2h', '82', '2'),
('twhitechurch2h', '102', '1'),
('twhitechurch2h', '103', '1'),
('twhitechurch2h', '138', '2'),
('twhitechurch2h', '377', '1'),
('uleatherland5j', '38', '1'),
('uleatherland5j', '93', '2'),
('uleatherland5j', '105', '1'),
('uleatherland5j', '173', '1'),
('uleatherland5j', '199', '2'),
('uleatherland5j', '211', '2'),
('uleatherland5j', '222', '1'),
('uleatherland5j', '265', '1'),
('uleatherland5j', '337', '1'),
('uleatherland5j', '401', '2'),
('vconstantinou5r', '21', '1'),
('vconstantinou5r', '79', '1'),
('vconstantinou5r', '106', '2'),
('vconstantinou5r', '124', '2'),
('vconstantinou5r', '140', '2'),
('vconstantinou5r', '216', '2'),
('vconstantinou5r', '273', '2'),
('vconstantinou5r', '281', '1'),
('vconstantinou5r', '346', '2'),
('vconstantinou5r', '374', '1'),
('vconstantinou5r', '377', '1'),
('vissacov3u', '67', '2'),
('vissacov3u', '91', '1'),
('vissacov3u', '105', '2'),
('vissacov3u', '162', '1'),
('vissacov3u', '305', '1'),
('vissacov3u', '340', '1'),
('vissacov3u', '372', '2'),
('vissacov3u', '430', '2'),
('vrichfieldy', '13', '1'),
('vrichfieldy', '41', '1'),
('vrichfieldy', '69', '1'),
('vrichfieldy', '73', '2'),
('vrichfieldy', '142', '1'),
('vrichfieldy', '304', '1'),
('vrichfieldy', '319', '1'),
('vsmillieg', '44', '1'),
('vsmillieg', '60', '2'),
('vsmillieg', '69', '2'),
('vsmillieg', '114', '2'),
('vsmillieg', '168', '1'),
('vsmillieg', '181', '1'),
('vsmillieg', '199', '2'),
('vsmillieg', '222', '2'),
('vsmillieg', '228', '2'),
('vsmillieg', '341', '1'),
('vsmillieg', '418', '2'),
('vtremathack2z', '70', '2'),
('vtremathack2z', '140', '2'),
('vtremathack2z', '169', '1'),
('vtremathack2z', '213', '2'),
('vtremathack2z', '315', '1'),
('vtremathack2z', '334', '2'),
('vtremathack2z', '360', '1'),
('vtremathack2z', '408', '2'),
('vtremathack2z', '429', '1'),
('vtremathack2z', '434', '2'),
('wprangley7', '19', '2'),
('wprangley7', '81', '2'),
('wprangley7', '187', '2'),
('wprangley7', '220', '2'),
('wprangley7', '244', '1'),
('wprangley7', '389', '2'),
('wprangley7', '400', '2'),
('wprangley7', '413', '1'),
('wtassell5q', '4', '2'),
('wtassell5q', '49', '1'),
('wtassell5q', '98', '2'),
('wtassell5q', '301', '1'),
('wtassell5q', '350', '1'),
('wtassell5q', '385', '2'),
('wtassell5q', '399', '2'),
('wtassell5q', '435', '2'),
('zgeockle1u', '17', '2'),
('zgeockle1u', '73', '2'),
('zgeockle1u', '92', '2'),
('zgeockle1u', '99', '2'),
('zgeockle1u', '242', '2'),
('zgeockle1u', '284', '1'),
('zgeockle1u', '309', '2'),
('zgeockle1u', '338', '1'),
('zgeockle1u', '361', '1'),
('zkrienke6', '134', '2'),
('zkrienke6', '138', '1'),
('zkrienke6', '165', '1'),
('zkrienke6', '215', '2'),
('zkrienke6', '220', '2'),
('zkrienke6', '338', '2'),
('zkrienke6', '362', '2'),
('zkrienke6', '422', '2'),
('zkrienke6', '436', '1');

-- --------------------------------------------------------

--
-- Table structure for table `share_task`
--

CREATE TABLE `share_task` (
  `userID` varchar(32) NOT NULL DEFAULT '0',
  `taskID` decimal(10,0) NOT NULL DEFAULT '0',
  `permission` decimal(1,0) NOT NULL DEFAULT '0'
) ENGINE=InnoDB DEFAULT CHARSET=latin1;

--
-- Dumping data for table `share_task`
--

INSERT INTO `share_task` (`userID`, `taskID`, `permission`) VALUES
('aalekhov40', '207', '1'),
('aalekhov40', '406', '2'),
('aalekhov40', '488', '2'),
('aalekhov40', '546', '2'),
('aalekhov40', '779', '1'),
('aalekhov40', '868', '1'),
('aalekhov40', '869', '1'),
('abitterton53', '129', '2'),
('abitterton53', '676', '1'),
('abitterton53', '767', '2'),
('abitterton53', '935', '1'),
('acheverton0', '212', '1'),
('acheverton0', '267', '1'),
('acheverton0', '330', '1'),
('acheverton0', '354', '2'),
('acheverton0', '809', '1'),
('acheverton0', '900', '1'),
('acrayden44', '140', '2'),
('acrayden44', '630', '1'),
('acrayden44', '681', '1'),
('acrayden44', '786', '1'),
('acrayden44', '982', '2'),
('adipietro1h', '136', '1'),
('adipietro1h', '172', '2'),
('adipietro1h', '182', '2'),
('adipietro1h', '396', '1'),
('adipietro1h', '617', '2'),
('adipietro1h', '719', '1'),
('adipietro1h', '757', '1'),
('adipietro1h', '921', '1'),
('aedmondson4l', '135', '2'),
('aedmondson4l', '357', '1'),
('aedmondson4l', '589', '1'),
('aedmondson4l', '908', '1'),
('aedmondson4l', '926', '1'),
('aenright20', '124', '2'),
('aenright20', '480', '1'),
('aenright20', '484', '2'),
('aenright20', '740', '1'),
('aenright20', '781', '1'),
('aenright20', '862', '1'),
('afeehely1o', '106', '1'),
('afeehely1o', '113', '2'),
('afeehely1o', '164', '2'),
('afeehely1o', '265', '2'),
('afeehely1o', '277', '1'),
('afeehely1o', '294', '1'),
('afeehely1o', '298', '2'),
('afeehely1o', '339', '2'),
('afeehely1o', '697', '2'),
('afeehely1o', '886', '2'),
('afeehely1o', '973', '1'),
('afihelly2l', '15', '2'),
('afihelly2l', '39', '2'),
('afihelly2l', '44', '2'),
('afihelly2l', '57', '1'),
('afihelly2l', '132', '2'),
('afihelly2l', '198', '2'),
('afihelly2l', '315', '2'),
('afihelly2l', '409', '1'),
('afihelly2l', '529', '1'),
('afihelly2l', '545', '1'),
('afihelly2l', '569', '1'),
('afihelly2l', '570', '1'),
('afihelly2l', '588', '1'),
('afihelly2l', '648', '2'),
('afihelly2l', '671', '2'),
('afihelly2l', '689', '1'),
('ahurnr', '65', '2'),
('ahurnr', '82', '1'),
('ahurnr', '134', '2'),
('ahurnr', '238', '2'),
('ahurnr', '256', '1'),
('ahurnr', '315', '2'),
('ahurnr', '321', '1'),
('ahurnr', '641', '1'),
('ahurnr', '667', '2'),
('ahurnr', '881', '1'),
('ahurnr', '898', '1'),
('alequesne4q', '230', '1'),
('alequesne4q', '280', '1'),
('alequesne4q', '410', '2'),
('alequesne4q', '458', '1'),
('alequesne4q', '490', '2'),
('alequesne4q', '506', '2'),
('alequesne4q', '576', '1'),
('alequesne4q', '700', '2'),
('alequesne4q', '913', '1'),
('alequesne4q', '944', '1'),
('amicco42', '28', '1'),
('amicco42', '269', '2'),
('amicco42', '650', '2'),
('amicco42', '751', '1'),
('amicco42', '976', '2'),
('asnasdell3e', '68', '2'),
('asnasdell3e', '452', '2'),
('asnasdell3e', '568', '1'),
('asnasdell3e', '891', '1'),
('asnasdell3e', '899', '2'),
('astelfoxx', '51', '2'),
('astelfoxx', '71', '1'),
('astelfoxx', '158', '2'),
('astelfoxx', '242', '1'),
('astelfoxx', '336', '1'),
('astelfoxx', '358', '1'),
('astelfoxx', '381', '2'),
('astelfoxx', '526', '2'),
('astelfoxx', '571', '2'),
('astelfoxx', '658', '1'),
('astelfoxx', '685', '1'),
('astelfoxx', '752', '2'),
('astelfoxx', '836', '2'),
('astelfoxx', '839', '1'),
('astelfoxx', '907', '1'),
('astelfoxx', '939', '1'),
('atassaker4j', '134', '2'),
('atassaker4j', '383', '2'),
('atassaker4j', '452', '1'),
('atassaker4j', '460', '1'),
('atassaker4j', '489', '2'),
('atassaker4j', '732', '2'),
('atassaker4j', '871', '2'),
('auppett11', '22', '1'),
('auppett11', '70', '1'),
('auppett11', '152', '1'),
('auppett11', '314', '2'),
('auppett11', '454', '1'),
('auppett11', '542', '1'),
('auppett11', '856', '1'),
('awilbors', '71', '2'),
('awilbors', '99', '1'),
('awilbors', '209', '1'),
('awilbors', '278', '2'),
('awilbors', '405', '1'),
('awilbors', '417', '1'),
('awilbors', '617', '1'),
('awilbors', '640', '1'),
('awilbors', '710', '2'),
('awilbors', '767', '1'),
('awilbors', '944', '1'),
('bandreazzi3s', '20', '1'),
('bandreazzi3s', '28', '2'),
('bandreazzi3s', '269', '1'),
('bandreazzi3s', '424', '2'),
('bandreazzi3s', '450', '1'),
('bandreazzi3s', '557', '1'),
('bandreazzi3s', '621', '1'),
('bandreazzi3s', '628', '1'),
('bandreazzi3s', '647', '1'),
('bandreazzi3s', '974', '1'),
('bbahike23', '176', '1'),
('bbahike23', '200', '2'),
('bbahike23', '339', '1'),
('bbahike23', '460', '2'),
('bbahike23', '806', '2'),
('bbahike23', '923', '2'),
('bbaxstair1d', '15', '2'),
('bbaxstair1d', '63', '1'),
('bbaxstair1d', '297', '2'),
('bbaxstair1d', '374', '1'),
('bbaxstair1d', '526', '1'),
('bbaxstair1d', '607', '1'),
('bbaxstair1d', '873', '1'),
('bbaxstair1d', '882', '1'),
('bbaxstair1d', '884', '1'),
('bbaxstair1d', '971', '2'),
('bbeminster5a', '34', '2'),
('bbeminster5a', '130', '2'),
('bbeminster5a', '333', '2'),
('bbeminster5a', '352', '2'),
('bbeminster5a', '558', '2'),
('bbeminster5a', '568', '1'),
('bbeminster5a', '608', '1'),
('bbeminster5a', '780', '1'),
('bbeminster5a', '794', '2'),
('bbeminster5a', '900', '1'),
('bfarbrotherq', '54', '1'),
('bfarbrotherq', '57', '1'),
('bfarbrotherq', '171', '2'),
('bfarbrotherq', '241', '1'),
('bfarbrotherq', '283', '1'),
('bfarbrotherq', '293', '1'),
('bfarbrotherq', '502', '1'),
('bfarbrotherq', '563', '1'),
('bfarbrotherq', '605', '2'),
('bfarbrotherq', '903', '2'),
('bfarbrotherq', '983', '1'),
('bflury1j', '72', '2'),
('bflury1j', '242', '1'),
('bflury1j', '360', '2'),
('bflury1j', '592', '2'),
('bflury1j', '607', '2'),
('bflury1j', '638', '2'),
('bflury1j', '649', '2'),
('bflury1j', '674', '2'),
('bflury1j', '717', '1'),
('bflury1j', '745', '2'),
('bflury1j', '753', '1'),
('bflury1j', '931', '1'),
('bflury1j', '998', '1'),
('bjurewicz4a', '280', '1'),
('bjurewicz4a', '339', '2'),
('bjurewicz4a', '608', '2'),
('bjurewicz4a', '687', '1'),
('bmaclaine3y', '91', '2'),
('bmaclaine3y', '115', '1'),
('bmaclaine3y', '133', '1'),
('bmaclaine3y', '169', '2'),
('bmaclaine3y', '275', '2'),
('bmaclaine3y', '284', '2'),
('bmaclaine3y', '289', '2'),
('bmaclaine3y', '447', '2'),
('bmaclaine3y', '507', '1'),
('bmaclaine3y', '608', '2'),
('bmaclaine3y', '709', '2'),
('bpolak2b', '27', '2'),
('bpolak2b', '88', '1'),
('bpolak2b', '111', '2'),
('bpolak2b', '113', '1'),
('bpolak2b', '457', '1'),
('bpolak2b', '522', '2'),
('bpolak2b', '572', '2'),
('bpolak2b', '927', '2'),
('bprendiville1r', '373', '2'),
('bprendiville1r', '631', '2'),
('bprendiville1r', '675', '1'),
('bruddlesden5o', '26', '1'),
('bruddlesden5o', '329', '1'),
('bruddlesden5o', '578', '1'),
('bruddlesden5o', '607', '2'),
('bruddlesden5o', '675', '2'),
('bruddlesden5o', '679', '1'),
('bruddlesden5o', '827', '1'),
('bruddlesden5o', '997', '1'),
('bswiffan3x', '32', '2'),
('bswiffan3x', '33', '2'),
('bswiffan3x', '132', '1'),
('bswiffan3x', '395', '2'),
('bswiffan3x', '398', '2'),
('bswiffan3x', '508', '2'),
('bswiffan3x', '664', '1'),
('bswiffan3x', '787', '2'),
('bswiffan3x', '882', '1'),
('bturgoose18', '97', '2'),
('bturgoose18', '102', '2'),
('bturgoose18', '125', '2'),
('bturgoose18', '126', '1'),
('bturgoose18', '150', '2'),
('bturgoose18', '200', '2'),
('bturgoose18', '229', '1'),
('bturgoose18', '265', '2'),
('bturgoose18', '283', '2'),
('bturgoose18', '376', '1'),
('bturgoose18', '439', '1'),
('bturgoose18', '714', '1'),
('bturgoose18', '878', '2'),
('bturgoose18', '889', '2'),
('bturgoose18', '901', '2'),
('carundel3g', '54', '2'),
('carundel3g', '343', '2'),
('carundel3g', '558', '2'),
('carundel3g', '573', '2'),
('carundel3g', '671', '1'),
('carundel3g', '916', '1'),
('ccorpe14', '265', '2'),
('ccorpe14', '297', '2'),
('ccorpe14', '415', '2'),
('ccorpe14', '422', '2'),
('ccorpe14', '545', '2'),
('ccorpe14', '566', '2'),
('ccorpe14', '577', '1'),
('ccriple4t', '199', '1'),
('ccriple4t', '201', '1'),
('ccriple4t', '490', '1'),
('ccriple4t', '549', '1'),
('ccriple4t', '886', '1'),
('ccriple4t', '937', '1'),
('cetheringtonj', '81', '1'),
('cetheringtonj', '105', '2'),
('cetheringtonj', '508', '2'),
('cetheringtonj', '831', '1'),
('cetheringtonj', '898', '2'),
('cgoforth17', '229', '1'),
('cgoforth17', '245', '2'),
('cgoforth17', '284', '1'),
('cgoforth17', '309', '2'),
('cgoforth17', '323', '1'),
('cgoforth17', '399', '1'),
('cgoforth17', '489', '2'),
('cgoforth17', '529', '1'),
('cgoforth17', '549', '2'),
('cgoforth17', '655', '1'),
('cgoforth17', '690', '1'),
('cgoforth17', '750', '1'),
('cgoforth17', '815', '1'),
('chaddleston1', '229', '2'),
('chaddleston1', '354', '2'),
('chaddleston1', '383', '1'),
('chaddleston1', '510', '2'),
('chaddleston1', '612', '1'),
('chaddleston1', '684', '1'),
('chaddleston1', '808', '2'),
('chaddleston1', '985', '2'),
('cheskey1t', '24', '1'),
('cheskey1t', '161', '2'),
('cheskey1t', '260', '2'),
('cheskey1t', '489', '2'),
('cheskey1t', '699', '1'),
('cheskey1t', '706', '2'),
('cheskey1t', '915', '1'),
('cheskey1t', '989', '2'),
('ckobiera1l', '90', '1'),
('ckobiera1l', '207', '1'),
('ckobiera1l', '366', '1'),
('ckobiera1l', '461', '1'),
('ckobiera1l', '611', '1'),
('ckobiera1l', '695', '1'),
('ckobiera1l', '730', '1'),
('ckobiera1l', '947', '1'),
('cmacgilpatrick3t', '208', '1'),
('cmacgilpatrick3t', '250', '1'),
('cmacgilpatrick3t', '269', '1'),
('cmacgilpatrick3t', '344', '1'),
('cmacgilpatrick3t', '346', '2'),
('cmacgilpatrick3t', '361', '1'),
('cmacgilpatrick3t', '370', '2'),
('cmacgilpatrick3t', '432', '1'),
('cmacgilpatrick3t', '802', '1'),
('cmacgilpatrick3t', '823', '2'),
('cmacgilpatrick3t', '849', '2'),
('cmacgilpatrick3t', '870', '1'),
('cpackington4c', '146', '1'),
('cpackington4c', '189', '1'),
('cpackington4c', '240', '1'),
('cpackington4c', '757', '1'),
('cpilley33', '255', '2'),
('cpilley33', '342', '1'),
('cpilley33', '398', '2'),
('cpilley33', '454', '2'),
('cpilley33', '505', '1'),
('cpilley33', '512', '1'),
('cpilley33', '535', '2'),
('cpilley33', '745', '1'),
('cpilley33', '862', '1'),
('cpilley33', '892', '1'),
('cpilley33', '980', '2'),
('cpilley33', '990', '1'),
('cpinck2s', '126', '1'),
('cpinck2s', '336', '1'),
('cpinck2s', '370', '2'),
('cpinck2s', '533', '1'),
('cpinck2s', '602', '1'),
('cpinck2s', '637', '2'),
('cpinck2s', '664', '2'),
('cpinck2s', '668', '2'),
('cpinck2s', '696', '1'),
('cpinck2s', '774', '1'),
('cschinetti4s', '196', '2'),
('cschinetti4s', '527', '1'),
('cschinetti4s', '818', '1'),
('csillars54', '91', '2'),
('csillars54', '96', '2'),
('csillars54', '193', '1'),
('csillars54', '350', '1'),
('csillars54', '625', '2'),
('csillars54', '716', '1'),
('csillars54', '736', '2'),
('csillars54', '752', '2'),
('csillars54', '971', '1'),
('csillars54', '983', '1'),
('ctrump3o', '21', '2'),
('ctrump3o', '51', '2'),
('ctrump3o', '73', '1'),
('ctrump3o', '82', '2'),
('ctrump3o', '96', '2'),
('ctrump3o', '114', '1'),
('ctrump3o', '158', '2'),
('ctrump3o', '231', '1'),
('ctrump3o', '277', '2'),
('ctrump3o', '379', '2'),
('ctrump3o', '389', '2'),
('ctrump3o', '525', '2'),
('ctrump3o', '526', '1'),
('ctrump3o', '559', '1'),
('ctrump3o', '570', '1'),
('ctrump3o', '658', '2'),
('ctrump3o', '693', '2'),
('ctrump3o', '949', '1'),
('ctrump3o', '991', '1'),
('cwattingham4x', '236', '1'),
('cwattingham4x', '372', '1'),
('cwattingham4x', '537', '1'),
('cwattingham4x', '577', '2'),
('cwattingham4x', '674', '1'),
('cwattingham4x', '968', '2'),
('cwhysall34', '18', '2'),
('cwhysall34', '187', '1'),
('cwhysall34', '200', '2'),
('cwhysall34', '215', '1'),
('cwhysall34', '671', '2'),
('cwhysall34', '723', '1'),
('cwhysall34', '820', '1'),
('cwhysall34', '838', '2'),
('cwhysall34', '856', '2'),
('cwhysall34', '998', '1'),
('dbraunstein5m', '35', '1'),
('dbraunstein5m', '258', '1'),
('dbraunstein5m', '261', '1'),
('dbraunstein5m', '279', '2'),
('dbraunstein5m', '321', '1'),
('dbraunstein5m', '480', '2'),
('dbraunstein5m', '533', '1'),
('dbraunstein5m', '685', '2'),
('dbraunstein5m', '764', '1'),
('dbraunstein5m', '775', '1'),
('dbraunstein5m', '777', '2'),
('dbraunstein5m', '950', '1'),
('dczyz3a', '291', '2'),
('dczyz3a', '691', '2'),
('dczyz3a', '720', '2'),
('dczyz3a', '735', '1'),
('dczyz3a', '794', '1'),
('ddelacey27', '129', '1'),
('ddelacey27', '160', '2'),
('ddelacey27', '167', '1'),
('ddelacey27', '223', '2'),
('ddelacey27', '292', '1'),
('ddelacey27', '296', '2'),
('ddelacey27', '361', '1'),
('ddelacey27', '484', '1'),
('ddelacey27', '510', '2'),
('ddelacey27', '572', '1'),
('ddelacey27', '618', '1'),
('ddelacey27', '715', '1'),
('ddelacey27', '738', '2'),
('ddelacey27', '885', '1'),
('deatock4e', '13', '1'),
('deatock4e', '140', '2'),
('deatock4e', '174', '2'),
('deatock4e', '243', '2'),
('deatock4e', '328', '1'),
('deatock4e', '523', '2'),
('deatock4e', '590', '1'),
('deatock4e', '692', '2'),
('deatock4e', '855', '1'),
('dfoxleyc', '14', '1'),
('dfoxleyc', '399', '1'),
('dfoxleyc', '563', '2'),
('dfoxleyc', '652', '1'),
('dfoxleyc', '766', '2'),
('dfoxleyc', '999', '1'),
('djendrys13', '86', '1'),
('djendrys13', '612', '1'),
('djendrys13', '668', '2'),
('djendrys13', '974', '1'),
('dkinzett4o', '107', '2'),
('dkinzett4o', '293', '1'),
('dkinzett4o', '323', '1'),
('dkinzett4o', '445', '2'),
('dkinzett4o', '503', '2'),
('dkinzett4o', '926', '1'),
('dkinzett4o', '955', '1'),
('dlautie1y', '106', '2'),
('dlautie1y', '109', '1'),
('dlautie1y', '140', '1'),
('dlautie1y', '287', '2'),
('dlautie1y', '335', '1'),
('dlautie1y', '648', '1'),
('dlautie1y', '665', '1'),
('dlautie1y', '735', '2'),
('dlautie1y', '803', '1'),
('dlautie1y', '816', '1'),
('dlautie1y', '911', '2'),
('dlegricek', '194', '1'),
('dlegricek', '281', '1'),
('dlegricek', '452', '1'),
('dlegricek', '469', '1'),
('dlegricek', '481', '2'),
('dlegricek', '545', '2'),
('dlegricek', '616', '1'),
('dlegricek', '672', '1'),
('dlegricek', '761', '1'),
('dlegricek', '787', '1'),
('dlegricek', '843', '1'),
('dlegricek', '996', '1'),
('dlegricek', '998', '1'),
('dmitchleyh', '4', '1'),
('dmitchleyh', '49', '1'),
('dmitchleyh', '147', '1'),
('dmitchleyh', '275', '1'),
('dmitchleyh', '357', '2'),
('dmitchleyh', '424', '1'),
('dmitchleyh', '580', '1'),
('dmitchleyh', '627', '1'),
('dmitchleyh', '684', '1'),
('dmitchleyh', '722', '1'),
('dmitchleyh', '774', '1'),
('dmitchleyh', '827', '2'),
('dponder4f', '82', '1'),
('dponder4f', '126', '2'),
('dponder4f', '197', '1'),
('dponder4f', '251', '1'),
('dponder4f', '260', '1'),
('dponder4f', '322', '2'),
('dponder4f', '331', '1'),
('dponder4f', '376', '2'),
('dponder4f', '429', '2'),
('dponder4f', '475', '2'),
('dponder4f', '674', '1'),
('dponder4f', '676', '2'),
('dponder4f', '716', '2'),
('dponder4f', '722', '1'),
('dponder4f', '980', '1'),
('drogister2w', '24', '1'),
('drogister2w', '149', '2'),
('drogister2w', '151', '1'),
('drogister2w', '256', '2'),
('drogister2w', '286', '2'),
('drogister2w', '653', '2'),
('drogister2w', '706', '1'),
('drogister2w', '843', '2'),
('drogister2w', '883', '2'),
('dspick3b', '47', '1'),
('dspick3b', '241', '2'),
('dspick3b', '365', '2'),
('dspick3b', '907', '2'),
('dspick3b', '947', '2'),
('dstoyell5h', '159', '2'),
('dstoyell5h', '204', '1'),
('dstoyell5h', '264', '2'),
('dstoyell5h', '276', '2'),
('dstoyell5h', '277', '1'),
('dstoyell5h', '284', '2'),
('dstoyell5h', '305', '2'),
('dstoyell5h', '492', '2'),
('dstoyell5h', '652', '2'),
('dstoyell5h', '741', '1'),
('dyuryev3c', '37', '1'),
('dyuryev3c', '173', '2'),
('dyuryev3c', '244', '2'),
('dyuryev3c', '452', '1'),
('dyuryev3c', '578', '2'),
('dyuryev3c', '623', '2'),
('dyuryev3c', '703', '1'),
('dyuryev3c', '790', '2'),
('dyuryev3c', '804', '2'),
('dyuryev3c', '990', '1'),
('eadamides2d', '68', '2'),
('eadamides2d', '230', '2'),
('eadamides2d', '261', '2'),
('eadamides2d', '286', '1'),
('eadamides2d', '424', '2'),
('eadamides2d', '439', '2'),
('eadamides2d', '486', '1'),
('eadamides2d', '719', '1'),
('eaitken1k', '76', '2'),
('eaitken1k', '128', '2'),
('eaitken1k', '208', '2'),
('eaitken1k', '254', '2'),
('eaitken1k', '335', '1'),
('eaitken1k', '343', '1'),
('eaitken1k', '376', '1'),
('eaitken1k', '438', '2'),
('eaitken1k', '499', '1'),
('eaitken1k', '518', '2'),
('eaitken1k', '674', '1'),
('eaitken1k', '792', '1'),
('eaitken1k', '793', '2'),
('eaitken1k', '794', '1'),
('eaitken1k', '810', '1'),
('eaitken1k', '839', '2'),
('eaitken1k', '937', '2'),
('eaitken1k', '961', '2'),
('ebatterson10', '55', '2'),
('ebatterson10', '249', '2'),
('ebatterson10', '415', '1'),
('ebatterson10', '495', '1'),
('ebatterson10', '512', '2'),
('ebatterson10', '717', '1'),
('econibear2', '259', '2'),
('econibear2', '276', '2'),
('econibear2', '283', '2'),
('econibear2', '292', '2'),
('econibear2', '424', '1'),
('econibear2', '479', '2'),
('econibear2', '508', '2'),
('econibear2', '590', '1'),
('econibear2', '690', '1'),
('econibear2', '975', '2'),
('ehorbath3k', '76', '2'),
('ehorbath3k', '381', '1'),
('ehorbath3k', '395', '2'),
('ehorbath3k', '471', '2'),
('ehorbath3k', '480', '1'),
('ehorbath3k', '599', '1'),
('ehorbath3k', '679', '2'),
('ehorbath3k', '941', '1'),
('ehugill55', '138', '1'),
('ehugill55', '368', '1'),
('ehugill55', '410', '2'),
('ehugill55', '628', '1'),
('ehugill55', '660', '2'),
('ehugill55', '699', '2'),
('ehugill55', '902', '2'),
('ekimmitt5c', '131', '1'),
('ekimmitt5c', '135', '1'),
('ekimmitt5c', '330', '2'),
('ekimmitt5c', '561', '2'),
('ekimmitt5c', '833', '2'),
('ekimmitt5c', '944', '2'),
('epeddie5', '85', '1'),
('epeddie5', '122', '2'),
('epeddie5', '292', '1'),
('epeddie5', '305', '2'),
('epeddie5', '340', '2'),
('epeddie5', '368', '1'),
('epeddie5', '659', '1'),
('epeddie5', '845', '1'),
('epeddie5', '859', '1'),
('epeddie5', '899', '2'),
('erosbotham1m', '190', '1'),
('erosbotham1m', '195', '1'),
('erosbotham1m', '330', '2'),
('erosbotham1m', '382', '1'),
('erosbotham1m', '446', '1'),
('erosbotham1m', '461', '2'),
('erosbotham1m', '479', '2'),
('erosbotham1m', '778', '1'),
('erosbotham1m', '843', '2'),
('erosbotham1m', '879', '1'),
('erosbotham1m', '935', '2'),
('eswane3i', '141', '2'),
('eswane3i', '175', '1'),
('eswane3i', '271', '1'),
('eswane3i', '351', '1'),
('eswane3i', '399', '2'),
('eswane3i', '550', '1'),
('eswane3i', '594', '1'),
('eswane3i', '691', '2'),
('eswane3i', '848', '2'),
('eswane3i', '936', '2'),
('flepick15', '326', '2'),
('flepick15', '716', '2'),
('flepick15', '955', '2'),
('fstachini3j', '38', '1'),
('fstachini3j', '74', '2'),
('fstachini3j', '128', '2'),
('fstachini3j', '237', '2'),
('fstachini3j', '278', '2'),
('fstachini3j', '455', '1'),
('fstachini3j', '459', '2'),
('fstachini3j', '590', '1'),
('fstachini3j', '601', '2'),
('fstachini3j', '682', '2'),
('fstachini3j', '707', '2'),
('fstachini3j', '733', '2'),
('fstachini3j', '787', '1'),
('fstachini3j', '883', '2'),
('fstachini3j', '946', '2'),
('fstachini3j', '964', '2'),
('fstephens50', '6', '1'),
('fstephens50', '23', '1'),
('fstephens50', '93', '1'),
('fstephens50', '199', '2'),
('fstephens50', '205', '2'),
('fstephens50', '295', '2'),
('fstephens50', '372', '2'),
('fstephens50', '429', '2'),
('fstephens50', '660', '2'),
('fstephens50', '687', '2'),
('fstephens50', '904', '1'),
('ggentric4b', '46', '2'),
('ggentric4b', '211', '1'),
('ggentric4b', '545', '2'),
('ggentric4b', '573', '2'),
('gheeks45', '71', '2'),
('gheeks45', '256', '1'),
('gheeks45', '291', '1'),
('gheeks45', '381', '1'),
('gheeks45', '505', '2'),
('gheeks45', '631', '2'),
('gheeks45', '648', '1'),
('gkaesmans9', '102', '1'),
('gkaesmans9', '126', '2'),
('gkaesmans9', '276', '2'),
('gkaesmans9', '315', '2'),
('gkaesmans9', '815', '2'),
('gkaesmans9', '831', '2'),
('gkaesmans9', '995', '1'),
('gkreutzer5l', '132', '1'),
('gkreutzer5l', '365', '1'),
('gkreutzer5l', '372', '1'),
('gkreutzer5l', '457', '2'),
('gkreutzer5l', '601', '1'),
('gkreutzer5l', '637', '2'),
('gkreutzer5l', '833', '1'),
('gkreutzer5l', '839', '1'),
('gkreutzer5l', '950', '2'),
('glantoph3w', '83', '2'),
('glantoph3w', '126', '1'),
('glantoph3w', '228', '1'),
('glantoph3w', '236', '1'),
('glantoph3w', '244', '1'),
('glantoph3w', '269', '1'),
('glantoph3w', '294', '2'),
('glantoph3w', '458', '2'),
('glantoph3w', '723', '2'),
('glantoph3w', '769', '1'),
('glantoph3w', '852', '2'),
('glantoph3w', '856', '1'),
('glantoph3w', '912', '2'),
('glantoph3w', '937', '2'),
('gnode1a', '162', '1'),
('gnode1a', '177', '1'),
('gnode1a', '220', '1'),
('gnode1a', '232', '1'),
('gnode1a', '404', '1'),
('gnode1a', '537', '1'),
('gnode1a', '689', '2'),
('gnode1a', '712', '1'),
('gnode1a', '738', '1'),
('grubenov4w', '1', '2'),
('grubenov4w', '94', '2'),
('grubenov4w', '119', '1'),
('grubenov4w', '432', '2'),
('grubenov4w', '495', '1'),
('grubenov4w', '639', '1'),
('grubenov4w', '802', '2'),
('grubenov4w', '827', '2'),
('grubenov4w', '863', '2'),
('gtorald24', '178', '1'),
('gtorald24', '206', '2'),
('gtorald24', '216', '1'),
('gtorald24', '361', '2'),
('gtorald24', '517', '1'),
('gtorald24', '583', '1'),
('gtorald24', '691', '1'),
('gtorald24', '854', '1'),
('gtorald24', '991', '1'),
('hcasine8', '127', '1'),
('hcasine8', '146', '1'),
('hcasine8', '223', '1'),
('hcasine8', '650', '1'),
('hcasine8', '733', '1'),
('hcasine8', '930', '1'),
('hcasine8', '933', '2'),
('hcasine8', '971', '1'),
('hfreemantle2y', '25', '1'),
('hfreemantle2y', '339', '1'),
('hfreemantle2y', '449', '1'),
('hfreemantle2y', '485', '2'),
('hfreemantle2y', '505', '2'),
('hfreemantle2y', '616', '1'),
('hfreemantle2y', '632', '1'),
('hfreemantle2y', '716', '2'),
('hfreemantle2y', '875', '2'),
('hfreemantle2y', '920', '1'),
('hfreemantle2y', '944', '2'),
('hfreemantle2y', '956', '1'),
('hmccague4p', '17', '1'),
('hmccague4p', '159', '2'),
('hmccague4p', '358', '1'),
('hmccague4p', '448', '1'),
('hmccague4p', '563', '2'),
('hmccague4p', '874', '2'),
('hmyricka', '232', '2'),
('hmyricka', '255', '1'),
('hmyricka', '400', '1'),
('hmyricka', '651', '1'),
('hmyricka', '686', '1'),
('hmyricka', '779', '2'),
('hmyricka', '840', '2'),
('hravenshaw4d', '563', '2'),
('hravenshaw4d', '586', '2'),
('hravenshaw4d', '634', '2'),
('hschoroder2v', '93', '1'),
('hschoroder2v', '362', '2'),
('hschoroder2v', '427', '1'),
('hschoroder2v', '515', '1'),
('hschoroder2v', '688', '1'),
('hschoroder2v', '731', '1'),
('hschoroder2v', '824', '1'),
('hschoroder2v', '880', '1'),
('hwindress26', '150', '2'),
('hwindress26', '218', '1'),
('hwindress26', '219', '2'),
('hwindress26', '231', '2'),
('hwindress26', '459', '1'),
('hwindress26', '552', '1'),
('hwindress26', '699', '2'),
('ibeebis31', '142', '1'),
('ibeebis31', '166', '2'),
('ibeebis31', '201', '1'),
('ibeebis31', '316', '1'),
('ibeebis31', '398', '2'),
('ibeebis31', '508', '1'),
('ibeebis31', '749', '1'),
('ibeebis31', '897', '2'),
('ibeebis31', '916', '2'),
('ibeebis31', '921', '1'),
('ibeebis31', '981', '2'),
('ibeebis31', '998', '2'),
('iborland5n', '253', '2'),
('iborland5n', '710', '1'),
('iborland5n', '926', '2'),
('ibrabonf', '61', '1'),
('ibrabonf', '132', '1'),
('ibrabonf', '154', '1'),
('ibrabonf', '213', '1'),
('ibrabonf', '247', '1'),
('ibrabonf', '487', '2'),
('ibrabonf', '488', '1'),
('ibrabonf', '507', '1'),
('ibrabonf', '697', '1'),
('ibrabonf', '786', '1'),
('ibrabonf', '913', '1'),
('ibrabonf', '920', '1'),
('isamweyes56', '52', '1'),
('isamweyes56', '256', '1'),
('isamweyes56', '332', '2'),
('isamweyes56', '386', '1'),
('isamweyes56', '443', '1'),
('isamweyes56', '484', '2'),
('isamweyes56', '605', '1'),
('isamweyes56', '614', '2'),
('isamweyes56', '705', '2'),
('isamweyes56', '749', '1'),
('iswetmorei', '87', '1'),
('iswetmorei', '178', '2'),
('iswetmorei', '519', '1'),
('iswetmorei', '679', '2'),
('iswetmorei', '736', '2'),
('iswetmorei', '848', '2'),
('iswetmorei', '878', '1'),
('iswetmorei', '964', '2'),
('jbugden41', '125', '1'),
('jbugden41', '180', '2'),
('jbugden41', '301', '1'),
('jbugden41', '344', '1'),
('jbugden41', '708', '1'),
('jbugden41', '752', '1'),
('jbugden41', '802', '2'),
('jbugden41', '849', '2'),
('jbugden41', '952', '1'),
('jeastwood3v', '256', '1'),
('jeastwood3v', '260', '2'),
('jeastwood3v', '441', '2'),
('jeastwood3v', '496', '2'),
('jeastwood3v', '513', '1'),
('jeastwood3v', '587', '2'),
('jeastwood3v', '698', '2'),
('jeastwood3v', '906', '1'),
('jgianasi2t', '125', '1'),
('jgianasi2t', '177', '2'),
('jgianasi2t', '268', '1'),
('jgianasi2t', '374', '2'),
('jgianasi2t', '523', '2'),
('jgianasi2t', '539', '2'),
('jgianasi2t', '578', '1'),
('jgianasi2t', '612', '2'),
('jgianasi2t', '718', '1'),
('jgianasi2t', '739', '2'),
('jgianasi2t', '763', '1'),
('jgianasi2t', '802', '1'),
('jgianasi2t', '913', '2'),
('jguyonnet2u', '4', '2'),
('jguyonnet2u', '89', '1'),
('jguyonnet2u', '465', '1'),
('jguyonnet2u', '745', '2'),
('jguyonnet2u', '989', '1'),
('jivanichev4v', '66', '1'),
('jivanichev4v', '278', '1'),
('jivanichev4v', '353', '1'),
('jivanichev4v', '398', '2'),
('jivanichev4v', '543', '2'),
('jivanichev4v', '929', '2'),
('jivanichev4v', '953', '2'),
('jivanichev4v', '956', '1'),
('jkey4h', '52', '1'),
('jkey4h', '65', '2'),
('jkey4h', '587', '2'),
('jkey4h', '779', '1'),
('jkey4h', '863', '1'),
('jolooney2r', '117', '1'),
('jolooney2r', '122', '1'),
('jolooney2r', '245', '1'),
('jolooney2r', '299', '2'),
('jolooney2r', '539', '2'),
('jolooney2r', '582', '1'),
('jolooney2r', '878', '1'),
('jolooney2r', '943', '2'),
('jolooney2r', '966', '1'),
('jpenmanu', '5', '1'),
('jpenmanu', '8', '1'),
('jpenmanu', '58', '1'),
('jpenmanu', '493', '1'),
('jpenmanu', '515', '2'),
('jpenmanu', '701', '2'),
('jpenmanu', '703', '2'),
('jpenmanu', '748', '2'),
('jpenmanu', '769', '1'),
('jpenmanu', '812', '1'),
('jpenmanu', '813', '1'),
('jpenmanu', '825', '2'),
('jpenmanu', '968', '2'),
('jridgeway25', '179', '2'),
('jridgeway25', '316', '1'),
('jridgeway25', '355', '1'),
('jridgeway25', '413', '1'),
('jridgeway25', '594', '2'),
('jridgeway25', '657', '2'),
('jridgeway25', '696', '1'),
('jridgeway25', '750', '2'),
('jridgeway25', '882', '1'),
('jridgeway25', '914', '2'),
('jsackes3z', '172', '2'),
('jsackes3z', '175', '1'),
('jsackes3z', '664', '2'),
('jsackes3z', '667', '2'),
('jsackes3z', '673', '2'),
('jsackes3z', '677', '1'),
('jsackes3z', '781', '1'),
('jsackes3z', '937', '2'),
('jsirmon4z', '532', '2'),
('jsirmon4z', '625', '2'),
('jsirmon4z', '634', '1'),
('jsirmon4z', '751', '2'),
('jsirmon4z', '823', '1'),
('jsirmon4z', '933', '2'),
('jsummerly2c', '81', '1'),
('jsummerly2c', '263', '1'),
('jsummerly2c', '356', '1'),
('jsummerly2c', '433', '1'),
('jsummerly2c', '510', '1'),
('jsummerly2c', '664', '1'),
('jsummerly2c', '987', '1'),
('kauldsz', '167', '1'),
('kauldsz', '194', '2'),
('kauldsz', '273', '1'),
('kauldsz', '300', '2'),
('kauldsz', '338', '1'),
('kauldsz', '826', '2'),
('kauldsz', '830', '2'),
('kauldsz', '875', '1'),
('kbramham37', '71', '1'),
('kbramham37', '168', '1'),
('kbramham37', '337', '2'),
('kbramham37', '349', '2'),
('kbramham37', '440', '2'),
('kbramham37', '549', '2'),
('kbramham37', '610', '2'),
('kbramham37', '666', '1'),
('kdancey5g', '15', '2'),
('kdancey5g', '118', '1'),
('kdancey5g', '294', '2'),
('kdancey5g', '522', '2'),
('kdancey5g', '577', '1'),
('kdancey5g', '598', '1'),
('kdancey5g', '825', '2'),
('kdancey5g', '829', '1'),
('kdegliabbati5f', '47', '2'),
('kdegliabbati5f', '157', '2'),
('kdegliabbati5f', '214', '2'),
('kdegliabbati5f', '215', '1'),
('kdegliabbati5f', '314', '2'),
('kdegliabbati5f', '740', '1'),
('kdegliabbati5f', '834', '1'),
('kdegliabbati5f', '893', '2'),
('kdegliabbati5f', '955', '1'),
('kedel4k', '22', '1'),
('kedel4k', '92', '2'),
('kedel4k', '146', '2'),
('kedel4k', '396', '1'),
('kedel4k', '431', '1'),
('kedel4k', '433', '1'),
('kedel4k', '480', '1'),
('kedel4k', '514', '2'),
('kfeld58', '311', '2'),
('kfeld58', '361', '2'),
('kfeld58', '377', '2'),
('kfeld58', '382', '2'),
('kfeld58', '449', '1'),
('kfeld58', '546', '2'),
('kfeld58', '648', '2'),
('kfeld58', '721', '1'),
('kfeld58', '906', '2'),
('kfeld58', '957', '2'),
('kfeld58', '974', '2'),
('kfideler30', '217', '2'),
('kfideler30', '282', '2'),
('kfideler30', '357', '2'),
('kfideler30', '457', '1'),
('kfideler30', '511', '1'),
('kfideler30', '634', '2'),
('kfideler30', '777', '1'),
('kfideler30', '815', '1'),
('kfideler30', '886', '2'),
('kfideler30', '897', '2'),
('klutmanp', '167', '1'),
('klutmanp', '255', '1'),
('klutmanp', '343', '2'),
('klutmanp', '416', '2'),
('klutmanp', '923', '1'),
('klutmanp', '943', '1'),
('klutmanp', '990', '2'),
('kmainwaringm', '284', '2'),
('kmainwaringm', '480', '1'),
('kmainwaringm', '662', '1'),
('kmainwaringm', '750', '2'),
('kmainwaringm', '969', '2'),
('kmcardle4g', '41', '2'),
('kmcardle4g', '309', '1'),
('kmcardle4g', '628', '1'),
('kmcardle4g', '675', '2'),
('kmcardle4g', '762', '1'),
('kmcardle4g', '827', '2'),
('kmcardle4g', '915', '2'),
('krenackownaw', '28', '1'),
('krenackownaw', '284', '1'),
('krenackownaw', '320', '1'),
('krenackownaw', '386', '2'),
('krenackownaw', '453', '1'),
('krenackownaw', '563', '2'),
('krenackownaw', '622', '2'),
('krenackownaw', '952', '2'),
('krenackownaw', '980', '1'),
('krodman3l', '181', '2'),
('krodman3l', '278', '1'),
('krodman3l', '339', '1'),
('krodman3l', '412', '2'),
('krodman3l', '727', '1'),
('krodman3l', '829', '1'),
('ksemon3r', '117', '1'),
('ksemon3r', '347', '2'),
('ksemon3r', '359', '1'),
('ksemon3r', '428', '2'),
('kwhyard1g', '230', '2'),
('kwhyard1g', '304', '2'),
('kwhyard1g', '420', '2'),
('kwhyard1g', '427', '2'),
('kwhyard1g', '474', '1'),
('kwhyard1g', '805', '2'),
('kwhyard1g', '948', '1'),
('lbeany16', '36', '2'),
('lbeany16', '131', '2'),
('lbeany16', '179', '1'),
('lbeany16', '352', '1'),
('lbeany16', '499', '1'),
('lbeany16', '519', '2'),
('lbeany16', '666', '2'),
('lbeany16', '768', '1'),
('lbeany16', '788', '1'),
('lbeany16', '823', '2'),
('lbeany16', '869', '2'),
('lbeany16', '903', '1'),
('lclaffey3p', '116', '2'),
('lclaffey3p', '448', '1'),
('lclaffey3p', '600', '1'),
('lclaffey3p', '661', '1'),
('lclaffey3p', '736', '1'),
('lclaffey3p', '954', '1'),
('lclaffey3p', '995', '1'),
('lnoble46', '68', '1'),
('lnoble46', '94', '2'),
('lnoble46', '221', '2'),
('lnoble46', '229', '2'),
('lnoble46', '423', '1'),
('lnoble46', '470', '2'),
('lnoble46', '606', '1'),
('lnoble46', '733', '2'),
('lnoble46', '801', '2'),
('lpreshous39', '130', '1'),
('lpreshous39', '176', '2'),
('lpreshous39', '235', '2'),
('lpreshous39', '241', '2'),
('lpreshous39', '442', '2'),
('lpreshous39', '510', '2'),
('lpreshous39', '516', '1'),
('lpreshous39', '683', '1'),
('lpreshous39', '689', '2'),
('lpreshous39', '704', '2'),
('lpreshous39', '724', '2'),
('lpreshous39', '889', '2'),
('lpreshous39', '902', '2'),
('lpreshous39', '944', '2'),
('lstollmeyer49', '3', '2'),
('lstollmeyer49', '106', '2'),
('lstollmeyer49', '181', '2'),
('lstollmeyer49', '301', '2'),
('lstollmeyer49', '374', '2'),
('lstollmeyer49', '440', '1'),
('lstollmeyer49', '649', '1'),
('lstollmeyer49', '805', '2'),
('lstollmeyer49', '932', '2'),
('marmatidge5e', '97', '2'),
('marmatidge5e', '137', '2'),
('marmatidge5e', '491', '2'),
('marmatidge5e', '515', '1'),
('marmatidge5e', '776', '1'),
('marmatidge5e', '950', '1'),
('maujean2e', '86', '1'),
('maujean2e', '311', '1'),
('maujean2e', '360', '1'),
('maujean2e', '638', '1'),
('maujean2e', '677', '2'),
('maujean2e', '802', '1'),
('maujean2e', '966', '2'),
('maujean2e', '977', '2'),
('mcrispe1v', '51', '2'),
('mcrispe1v', '129', '2'),
('mcrispe1v', '351', '2'),
('mcrispe1v', '855', '1'),
('mcrispe1v', '901', '1'),
('mcrispe1v', '927', '1'),
('mescot19', '122', '1'),
('mescot19', '195', '1'),
('mescot19', '503', '2'),
('mescot19', '715', '1'),
('mescot19', '774', '2'),
('mescot19', '795', '1'),
('mescot19', '805', '1'),
('mescot19', '859', '1'),
('mfaires4u', '268', '2'),
('mfaires4u', '452', '1'),
('mfaires4u', '478', '1'),
('mfaires4u', '590', '2'),
('mfaires4u', '690', '2'),
('mfaires4u', '698', '1'),
('mfaires4u', '755', '1'),
('mfaires4u', '854', '1'),
('mfaires4u', '901', '1'),
('mfaires4u', '961', '1'),
('mfulcher1s', '54', '1'),
('mfulcher1s', '55', '1'),
('mfulcher1s', '68', '1'),
('mfulcher1s', '77', '2'),
('mfulcher1s', '198', '1'),
('mfulcher1s', '278', '2'),
('mfulcher1s', '325', '2'),
('mfulcher1s', '350', '2'),
('mfulcher1s', '423', '1'),
('mfulcher1s', '521', '1'),
('mfulcher1s', '568', '2'),
('mfulcher1s', '601', '2'),
('mfulcher1s', '616', '1'),
('mfulcher1s', '715', '2'),
('mfulcher1s', '821', '2'),
('mfulcher1s', '879', '2'),
('mfulcher1s', '913', '2'),
('mfulcher1s', '979', '1'),
('mfulcher1s', '980', '2'),
('mfurminger2o', '28', '2'),
('mfurminger2o', '37', '1'),
('mfurminger2o', '100', '1'),
('mfurminger2o', '379', '2'),
('mfurminger2o', '785', '2'),
('mhabeshaw29', '193', '1'),
('mhabeshaw29', '194', '2'),
('mhabeshaw29', '356', '2'),
('mhabeshaw29', '427', '1'),
('mhabeshaw29', '743', '2'),
('mhabeshaw29', '800', '2'),
('mhabeshaw29', '881', '1'),
('mhunnaball1f', '13', '1'),
('mhunnaball1f', '528', '2'),
('mhunnaball1f', '770', '2'),
('mhunnaball1f', '890', '2'),
('mhunnaball1f', '975', '1'),
('mjolly2i', '26', '2'),
('mjolly2i', '67', '1'),
('mjolly2i', '252', '2'),
('mjolly2i', '284', '1'),
('mjolly2i', '348', '1'),
('mjolly2i', '515', '2'),
('mjorioz2j', '74', '1'),
('mjorioz2j', '140', '2'),
('mjorioz2j', '146', '1'),
('mjorioz2j', '227', '2'),
('mjorioz2j', '525', '2'),
('mjorioz2j', '853', '1'),
('mjorioz2j', '889', '1'),
('mjorioz2j', '905', '2'),
('mkeir5i', '167', '1'),
('mkeir5i', '211', '2'),
('mkeir5i', '396', '1'),
('mkeir5i', '473', '2'),
('mkeir5i', '597', '2'),
('mkeir5i', '863', '2'),
('mkeir5i', '889', '1'),
('mkeir5i', '929', '2'),
('mketteman1b', '130', '2'),
('mketteman1b', '138', '2'),
('mketteman1b', '321', '2'),
('mketteman1b', '597', '1'),
('mketteman1b', '662', '2'),
('mketteman1b', '833', '1'),
('mketteman1b', '834', '2'),
('mkynnd2q', '18', '1'),
('mkynnd2q', '162', '2'),
('mkynnd2q', '384', '2'),
('mkynnd2q', '599', '2'),
('mkynnd2q', '783', '2'),
('mkynnd2q', '877', '2'),
('mmcilroy5p', '12', '1'),
('mmcilroy5p', '106', '1'),
('mmcilroy5p', '241', '2'),
('mmcilroy5p', '296', '1'),
('mmcilroy5p', '496', '2'),
('mmcilroy5p', '598', '1'),
('mmcilroy5p', '701', '1'),
('mmcilroy5p', '726', '2'),
('mmcilroy5p', '959', '2'),
('mmcilroy5p', '979', '2'),
('mmuck57', '124', '2'),
('mmuck57', '136', '1'),
('mmuck57', '143', '2'),
('mmuck57', '230', '1'),
('mmuck57', '306', '1'),
('mmuck57', '358', '2'),
('mmuck57', '407', '1'),
('mmuck57', '488', '1'),
('mmuck57', '614', '2'),
('mmuck57', '668', '2'),
('mmuck57', '702', '2'),
('mmuck57', '796', '1'),
('molooney2p', '248', '2'),
('molooney2p', '410', '2'),
('molooney2p', '473', '2'),
('molooney2p', '559', '1'),
('molooney2p', '666', '1'),
('molooney2p', '778', '2'),
('mraggv', '74', '2'),
('mraggv', '108', '1'),
('mraggv', '175', '1'),
('mraggv', '228', '1'),
('mraggv', '360', '1'),
('mraggv', '479', '2'),
('mraggv', '518', '2'),
('mraggv', '594', '2'),
('mraggv', '645', '1'),
('mraggv', '724', '1'),
('mraggv', '776', '2'),
('mraggv', '847', '2'),
('mraggv', '874', '1'),
('mraggv', '914', '1'),
('mraggv', '961', '2'),
('mranscomb4', '4', '1'),
('mranscomb4', '65', '1'),
('mranscomb4', '162', '2'),
('mranscomb4', '207', '2'),
('mranscomb4', '287', '1'),
('mranscomb4', '326', '2'),
('mranscomb4', '447', '2'),
('mranscomb4', '569', '2'),
('mranscomb4', '639', '1'),
('mranscomb4', '667', '1'),
('mranscomb4', '830', '1'),
('mranscomb4', '868', '1'),
('mranscomb4', '875', '2'),
('msings4r', '43', '1'),
('msings4r', '181', '2'),
('msings4r', '216', '2'),
('msings4r', '348', '1'),
('msings4r', '368', '2'),
('msings4r', '434', '1'),
('msings4r', '463', '1'),
('msings4r', '770', '2'),
('msings4r', '823', '1'),
('mtenniswood12', '163', '2'),
('mtenniswood12', '202', '2'),
('mtenniswood12', '233', '1'),
('mtenniswood12', '345', '2'),
('mtenniswood12', '517', '1'),
('mtenniswood12', '535', '2'),
('mtenniswood12', '678', '2'),
('mtenniswood12', '741', '1'),
('mtenniswood12', '790', '1'),
('mtenniswood12', '829', '1'),
('mtenniswood12', '880', '1'),
('mtenniswood12', '907', '1'),
('mtenniswood12', '971', '2'),
('mvarah1w', '29', '2'),
('mvarah1w', '235', '2'),
('mvarah1w', '321', '2'),
('mvarah1w', '433', '1'),
('mvarah1w', '819', '2'),
('mvarah1w', '837', '1'),
('mvarah1w', '918', '2'),
('mvarah1w', '970', '1'),
('mvarah1w', '977', '2'),
('nabethell22', '175', '2'),
('nabethell22', '205', '1'),
('nabethell22', '346', '1'),
('nabethell22', '347', '1'),
('nabethell22', '355', '1'),
('nabethell22', '501', '1'),
('nabethell22', '607', '2'),
('nabethell22', '747', '1'),
('nabethell22', '749', '1'),
('nabethell22', '760', '2'),
('nabethell22', '886', '1'),
('nadamovitchb', '73', '2'),
('nadamovitchb', '149', '1'),
('nadamovitchb', '192', '1'),
('nadamovitchb', '217', '1'),
('nadamovitchb', '245', '2'),
('nadamovitchb', '297', '2'),
('nadamovitchb', '314', '2'),
('nadamovitchb', '323', '2'),
('nadamovitchb', '439', '2'),
('nadamovitchb', '585', '2'),
('nadamovitchb', '600', '2'),
('nadamovitchb', '766', '2'),
('nadamovitchb', '886', '1'),
('nderrick1p', '278', '2'),
('nderrick1p', '428', '1'),
('nderrick1p', '433', '2'),
('nderrick1p', '434', '2'),
('nderrick1p', '458', '1'),
('nderrick1p', '691', '2'),
('nderrick1p', '845', '2'),
('nderrick1p', '974', '2'),
('ndevillier38', '6', '1'),
('ndevillier38', '61', '1'),
('ndevillier38', '160', '1'),
('ndevillier38', '278', '2'),
('ndevillier38', '280', '1'),
('ndevillier38', '316', '1'),
('ndevillier38', '491', '1'),
('ndevillier38', '527', '1'),
('ndevillier38', '577', '1'),
('ndevillier38', '624', '1'),
('ndevillier38', '790', '1'),
('ndevillier38', '860', '2'),
('ndevillier38', '950', '1'),
('ndevillier38', '978', '2'),
('neakin1q', '214', '1'),
('neakin1q', '361', '1'),
('neakin1q', '428', '1'),
('neakin1q', '790', '1'),
('neakin1q', '850', '2'),
('nfarman1e', '7', '1'),
('nfarman1e', '51', '1'),
('nfarman1e', '99', '2'),
('nfarman1e', '120', '1'),
('nfarman1e', '222', '2'),
('nfarman1e', '249', '2'),
('nfarman1e', '255', '1'),
('nfarman1e', '285', '2'),
('nfarman1e', '298', '2'),
('nfarman1e', '323', '1'),
('nfarman1e', '375', '1'),
('nfarman1e', '440', '1'),
('nfarman1e', '486', '1'),
('nfarman1e', '549', '1'),
('nfarman1e', '573', '2'),
('nfarman1e', '577', '2'),
('nfarman1e', '612', '2'),
('nswinfon43', '42', '1'),
('nswinfon43', '80', '1'),
('nswinfon43', '192', '1'),
('nswinfon43', '278', '1'),
('nswinfon43', '346', '1'),
('nswinfon43', '359', '1'),
('nswinfon43', '385', '2'),
('nswinfon43', '557', '1'),
('nswinfon43', '578', '2'),
('nswinfon43', '636', '2'),
('nswinfon43', '720', '1'),
('nswinfon43', '822', '2'),
('nswinfon43', '857', '1'),
('ohadlow28', '70', '1'),
('ohadlow28', '200', '2'),
('ohadlow28', '203', '2'),
('ohadlow28', '303', '2'),
('ohadlow28', '343', '2'),
('ohadlow28', '360', '1'),
('ohadlow28', '486', '1'),
('ohadlow28', '695', '2'),
('ohadlow28', '746', '2'),
('ohadlow28', '763', '1'),
('ohadlow28', '808', '1'),
('ohadlow28', '983', '2'),
('oprofitl', '92', '1'),
('oprofitl', '203', '2'),
('oprofitl', '291', '1'),
('oprofitl', '522', '1'),
('oprofitl', '563', '1'),
('oprofitl', '766', '1'),
('oprofitl', '875', '2'),
('pbachellier2x', '8', '1'),
('pbachellier2x', '422', '2'),
('pbachellier2x', '531', '2'),
('pbachellier2x', '601', '1'),
('pbachellier2x', '716', '1'),
('pbachellier2x', '863', '2'),
('pbachellier2x', '881', '2'),
('pbauded', '71', '1'),
('pbauded', '200', '1'),
('pbauded', '376', '2'),
('pbauded', '832', '2'),
('pbauded', '840', '2'),
('pgilhouley3m', '98', '1'),
('pgilhouley3m', '109', '1'),
('pgilhouley3m', '196', '1'),
('pgilhouley3m', '281', '2'),
('pgilhouley3m', '322', '1'),
('pgilhouley3m', '447', '1'),
('pgilhouley3m', '450', '2'),
('pgilhouley3m', '508', '2'),
('pgilhouley3m', '731', '2'),
('pgilhouley3m', '847', '2'),
('pgilhouley3m', '990', '1'),
('phockey4y', '175', '1'),
('phockey4y', '196', '1'),
('phockey4y', '263', '2'),
('phockey4y', '290', '2'),
('phockey4y', '370', '1'),
('phockey4y', '465', '1'),
('phockey4y', '733', '2'),
('phockey4y', '788', '1'),
('phockey4y', '885', '1'),
('phockey4y', '953', '2'),
('plambourne1x', '682', '2'),
('pwarnese', '153', '2'),
('pwarnese', '169', '2'),
('pwarnese', '266', '2'),
('pwarnese', '319', '1'),
('pwarnese', '547', '1'),
('pwarnese', '548', '1'),
('pwarnese', '715', '1'),
('pwarnese', '901', '2'),
('qbasill2f', '5', '1'),
('qbasill2f', '30', '1'),
('qbasill2f', '68', '1'),
('qbasill2f', '115', '2'),
('qbasill2f', '166', '2'),
('qbasill2f', '330', '2'),
('qbasill2f', '371', '2'),
('qbasill2f', '430', '2'),
('qbasill2f', '557', '2'),
('qbasill2f', '646', '2'),
('rblancowe3', '91', '2'),
('rblancowe3', '132', '2'),
('rblancowe3', '178', '1'),
('rblancowe3', '216', '2'),
('rblancowe3', '292', '1'),
('rblancowe3', '314', '1'),
('rblancowe3', '442', '2'),
('rblancowe3', '572', '1'),
('rblancowe3', '627', '2'),
('rblancowe3', '648', '1'),
('rblancowe3', '701', '1'),
('rblancowe3', '710', '2'),
('rblancowe3', '820', '2'),
('rblancowe3', '850', '2'),
('rblancowe3', '958', '2'),
('rblancowe3', '976', '2'),
('rdefries3d', '4', '2'),
('rdefries3d', '454', '1'),
('rdefries3d', '527', '1'),
('rdefries3d', '583', '1'),
('rdefries3d', '825', '2'),
('rdefries3d', '935', '1'),
('rdefries3d', '989', '1'),
('rdowers48', '10', '2'),
('rdowers48', '383', '2'),
('rdowers48', '411', '1'),
('rdowers48', '417', '1'),
('rdowers48', '508', '2'),
('rdowers48', '578', '1'),
('rdowers48', '629', '2'),
('rdowers48', '651', '2'),
('rdowers48', '749', '1'),
('rdowers48', '756', '2'),
('rdowers48', '913', '1'),
('remes3h', '170', '1'),
('remes3h', '172', '1'),
('remes3h', '237', '1'),
('remes3h', '253', '2'),
('remes3h', '257', '2'),
('remes3h', '386', '2'),
('remes3h', '422', '2'),
('remes3h', '539', '2'),
('remes3h', '636', '2'),
('remes3h', '665', '2'),
('remes3h', '765', '2'),
('remes3h', '860', '1'),
('rgartrell1z', '142', '2'),
('rgartrell1z', '175', '1'),
('rgartrell1z', '545', '1'),
('rgartrell1z', '568', '2'),
('rgartrell1z', '925', '2'),
('rgartrell1z', '963', '2'),
('rjoan59', '88', '1'),
('rjoan59', '128', '2'),
('rjoan59', '178', '1'),
('rjoan59', '201', '1'),
('rjoan59', '340', '1'),
('rjoan59', '368', '2'),
('rjoan59', '400', '1'),
('rjoan59', '416', '1'),
('rjoan59', '444', '2'),
('rjoan59', '450', '2'),
('rjoan59', '514', '1'),
('rjoan59', '532', '1'),
('rjoan59', '556', '2'),
('rjoan59', '620', '1'),
('rjoan59', '673', '2'),
('rjoan59', '898', '1'),
('rjoan59', '907', '2'),
('rjoan59', '948', '2'),
('rjoan59', '984', '1'),
('rlebarr51', '2', '1'),
('rlebarr51', '83', '1'),
('rlebarr51', '136', '2'),
('rlebarr51', '167', '1'),
('rlebarr51', '321', '2'),
('rlebarr51', '426', '1'),
('rlebarr51', '479', '2'),
('rlebarr51', '517', '2'),
('rluebbert21', '18', '1'),
('rluebbert21', '90', '2'),
('rluebbert21', '310', '1'),
('rluebbert21', '376', '2'),
('rluebbert21', '537', '2'),
('rluebbert21', '653', '2'),
('rluebbert21', '701', '1'),
('rluebbert21', '758', '2'),
('rluebbert21', '804', '1'),
('rluebbert21', '864', '1'),
('rluebbert21', '913', '1'),
('rrosin', '53', '1'),
('rrosin', '112', '1'),
('rrosin', '235', '2'),
('rrosin', '295', '2'),
('rrosin', '451', '2'),
('rrosin', '461', '2'),
('rrosin', '511', '1'),
('rrosin', '949', '2'),
('rsparrow1n', '154', '1'),
('rsparrow1n', '186', '1'),
('rsparrow1n', '319', '2'),
('rsparrow1n', '320', '2'),
('rsparrow1n', '680', '1'),
('sbartosch2k', '82', '2'),
('sbartosch2k', '203', '1'),
('sbartosch2k', '318', '1'),
('sbartosch2k', '369', '2'),
('sbartosch2k', '499', '2'),
('sbartosch2k', '541', '1'),
('sbartosch2k', '656', '1'),
('sbartosch2k', '789', '2'),
('sbartosch2k', '822', '2'),
('sbartosch2k', '895', '2'),
('sbergeon2n', '604', '2'),
('sbergeon2n', '907', '2'),
('sbergeon2n', '937', '1'),
('sbrandham2a', '34', '2'),
('sbrandham2a', '275', '1'),
('sbrandham2a', '279', '2'),
('sbrandham2a', '430', '2'),
('sbrandham2a', '438', '2'),
('sbrandham2a', '446', '1'),
('sbrandham2a', '625', '2'),
('sbrandham2a', '645', '1'),
('sbrandham2a', '850', '1'),
('scabotto3f', '155', '2'),
('scabotto3f', '269', '1'),
('scabotto3f', '301', '2'),
('scabotto3f', '311', '2'),
('scabotto3f', '470', '2'),
('scabotto3f', '596', '1'),
('scabotto3f', '598', '1'),
('scabotto3f', '651', '2'),
('scabotto3f', '687', '1'),
('scabotto3f', '697', '2'),
('scabotto3f', '787', '1'),
('scabotto3f', '852', '1'),
('scroci35', '52', '1'),
('scroci35', '96', '1'),
('scroci35', '235', '1'),
('scroci35', '358', '1'),
('scroci35', '537', '1'),
('scroci35', '567', '1'),
('scroci35', '578', '2'),
('scroci35', '594', '2'),
('scroci35', '675', '2'),
('scroci35', '728', '1'),
('scroci35', '814', '1'),
('sfulton4i', '76', '1'),
('sfulton4i', '133', '1'),
('sfulton4i', '170', '2'),
('sfulton4i', '204', '1'),
('sfulton4i', '301', '1'),
('sfulton4i', '507', '2'),
('sfulton4i', '535', '1'),
('sfulton4i', '647', '1'),
('sfulton4i', '742', '1'),
('sfulton4i', '828', '1'),
('shargie1i', '19', '1'),
('shargie1i', '61', '2'),
('shargie1i', '70', '1'),
('shargie1i', '171', '2'),
('shargie1i', '193', '1'),
('shargie1i', '359', '2'),
('shargie1i', '648', '2'),
('shargie1i', '654', '2'),
('shargie1i', '683', '2'),
('skopje1c', '102', '1'),
('skopje1c', '128', '2'),
('skopje1c', '451', '1'),
('skopje1c', '469', '1'),
('skopje1c', '503', '2'),
('skopje1c', '741', '1'),
('skopje1c', '834', '1'),
('skopje1c', '876', '1'),
('skopje1c', '899', '2'),
('smaleck5d', '32', '2'),
('smaleck5d', '38', '1'),
('smaleck5d', '157', '2'),
('smaleck5d', '181', '2'),
('smaleck5d', '487', '1'),
('smaleck5d', '568', '1'),
('smaleck5d', '838', '1'),
('smaleck5d', '897', '1'),
('smaleck5d', '908', '1'),
('smcbay4m', '111', '1'),
('smcbay4m', '194', '1'),
('smcbay4m', '289', '1'),
('smcbay4m', '426', '2'),
('smcbay4m', '446', '2'),
('smcbay4m', '580', '2'),
('smcbay4m', '636', '1'),
('smcbay4m', '707', '1'),
('smcbay4m', '750', '2'),
('smcbay4m', '835', '1'),
('smcbay4m', '950', '2'),
('sofielly2g', '158', '1'),
('sofielly2g', '447', '1'),
('sofielly2g', '498', '2'),
('sofielly2g', '886', '2'),
('sscamal2m', '18', '1'),
('sscamal2m', '302', '2'),
('sscamal2m', '351', '1'),
('sscamal2m', '556', '2'),
('sscamal2m', '717', '1'),
('sscamal2m', '761', '2'),
('sscamal2m', '767', '1'),
('sscamal2m', '929', '2'),
('sscamal2m', '991', '2'),
('sseefeldt47', '82', '2'),
('sseefeldt47', '110', '1'),
('sseefeldt47', '496', '1'),
('sseefeldt47', '547', '2'),
('sseefeldt47', '690', '2'),
('sseefeldt47', '779', '1'),
('sseefeldt47', '844', '1'),
('sseefeldt47', '931', '1'),
('sseefeldt47', '991', '2'),
('stesto3n', '77', '2'),
('stesto3n', '109', '2'),
('stesto3n', '241', '1'),
('stesto3n', '516', '1'),
('stesto3n', '647', '1'),
('stesto3n', '671', '1'),
('stesto3n', '788', '2'),
('stesto3n', '872', '2'),
('stesto3n', '884', '2'),
('svonderdellt', '135', '2'),
('svonderdellt', '146', '1'),
('svonderdellt', '311', '1'),
('svonderdellt', '377', '1'),
('svonderdellt', '384', '1'),
('svonderdellt', '503', '2'),
('svonderdellt', '830', '1'),
('svonderdellt', '975', '1'),
('tfeehan4n', '9', '2'),
('tfeehan4n', '26', '2'),
('tfeehan4n', '51', '2'),
('tfeehan4n', '80', '2'),
('tfeehan4n', '367', '1'),
('tfeehan4n', '448', '2'),
('tfeehan4n', '885', '2'),
('tfeehan4n', '938', '2'),
('tmessenger3q', '56', '2'),
('tmessenger3q', '132', '2'),
('tmessenger3q', '390', '2'),
('tmessenger3q', '648', '1'),
('tmessenger3q', '743', '2'),
('tmessenger3q', '829', '1'),
('tmessenger3q', '952', '2'),
('tollie52', '112', '1'),
('tollie52', '122', '1'),
('tollie52', '125', '2'),
('tollie52', '224', '1'),
('tollie52', '362', '1'),
('tollie52', '434', '2'),
('tollie52', '661', '1'),
('tollie52', '814', '1'),
('tpendergrasto', '70', '1'),
('tpendergrasto', '103', '2'),
('tpendergrasto', '274', '2'),
('tpendergrasto', '350', '2'),
('tpendergrasto', '437', '1'),
('tpendergrasto', '439', '1'),
('tpendergrasto', '490', '2'),
('tpendergrasto', '495', '1'),
('tpendergrasto', '757', '1'),
('tpython36', '115', '2'),
('tpython36', '126', '1'),
('tpython36', '492', '1'),
('tpython36', '574', '2'),
('tpython36', '696', '1'),
('tpython36', '749', '2'),
('tpython36', '764', '2'),
('tpython36', '782', '1'),
('tpython36', '859', '1'),
('tpython36', '868', '2'),
('tpython36', '880', '2'),
('tpython36', '911', '2'),
('tramsbottom5b', '267', '1'),
('tramsbottom5b', '332', '1'),
('tramsbottom5b', '452', '1'),
('tramsbottom5b', '634', '1'),
('tramsbottom5b', '639', '1'),
('tramsbottom5b', '640', '1'),
('tramsbottom5b', '736', '2'),
('tramsbottom5b', '944', '2'),
('tscreach32', '111', '2'),
('tscreach32', '180', '1'),
('tscreach32', '197', '2'),
('tscreach32', '311', '1'),
('tscreach32', '436', '1'),
('tscreach32', '459', '2'),
('tscreach32', '716', '2'),
('tscreach32', '825', '1'),
('tsheringham5k', '44', '2'),
('tsheringham5k', '112', '2'),
('tsheringham5k', '128', '1'),
('tsheringham5k', '132', '1'),
('tsheringham5k', '183', '1'),
('tsheringham5k', '186', '1'),
('tsheringham5k', '211', '2'),
('tsheringham5k', '250', '2'),
('tsheringham5k', '283', '2'),
('tsheringham5k', '336', '1'),
('tsheringham5k', '355', '1'),
('tsheringham5k', '456', '1'),
('tsheringham5k', '767', '2'),
('tsheringham5k', '879', '2'),
('tsheringham5k', '881', '2'),
('twhitechurch2h', '218', '1'),
('twhitechurch2h', '234', '1'),
('twhitechurch2h', '250', '2'),
('twhitechurch2h', '305', '2'),
('twhitechurch2h', '470', '1'),
('twhitechurch2h', '506', '2'),
('twhitechurch2h', '538', '1'),
('twhitechurch2h', '541', '2'),
('twhitechurch2h', '593', '1'),
('twhitechurch2h', '782', '1'),
('twhitechurch2h', '856', '1'),
('twhitechurch2h', '883', '2'),
('twhitechurch2h', '955', '1'),
('uleatherland5j', '115', '2'),
('uleatherland5j', '192', '1'),
('uleatherland5j', '209', '1'),
('uleatherland5j', '237', '2'),
('uleatherland5j', '318', '1'),
('uleatherland5j', '455', '1'),
('uleatherland5j', '503', '1'),
('uleatherland5j', '551', '1'),
('uleatherland5j', '792', '1'),
('uleatherland5j', '886', '1'),
('uleatherland5j', '929', '2'),
('vconstantinou5r', '257', '2'),
('vconstantinou5r', '655', '1'),
('vconstantinou5r', '870', '1'),
('vissacov3u', '27', '2'),
('vissacov3u', '93', '2'),
('vissacov3u', '105', '1'),
('vissacov3u', '207', '1'),
('vissacov3u', '579', '1'),
('vissacov3u', '636', '2'),
('vissacov3u', '666', '1'),
('vissacov3u', '907', '1'),
('vrichfieldy', '85', '2'),
('vrichfieldy', '130', '1'),
('vrichfieldy', '175', '2'),
('vrichfieldy', '269', '2'),
('vrichfieldy', '364', '1'),
('vrichfieldy', '544', '1'),
('vrichfieldy', '545', '2'),
('vrichfieldy', '675', '1'),
('vrichfieldy', '871', '1'),
('vrichfieldy', '930', '1'),
('vsmillieg', '7', '2'),
('vsmillieg', '68', '1'),
('vsmillieg', '163', '2'),
('vsmillieg', '366', '1'),
('vsmillieg', '430', '2'),
('vsmillieg', '871', '2'),
('vsmillieg', '967', '1'),
('vsmillieg', '976', '1'),
('vsmillieg', '979', '2'),
('vtremathack2z', '286', '2'),
('vtremathack2z', '477', '1'),
('vtremathack2z', '671', '2'),
('wprangley7', '82', '2'),
('wprangley7', '234', '1'),
('wprangley7', '266', '1'),
('wprangley7', '450', '2'),
('wprangley7', '831', '1'),
('wprangley7', '875', '1'),
('wprangley7', '999', '1'),
('wtassell5q', '51', '2'),
('wtassell5q', '167', '2'),
('wtassell5q', '218', '2'),
('wtassell5q', '233', '1'),
('wtassell5q', '257', '2'),
('wtassell5q', '322', '1'),
('wtassell5q', '513', '1'),
('wtassell5q', '566', '2'),
('wtassell5q', '593', '2'),
('wtassell5q', '598', '2'),
('wtassell5q', '608', '1'),
('wtassell5q', '997', '2'),
('zgeockle1u', '177', '2'),
('zgeockle1u', '258', '2'),
('zgeockle1u', '371', '1'),
('zkrienke6', '220', '2'),
('zkrienke6', '222', '1'),
('zkrienke6', '477', '2'),
('zkrienke6', '820', '1'),
('zkrienke6', '869', '2'),
('zkrienke6', '912', '1');

-- --------------------------------------------------------

--
-- Table structure for table `subgroup_of`
--

CREATE TABLE `subgroup_of` (
  `parent_groupID` decimal(10,0) NOT NULL DEFAULT '0',
  `sub_groupID` decimal(10,0) NOT NULL DEFAULT '0'
) ENGINE=InnoDB DEFAULT CHARSET=latin1;

--
-- Dumping data for table `subgroup_of`
--

INSERT INTO `subgroup_of` (`parent_groupID`, `sub_groupID`) VALUES
('1', '14'),
('2', '13'),
('5', '20'),
('5', '67'),
('7', '38'),
('11', '41'),
('14', '5'),
('17', '25'),
('17', '49'),
('18', '29'),
('18', '61'),
('21', '9'),
('21', '60'),
('22', '33'),
('26', '38'),
('35', '37'),
('42', '7'),
('47', '13'),
('49', '35'),
('50', '20'),
('52', '25'),
('55', '50'),
('57', '70'),
('58', '33'),
('62', '59'),
('66', '18'),
('70', '31'),
('70', '57');

-- --------------------------------------------------------

--
-- Table structure for table `tag`
--

CREATE TABLE `tag` (
  `tagID` decimal(10,0) NOT NULL DEFAULT '0',
  `tag_name` varchar(255) NOT NULL,
  `description` varchar(255) DEFAULT NULL
) ENGINE=InnoDB DEFAULT CHARSET=latin1;

--
-- Dumping data for table `tag`
--

INSERT INTO `tag` (`tagID`, `tag_name`, `description`) VALUES
('1', 'solution', 'Business-focused system-worthy open architecture'),
('2', 'archive', 'Customer-focused optimal open architecture'),
('3', 'Implemented', 'Diverse real-time productivity'),
('4', 'fresh-thinking', 'Ergonomic foreground Graphic Interface'),
('5', 'Sharable', 'User-centric bifurcated synergy'),
('6', 'Team-oriented', 'Optimized zero tolerance Graphical User Interface'),
('7', 'static', 'Visionary transitional product'),
('8', 'website', 'Organic leading edge utilisation'),
('9', 'Future-proofed', 'Ergonomic 24/7 collaboration'),
('10', 'Optimized', 'Business-focused radical concept'),
('11', 'Assimilated', 'Reduced exuding protocol'),
('12', 'motivating', 'Phased intangible website'),
('13', 'Progressive', 'Expanded executive implementation'),
('14', 'fault-tolerant', 'Innovative discrete internet solution'),
('15', 'implementation', 'Ergonomic human-resource migration'),
('16', 'Implemented', 'Organized composite orchestration'),
('17', 'solution', 'User-friendly 24 hour customer loyalty'),
('18', 'Enterprise-wide', 'Ergonomic heuristic portal'),
('19', 'static', 'Organized motivating capacity'),
('20', 'executive', 'Multi-channelled impactful synergy'),
('21', 'even-keeled', 'Multi-layered eco-centric intranet'),
('22', 'encryption', 'Horizontal zero defect synergy'),
('23', 'transitional', 'Triple-buffered web-enabled open system'),
('24', 'Cloned', 'Balanced asymmetric parallelism'),
('25', 'well-modulated', 'Intuitive directional synergy'),
('26', 'asynchronous', 'Vision-oriented content-based initiative'),
('27', 'Object-based', 'Ergonomic explicit frame'),
('28', 'parallelism', 'User-centric regional support'),
('29', 'cohesive', 'Virtual optimizing flexibility'),
('30', 'moratorium', 'Diverse regional analyzer'),
('31', 'hub', 'Intuitive 24/7 encoding'),
('32', 'Assimilated', 'Cloned asymmetric task-force'),
('33', 'encryption', 'Exclusive clear-thinking knowledge user'),
('34', 'regional', 'Customizable human-resource matrix'),
('35', 'disintermediate', 'Realigned even-keeled implementation'),
('36', 'Secured', 'Front-line static methodology'),
('37', 'Upgradable', 'Total executive access'),
('38', 'instruction set', 'Fully-configurable mission-critical internet solution'),
('39', 'help-desk', 'Cloned background software'),
('40', 'upward-trending', 'Persevering client-server groupware'),
('41', 'didactic', 'Triple-buffered empowering installation'),
('42', 'Graphical User Interface', 'Stand-alone bifurcated project'),
('43', 'motivating', 'Phased heuristic system engine'),
('44', 'system engine', 'User-centric user-facing strategy'),
('45', 'high-level', 'Re-engineered systematic local area network'),
('46', 'Innovative', 'Cross-group disintermediate knowledge user'),
('47', 'Organized', 'Mandatory 5th generation website'),
('48', 'systemic', 'Integrated contextually-based success'),
('49', 'encryption', 'Configurable intermediate secured line'),
('50', 'high-level', 'Universal 5th generation support'),
('51', 'transitional', 'Horizontal responsive success'),
('52', 'holistic', 'Switchable clear-thinking open system'),
('53', 'multi-tasking', 'Virtual non-volatile orchestration'),
('54', 'explicit', 'Open-source holistic info-mediaries'),
('55', 'Intuitive', 'Synergized transitional policy'),
('56', 'orchestration', 'Innovative encompassing support'),
('57', 'coherent', 'Up-sized next generation adapter'),
('58', 'global', 'Cross-group heuristic system engine'),
('59', 'Total', 'Future-proofed local parallelism'),
('60', 'model', 'Total bottom-line project'),
('61', '24/7', 'Inverse impactful projection'),
('62', 'intangible', 'Enhanced empowering approach'),
('63', 'zero administration', 'Up-sized intermediate middleware'),
('64', 'Distributed', 'Stand-alone composite hub'),
('65', 'orchestration', 'Customizable bottom-line time-frame'),
('66', 'protocol', 'Enterprise-wide user-facing framework'),
('67', 'Team-oriented', 'Persistent real-time artificial intelligence'),
('68', 'Stand-alone', 'Virtual uniform internet solution'),
('69', 'Programmable', 'Down-sized cohesive application'),
('70', 'Switchable', 'Virtual zero administration workforce'),
('71', 'service-desk', 'Face to face bottom-line flexibility'),
('72', 'User-friendly', 'Upgradable fresh-thinking help-desk'),
('73', 'local area network', 'Phased responsive circuit'),
('74', 'Reduced', 'Front-line disintermediate function'),
('75', 'Proactive', 'Distributed well-modulated task-force'),
('76', 'client-driven', 'De-engineered scalable capacity'),
('77', 'Synchronised', 'Expanded systematic challenge'),
('78', 'throughput', 'Intuitive multi-state structure'),
('79', 'Realigned', 'Horizontal eco-centric intranet'),
('80', 'Devolved', 'Streamlined content-based extranet'),
('81', 'attitude-oriented', 'Optional scalable budgetary management'),
('82', 'Face to face', 'Open-source tangible instruction set'),
('83', 'adapter', 'Adaptive regional capability'),
('84', 'methodology', 'Progressive bottom-line open system'),
('85', 'alliance', 'Integrated analyzing parallelism'),
('86', 'throughput', 'Stand-alone 6th generation portal'),
('87', 'Front-line', 'Stand-alone leading edge software'),
('88', 'Adaptive', 'Enhanced systematic parallelism'),
('89', 'Switchable', 'Re-engineered tertiary capacity'),
('90', 'Self-enabling', 'Automated directional standardization'),
('91', 'data-warehouse', 'Face to face tertiary frame'),
('92', 'function', 'Stand-alone grid-enabled instruction set'),
('93', 'capability', 'Organized methodical structure'),
('94', 'dedicated', 'Pre-emptive 3rd generation info-mediaries'),
('95', '3rd generation', 'Grass-roots bifurcated info-mediaries'),
('96', 'alliance', 'Up-sized leading edge protocol'),
('97', 'hub', 'Customer-focused reciprocal portal'),
('98', 'Virtual', 'Robust reciprocal methodology'),
('99', 'Adaptive', 'Front-line 6th generation emulation'),
('100', 'high-level', 'Ergonomic directional knowledge base'),
('101', 'human-resource', 'Fully-configurable bifurcated strategy'),
('102', 'internet solution', 'Decentralized grid-enabled analyzer'),
('103', '24/7', 'Fully-configurable methodical matrix'),
('104', 'impactful', 'Distributed incremental process improvement'),
('105', 'internet solution', 'Organic bi-directional frame'),
('106', 'Secured', 'Realigned systematic portal'),
('107', 'workforce', 'Polarised executive firmware'),
('108', 'multi-tasking', 'Monitored background hierarchy'),
('109', 'bottom-line', 'User-centric modular pricing structure'),
('110', 'global', 'Exclusive logistical software'),
('111', 'holistic', 'Organic multi-state hub'),
('112', 'Front-line', 'Down-sized tertiary moratorium'),
('113', 'conglomeration', 'Decentralized coherent open system'),
('114', 'Managed', 'Mandatory systematic instruction set'),
('115', 'real-time', 'Monitored even-keeled superstructure'),
('116', 'Optional', 'Networked background budgetary management'),
('117', 'Multi-channelled', 'Seamless high-level implementation'),
('118', 'Upgradable', 'Focused maximized open architecture'),
('119', 'Re-engineered', 'Customer-focused client-driven throughput'),
('120', 'flexibility', 'Secured intangible functionalities'),
('121', 'User-centric', 'Customer-focused background local area network'),
('122', 'impactful', 'Adaptive 5th generation project'),
('123', 'projection', 'Operative bi-directional encryption'),
('124', 'Upgradable', 'Multi-layered asynchronous strategy'),
('125', 'Versatile', 'Right-sized zero tolerance challenge'),
('126', 'dedicated', 'User-centric national secured line'),
('127', 'orchestration', 'Operative modular standardization'),
('128', 'Stand-alone', 'Cross-platform directional interface'),
('129', 'implementation', 'Devolved high-level initiative'),
('130', 'national', 'Synchronised mobile toolset'),
('131', 'dynamic', 'Cloned asymmetric hierarchy'),
('132', 'secondary', 'Adaptive mobile pricing structure'),
('133', 'hardware', 'Persistent human-resource website'),
('134', 'ability', 'Monitored 6th generation instruction set'),
('135', 'Monitored', 'Streamlined uniform info-mediaries'),
('136', 'Balanced', 'User-friendly bandwidth-monitored software'),
('137', 'help-desk', 'Decentralized interactive portal'),
('138', 'neutral', 'Operative 4th generation contingency'),
('139', 'moratorium', 'Customizable maximized toolset'),
('140', 'bottom-line', 'Optional multi-tasking pricing structure'),
('141', 'task-force', 'Advanced homogeneous open system'),
('142', 'Fundamental', 'Automated contextually-based synergy'),
('143', 'next generation', 'Visionary secondary leverage'),
('144', 'strategy', 'Monitored scalable application'),
('145', 'Versatile', 'Customizable upward-trending benchmark'),
('146', 'Fully-configurable', 'Profit-focused motivating customer loyalty'),
('147', 'Ergonomic', 'Operative optimal circuit'),
('148', 'workforce', 'Managed composite system engine'),
('149', 'multi-state', 'Triple-buffered needs-based circuit'),
('150', 'stable', 'Ameliorated upward-trending local area network'),
('151', 'neural-net', 'Switchable bifurcated middleware'),
('152', 'logistical', 'Adaptive optimal framework'),
('153', 'Synergistic', 'Business-focused maximized conglomeration'),
('154', 'success', 'Reactive asynchronous local area network'),
('155', 'hierarchy', 'Horizontal content-based standardization'),
('156', 'Implemented', 'Managed interactive access'),
('157', 'forecast', 'Extended holistic contingency'),
('158', 'exuding', 'Streamlined optimal portal'),
('159', 'Synergistic', 'Assimilated neutral Graphical User Interface'),
('160', 'Synergized', 'Enhanced well-modulated focus group'),
('161', 'Organized', 'Devolved composite parallelism'),
('162', 'real-time', 'Programmable contextually-based conglomeration'),
('163', 'Object-based', 'Operative high-level encoding'),
('164', 'upward-trending', 'Inverse secondary policy'),
('165', 'Face to face', 'Innovative fresh-thinking software'),
('166', 'Implemented', 'Customizable didactic capability'),
('167', 'concept', 'Quality-focused responsive hardware'),
('168', 'success', 'Open-source clear-thinking analyzer'),
('169', 'Business-focused', 'Optional didactic definition'),
('170', 'Ameliorated', 'Profit-focused reciprocal leverage'),
('171', 'attitude-oriented', 'Persevering uniform solution'),
('172', 'optimizing', 'Decentralized bandwidth-monitored methodology'),
('173', 'tertiary', 'Customizable impactful data-warehouse'),
('174', 'database', 'User-friendly asynchronous database'),
('175', 'content-based', 'Devolved hybrid encoding'),
('176', 'Exclusive', 'Advanced 24/7 workforce'),
('177', 'Fully-configurable', 'Business-focused even-keeled concept'),
('178', 'firmware', 'Customizable tertiary paradigm'),
('179', 'Reverse-engineered', 'Adaptive well-modulated productivity'),
('180', 'utilisation', 'Quality-focused well-modulated service-desk'),
('181', 'bottom-line', 'Virtual high-level strategy'),
('182', 'Reverse-engineered', 'Multi-lateral full-range superstructure'),
('183', 'Ergonomic', 'Cloned logistical open system'),
('184', 'migration', 'Reactive transitional project'),
('185', 'zero tolerance', 'Function-based secondary hub'),
('186', 'optimizing', 'Enterprise-wide modular hierarchy'),
('187', 'composite', 'Multi-tiered maximized pricing structure'),
('188', 'data-warehouse', 'Extended well-modulated forecast'),
('189', 'Exclusive', 'Self-enabling radical initiative'),
('190', 'holistic', 'Up-sized impactful ability'),
('191', 'portal', 'Business-focused executive intranet'),
('192', 'cohesive', 'Realigned analyzing success'),
('193', 'Multi-lateral', 'Face to face zero tolerance matrix'),
('194', 'mission-critical', 'Decentralized methodical software'),
('195', 'fresh-thinking', 'Business-focused clear-thinking toolset'),
('196', 'Compatible', 'Centralized dedicated project'),
('197', 'Down-sized', 'Horizontal zero defect info-mediaries'),
('198', 'Inverse', 'Customer-focused real-time benchmark'),
('199', 'explicit', 'Cross-group multi-state orchestration'),
('200', 'stable', 'De-engineered transitional parallelism'),
('201', 'fault-tolerant', 'Front-line attitude-oriented conglomeration'),
('202', 'time-frame', 'Reduced optimal conglomeration'),
('203', 'grid-enabled', 'Synchronised contextually-based process improvement'),
('204', 'help-desk', 'Devolved zero administration synergy'),
('205', 'Object-based', 'Cross-platform intangible encoding'),
('206', 'Implemented', 'Right-sized background firmware'),
('207', 'secondary', 'Team-oriented system-worthy website'),
('208', 'static', 'Phased actuating emulation'),
('209', 'modular', 'Public-key asynchronous framework'),
('210', 'Graphical User Interface', 'Public-key systematic attitude'),
('211', 'multi-state', 'Up-sized dynamic capacity'),
('212', 'Stand-alone', 'Seamless contextually-based policy'),
('213', 'hub', 'Extended regional challenge'),
('214', 'Exclusive', 'Pre-emptive solution-oriented service-desk'),
('215', 'Focused', 'Sharable didactic solution'),
('216', 'Centralized', 'Phased scalable hierarchy'),
('217', 'array', 'Enhanced holistic application'),
('218', 'intangible', 'Team-oriented actuating application'),
('219', 'directional', 'Visionary 24 hour structure'),
('220', 'systemic', 'Synergized optimal open system'),
('221', 'internet solution', 'Innovative coherent utilisation'),
('222', 'analyzer', 'Front-line context-sensitive capability'),
('223', 'didactic', 'Realigned cohesive productivity'),
('224', 'forecast', 'Implemented context-sensitive groupware'),
('225', 'firmware', 'Ameliorated maximized hub'),
('226', 'time-frame', 'Diverse tangible customer loyalty'),
('227', 'Balanced', 'Cross-platform background knowledge user'),
('228', 'modular', 'Customizable heuristic methodology'),
('229', 'zero tolerance', 'Synergized client-driven productivity'),
('230', 'human-resource', 'Business-focused empowering service-desk'),
('231', '24 hour', 'Intuitive zero administration open system'),
('232', 'workforce', 'Optional executive paradigm'),
('233', 'archive', 'Triple-buffered 3rd generation function'),
('234', 'functionalities', 'Cross-group dedicated instruction set'),
('235', 'bi-directional', 'Self-enabling 4th generation parallelism'),
('236', 'Extended', 'Intuitive static data-warehouse'),
('237', 'Face to face', 'Optimized 5th generation instruction set'),
('238', 'projection', 'Phased dynamic hierarchy'),
('239', 'neural-net', 'Persistent methodical portal'),
('240', 'system-worthy', 'Automated contextually-based instruction set'),
('241', 'Total', 'Profound encompassing hub'),
('242', 'Configurable', 'Managed impactful Graphic Interface'),
('243', 'coherent', 'Advanced intermediate data-warehouse'),
('244', 'explicit', 'Profit-focused systematic architecture'),
('245', 'Universal', 'Triple-buffered secondary encoding'),
('246', 'attitude', 'Robust executive monitoring'),
('247', 'instruction set', 'Total neutral access'),
('248', 'interactive', 'Balanced coherent application'),
('249', 'projection', 'Organized radical budgetary management'),
('250', 'artificial intelligence', 'Multi-lateral tangible software'),
('251', 'superstructure', 'Fundamental dedicated toolset'),
('252', 'human-resource', 'Fully-configurable 6th generation array'),
('253', 'Visionary', 'Focused background utilisation'),
('254', 'Secured', 'Decentralized scalable parallelism'),
('255', 'Right-sized', 'Stand-alone non-volatile focus group'),
('256', 'Intuitive', 'Synergized non-volatile help-desk'),
('257', 'Optimized', 'Sharable analyzing secured line'),
('258', 'migration', 'Implemented client-driven success'),
('259', 'optimizing', 'Profit-focused homogeneous throughput'),
('260', 'multimedia', 'Persistent impactful frame'),
('261', 'info-mediaries', 'Re-engineered 6th generation productivity'),
('262', 'database', 'Function-based even-keeled infrastructure'),
('263', 'Reverse-engineered', 'Multi-channelled 24/7 ability'),
('264', 'Graphic Interface', 'Decentralized empowering alliance'),
('265', 'artificial intelligence', 'Fundamental 6th generation strategy'),
('266', 'process improvement', 'Vision-oriented stable matrices'),
('267', 'Digitized', 'Progressive bifurcated algorithm'),
('268', 'context-sensitive', 'Fully-configurable even-keeled website'),
('269', 'homogeneous', 'Ergonomic regional monitoring'),
('270', 'projection', 'Persevering upward-trending knowledge user'),
('271', 'circuit', 'User-centric even-keeled conglomeration'),
('272', 'Operative', 'Assimilated clear-thinking installation'),
('273', '4th generation', 'Virtual responsive instruction set'),
('274', 'Streamlined', 'Mandatory value-added software'),
('275', 'groupware', 'Extended motivating help-desk'),
('276', 'Customer-focused', 'User-centric mission-critical access'),
('277', 'web-enabled', 'Right-sized tertiary standardization'),
('278', 'Enterprise-wide', 'Configurable high-level task-force'),
('279', 'hierarchy', 'Re-engineered discrete synergy'),
('280', 'bottom-line', 'Centralized mission-critical orchestration'),
('281', 'content-based', 'Stand-alone logistical parallelism'),
('282', 'leading edge', 'Fully-configurable foreground task-force'),
('283', 'open system', 'Versatile 24 hour function'),
('284', 'alliance', 'Fundamental multimedia forecast'),
('285', 'local', 'Networked client-driven initiative'),
('286', 'Right-sized', 'User-centric demand-driven alliance'),
('287', 'scalable', 'Up-sized national artificial intelligence'),
('288', 'initiative', 'Implemented transitional time-frame'),
('289', 'analyzer', 'Optional upward-trending alliance'),
('290', 'Integrated', 'Open-source zero tolerance pricing structure'),
('291', 'matrix', 'Expanded coherent Graphical User Interface'),
('292', 'Reverse-engineered', 'Assimilated intermediate matrices'),
('293', 'logistical', 'Realigned foreground matrices'),
('294', 'mobile', 'Streamlined grid-enabled circuit'),
('295', 'implementation', 'Devolved explicit workforce'),
('296', 'zero administration', 'Fully-configurable homogeneous analyzer'),
('297', 'Ergonomic', 'Networked explicit middleware'),
('298', 'system-worthy', 'Cross-group dedicated throughput'),
('299', 'Virtual', 'Mandatory real-time leverage'),
('300', 'instruction set', 'Streamlined neutral framework'),
('301', 'Organized', 'Adaptive empowering knowledge base'),
('302', 'Re-engineered', 'Extended intermediate website'),
('303', 'secured line', 'Organized reciprocal application'),
('304', 'system-worthy', 'Synergized asynchronous migration'),
('305', 'Synergized', 'Synergistic zero administration hub'),
('306', 'circuit', 'Stand-alone heuristic alliance'),
('307', 'well-modulated', 'Synchronised eco-centric workforce'),
('308', 'Automated', 'Object-based mobile open architecture'),
('309', 'Team-oriented', 'De-engineered multi-tasking Graphical User Interface'),
('310', 'well-modulated', 'Team-oriented 3rd generation neural-net'),
('311', 'foreground', 'Open-architected 4th generation encoding'),
('312', 'paradigm', 'Operative user-facing challenge'),
('313', 'methodical', 'Distributed motivating Graphic Interface'),
('314', 'Synergized', 'Devolved dynamic data-warehouse'),
('315', 'Face to face', 'Synergized real-time firmware'),
('316', 'infrastructure', 'Grass-roots encompassing open architecture'),
('317', 'methodology', 'Balanced cohesive local area network'),
('318', 'next generation', 'Networked discrete paradigm'),
('319', 'Progressive', 'Fundamental neutral synergy'),
('320', 'paradigm', 'Compatible uniform intranet'),
('321', 'national', 'Fundamental hybrid access'),
('322', 'composite', 'Streamlined optimizing internet solution'),
('323', 'Innovative', 'Down-sized multi-tasking collaboration'),
('324', 'Multi-channelled', 'Phased intermediate internet solution'),
('325', 'Object-based', 'Virtual radical process improvement'),
('326', 'system-worthy', 'Sharable systemic pricing structure'),
('327', 'responsive', 'Synergistic maximized structure'),
('328', 'knowledge user', 'Innovative even-keeled success'),
('329', 'mission-critical', 'Triple-buffered web-enabled access'),
('330', 'bottom-line', 'Reverse-engineered national synergy'),
('331', 'bandwidth-monitored', 'Cloned asymmetric matrix'),
('332', 'discrete', 'Extended 6th generation alliance'),
('333', 'Re-engineered', 'Stand-alone fault-tolerant internet solution'),
('334', 'Innovative', 'Implemented disintermediate local area network'),
('335', 'tertiary', 'Vision-oriented global methodology'),
('336', 'Virtual', 'Grass-roots eco-centric pricing structure'),
('337', 'executive', 'Sharable solution-oriented instruction set'),
('338', 'cohesive', 'Self-enabling methodical extranet'),
('339', 'Optional', 'Object-based regional hardware'),
('340', 'tangible', 'Configurable tertiary leverage'),
('341', 'open system', 'Mandatory multi-tasking initiative'),
('342', 'exuding', 'Mandatory leading edge structure'),
('343', 'systemic', 'Fundamental static superstructure'),
('344', 'needs-based', 'Automated high-level strategy'),
('345', 'human-resource', 'Universal value-added artificial intelligence'),
('346', 'data-warehouse', 'Multi-tiered holistic portal'),
('347', '24 hour', 'Secured foreground contingency'),
('348', 'neutral', 'Networked composite matrices'),
('349', 'paradigm', 'Seamless non-volatile portal'),
('350', 'neural-net', 'Reverse-engineered content-based hub'),
('351', 'algorithm', 'Object-based multi-state architecture'),
('352', 'Persevering', 'Focused human-resource solution'),
('353', 'client-server', 'Configurable eco-centric matrix'),
('354', 'Front-line', 'Triple-buffered incremental open system'),
('355', 'Compatible', 'Enterprise-wide web-enabled software'),
('356', 'data-warehouse', 'Self-enabling modular approach'),
('357', 'Phased', 'Business-focused human-resource database'),
('358', 'directional', 'Multi-tiered local approach'),
('359', 'attitude', 'Decentralized uniform Graphic Interface'),
('360', 'impactful', 'Upgradable global instruction set'),
('361', 'Stand-alone', 'Ameliorated client-driven functionalities'),
('362', 'fault-tolerant', 'Monitored needs-based toolset'),
('363', 'infrastructure', 'Mandatory full-range encryption'),
('364', 'directional', 'Progressive client-server encryption'),
('365', 'local area network', 'Operative uniform time-frame'),
('366', 'hybrid', 'Monitored homogeneous utilisation'),
('367', 'encompassing', 'Upgradable demand-driven toolset'),
('368', 'radical', 'Customer-focused methodical portal'),
('369', 'content-based', 'Seamless asymmetric encryption'),
('370', 'extranet', 'Realigned non-volatile neural-net'),
('371', 'intermediate', 'Organic empowering data-warehouse'),
('372', 'intranet', 'Down-sized homogeneous initiative'),
('373', 'systemic', 'Extended 24/7 database'),
('374', 'flexibility', 'Object-based zero tolerance synergy'),
('375', 'Polarised', 'Synergistic transitional superstructure'),
('376', 'Synergized', 'Face to face impactful contingency'),
('377', 'Centralized', 'Decentralized secondary product'),
('378', 'definition', 'Inverse local encryption'),
('379', 'maximized', 'Reduced 24 hour matrix'),
('380', 'Implemented', 'Fully-configurable heuristic utilisation'),
('381', 'knowledge base', 'Re-contextualized content-based groupware'),
('382', 'Ergonomic', 'Reduced multi-state synergy'),
('383', 'dynamic', 'Seamless incremental protocol'),
('384', 'Grass-roots', 'Reverse-engineered homogeneous moratorium'),
('385', 'Visionary', 'Virtual upward-trending support'),
('386', 'client-server', 'Compatible interactive challenge'),
('387', 'exuding', 'Virtual zero administration hardware'),
('388', 'motivating', 'De-engineered transitional access'),
('389', 'Digitized', 'Adaptive asynchronous toolset'),
('390', 'Monitored', 'Horizontal leading edge complexity'),
('391', 'interactive', 'Down-sized actuating utilisation'),
('392', 'Re-engineered', 'Intuitive national moderator'),
('393', 'Innovative', 'Profit-focused interactive frame'),
('394', 'Multi-layered', 'Phased dedicated structure'),
('395', 'next generation', 'Organized fault-tolerant extranet'),
('396', 'Visionary', 'Realigned executive matrices'),
('397', 'Digitized', 'Re-contextualized 3rd generation project'),
('398', 'capacity', 'Cross-group systemic framework'),
('399', 'interactive', 'Optimized multi-tasking support'),
('400', 'middleware', 'Programmable real-time monitoring'),
('401', 'Public-key', 'Centralized dynamic firmware'),
('402', 'Persevering', 'Persistent interactive installation'),
('403', 'bifurcated', 'Multi-tiered grid-enabled leverage'),
('404', 'Multi-layered', 'Enterprise-wide background support'),
('405', 'structure', 'Cross-group mission-critical orchestration'),
('406', 'algorithm', 'Diverse fresh-thinking policy'),
('407', 'Implemented', 'Configurable disintermediate encryption'),
('408', 'discrete', 'Expanded background architecture'),
('409', 'Team-oriented', 'Cloned systemic emulation'),
('410', 'system-worthy', 'Innovative full-range hardware'),
('411', 'contingency', 'Re-contextualized client-server benchmark'),
('412', 'Mandatory', 'Synergized bottom-line migration'),
('413', 'bottom-line', 'Ergonomic client-server alliance'),
('414', 'Operative', 'Grass-roots scalable groupware'),
('415', 'approach', 'Digitized needs-based model'),
('416', 'website', 'Triple-buffered responsive protocol'),
('417', 'solution-oriented', 'Cross-group tangible framework'),
('418', 'intangible', 'Compatible tangible analyzer'),
('419', 'functionalities', 'Virtual didactic projection'),
('420', 'zero defect', 'Switchable empowering software'),
('421', 'full-range', 'Triple-buffered attitude-oriented throughput'),
('422', 'Upgradable', 'Customer-focused 24 hour pricing structure'),
('423', 'grid-enabled', 'Multi-layered optimizing service-desk'),
('424', 'knowledge base', 'Reactive asynchronous concept'),
('425', 'Down-sized', 'Advanced cohesive customer loyalty'),
('426', 'bi-directional', 'Object-based composite throughput'),
('427', 'benchmark', 'Compatible explicit array'),
('428', 'local area network', 'Progressive leading edge policy'),
('429', 'De-engineered', 'Horizontal reciprocal throughput'),
('430', 'Profit-focused', 'Intuitive 4th generation moratorium'),
('431', 'process improvement', 'User-centric zero administration encoding'),
('432', 'foreground', 'Synergistic full-range application'),
('433', 'Adaptive', 'Optional solution-oriented benchmark'),
('434', 'didactic', 'Right-sized dedicated ability'),
('435', 'Up-sized', 'Function-based systematic superstructure'),
('436', 'groupware', 'Compatible local product'),
('437', 'fault-tolerant', 'Centralized coherent circuit'),
('438', 'policy', 'User-centric high-level neural-net'),
('439', 'zero defect', 'Front-line content-based firmware'),
('440', 'alliance', 'Automated uniform approach'),
('441', 'web-enabled', 'Mandatory object-oriented collaboration'),
('442', 'tertiary', 'Reduced empowering toolset'),
('443', 'Profound', 'Future-proofed logistical circuit'),
('444', 'archive', 'Self-enabling clear-thinking initiative'),
('445', '5th generation', 'Reduced client-server archive'),
('446', 'scalable', 'User-friendly content-based process improvement'),
('447', 'Re-contextualized', 'Open-architected reciprocal workforce'),
('448', 'forecast', 'Team-oriented user-facing paradigm'),
('449', 'Synergized', 'Customer-focused optimal data-warehouse'),
('450', 'utilisation', 'Reactive grid-enabled parallelism'),
('451', 'flexibility', 'Managed systematic focus group'),
('452', 'discrete', 'Versatile modular groupware'),
('453', 'needs-based', 'Customer-focused asymmetric infrastructure'),
('454', 'Multi-lateral', 'Innovative logistical extranet'),
('455', 'Diverse', 'Focused discrete help-desk'),
('456', 'hybrid', 'Pre-emptive foreground application'),
('457', 'analyzer', 'Reactive radical productivity'),
('458', 'forecast', 'User-centric local instruction set'),
('459', 'protocol', 'Persevering stable synergy'),
('460', 'internet solution', 'Multi-lateral encompassing leverage'),
('461', 'global', 'Team-oriented actuating groupware'),
('462', 'User-centric', 'Face to face composite help-desk'),
('463', 'project', 'Self-enabling needs-based complexity'),
('464', 'Balanced', 'Reduced optimizing framework'),
('465', 'Intuitive', 'Profit-focused regional alliance'),
('466', 'encompassing', 'Public-key needs-based definition'),
('467', 'Realigned', 'Customer-focused responsive architecture'),
('468', 'client-driven', 'Reverse-engineered well-modulated process improvement'),
('469', 'Front-line', 'Reverse-engineered discrete flexibility'),
('470', 'cohesive', 'Total empowering info-mediaries'),
('471', 'incremental', 'Inverse value-added benchmark'),
('472', 'Digitized', 'User-friendly homogeneous framework'),
('473', 'moderator', 'User-centric even-keeled forecast'),
('474', 'Focused', 'Networked bifurcated initiative'),
('475', 'data-warehouse', 'Upgradable optimizing orchestration'),
('476', 'Front-line', 'Reactive holistic task-force'),
('477', 'Exclusive', 'Cloned fresh-thinking support'),
('478', 'interactive', 'Programmable holistic standardization'),
('479', 'global', 'Advanced scalable emulation'),
('480', 'Upgradable', 'Cross-platform human-resource workforce'),
('481', 'interface', 'Phased non-volatile definition'),
('482', 'portal', 'Adaptive bandwidth-monitored standardization'),
('483', 'Graphic Interface', 'Re-engineered executive emulation'),
('484', 'workforce', 'Balanced discrete analyzer'),
('485', 'Optimized', 'Robust global flexibility'),
('486', 'user-facing', 'Programmable modular methodology'),
('487', 'zero tolerance', 'Decentralized executive task-force'),
('488', 'asymmetric', 'Realigned asymmetric definition'),
('489', 'pricing structure', 'Exclusive 6th generation architecture'),
('490', 'benchmark', 'Customer-focused radical architecture'),
('491', 'Mandatory', 'Fully-configurable content-based encoding'),
('492', 'task-force', 'Pre-emptive homogeneous moderator'),
('493', '3rd generation', 'Secured human-resource intranet'),
('494', 'infrastructure', 'User-friendly 6th generation capability'),
('495', 'instruction set', 'Streamlined regional standardization'),
('496', 'Front-line', 'Optimized value-added groupware'),
('497', 'Profit-focused', 'Multi-layered mobile conglomeration'),
('498', 'system engine', 'Expanded 5th generation architecture'),
('499', 'Persistent', 'Business-focused zero tolerance data-warehouse'),
('500', 'moratorium', 'Reactive modular analyzer'),
('501', 'stable', 'Open-architected non-volatile benchmark'),
('502', 'Re-engineered', 'De-engineered multi-state moderator'),
('503', 'systemic', 'Distributed logistical neural-net'),
('504', 'focus group', 'Multi-layered national orchestration'),
('505', 'encoding', 'User-friendly dynamic process improvement'),
('506', 'Optional', 'Profound uniform definition'),
('507', 'Re-contextualized', 'Synergized leading edge architecture'),
('508', 'Reactive', 'Total motivating hub'),
('509', 'scalable', 'Distributed interactive alliance'),
('510', 'application', 'Vision-oriented fresh-thinking array'),
('511', 'dynamic', 'Managed multi-state migration'),
('512', 'encompassing', 'Focused holistic policy'),
('513', 'workforce', 'Quality-focused optimizing neural-net'),
('514', 'encryption', 'Centralized bifurcated challenge'),
('515', 'mission-critical', 'User-centric attitude-oriented project'),
('516', 'stable', 'Re-engineered exuding capability'),
('517', 'help-desk', 'Reverse-engineered fresh-thinking pricing structure'),
('518', 'value-added', 'Reverse-engineered human-resource adapter'),
('519', 'productivity', 'Proactive well-modulated methodology'),
('520', 'firmware', 'Automated bottom-line pricing structure'),
('521', 'De-engineered', 'Mandatory next generation definition'),
('522', 'hierarchy', 'Automated analyzing challenge'),
('523', '5th generation', 'Reduced object-oriented archive'),
('524', 'focus group', 'Exclusive demand-driven pricing structure'),
('525', 'optimizing', 'Open-architected motivating array'),
('526', 'Customizable', 'Fundamental neutral frame'),
('527', 'middleware', 'Synergistic real-time monitoring'),
('528', 'bandwidth-monitored', 'Public-key bandwidth-monitored function'),
('529', 'superstructure', 'Seamless responsive toolset'),
('530', 'Seamless', 'Implemented radical policy'),
('531', 'application', 'Reactive human-resource budgetary management'),
('532', 'Automated', 'Assimilated human-resource installation'),
('533', 'Decentralized', 'Devolved system-worthy flexibility'),
('534', 'bandwidth-monitored', 'Cross-group dynamic standardization'),
('535', 'internet solution', 'Diverse background moratorium'),
('536', '4th generation', 'Front-line tertiary neural-net'),
('537', 'circuit', 'Sharable methodical frame'),
('538', 'actuating', 'Stand-alone foreground database'),
('539', 'archive', 'Profound zero administration workforce'),
('540', 'encryption', 'Programmable actuating encoding'),
('541', 'hub', 'Sharable actuating toolset'),
('542', 'zero defect', 'Expanded web-enabled policy'),
('543', '24/7', 'Total optimal implementation'),
('544', 'grid-enabled', 'Balanced human-resource emulation'),
('545', 'reciprocal', 'Organized context-sensitive support'),
('546', 'hierarchy', 'Exclusive encompassing utilisation'),
('547', 'logistical', 'Sharable executive utilisation'),
('548', 'executive', 'Sharable mission-critical firmware'),
('549', 'Intuitive', 'Automated tertiary firmware'),
('550', 'bi-directional', 'De-engineered bottom-line capability'),
('551', 'clear-thinking', 'Integrated static moratorium'),
('552', 'high-level', 'Implemented neutral initiative'),
('553', 'challenge', 'Triple-buffered static open architecture'),
('554', 'Reverse-engineered', 'Devolved directional attitude'),
('555', 'Operative', 'Phased 3rd generation adapter'),
('556', 'empowering', 'Upgradable motivating pricing structure'),
('557', 'demand-driven', 'Persevering optimal protocol'),
('558', 'directional', 'Pre-emptive logistical contingency'),
('559', 'impactful', 'Multi-channelled scalable matrices'),
('560', 'open architecture', 'Multi-layered methodical ability'),
('561', 'disintermediate', 'Customizable bandwidth-monitored database'),
('562', 'Phased', 'Phased regional forecast'),
('563', 'Re-engineered', 'Persistent asynchronous focus group'),
('564', 'needs-based', 'Organized multimedia projection'),
('565', 'explicit', 'Managed explicit solution'),
('566', 'moratorium', 'Centralized real-time infrastructure'),
('567', 'implementation', 'Implemented dedicated archive'),
('568', 'array', 'Operative bandwidth-monitored pricing structure'),
('569', 'Graphical User Interface', 'Pre-emptive fault-tolerant installation'),
('570', 'Object-based', 'Cross-platform optimizing approach'),
('571', 'human-resource', 'Implemented bandwidth-monitored solution'),
('572', 'matrices', 'Sharable bifurcated core'),
('573', 'Upgradable', 'Focused secondary function'),
('574', 'object-oriented', 'Enterprise-wide reciprocal parallelism'),
('575', 'model', 'Streamlined local approach'),
('576', 'parallelism', 'Object-based zero administration attitude'),
('577', 'Ameliorated', 'Optional leading edge capability'),
('578', 'focus group', 'Front-line asymmetric orchestration'),
('579', 'matrix', 'Organized contextually-based pricing structure'),
('580', 'zero administration', 'Fundamental asynchronous monitoring'),
('581', 'bifurcated', 'Adaptive motivating concept'),
('582', 'Virtual', 'Fully-configurable 24/7 system engine'),
('583', 'national', 'Streamlined zero tolerance encryption'),
('584', 'Open-source', 'Digitized bifurcated structure'),
('585', 'data-warehouse', 'Balanced foreground intranet'),
('586', 'leverage', 'Ameliorated web-enabled data-warehouse'),
('587', 'solution-oriented', 'Intuitive value-added initiative'),
('588', 'Cross-platform', 'Reduced object-oriented architecture'),
('589', 'web-enabled', 'Seamless maximized task-force'),
('590', 'Robust', 'Distributed regional initiative'),
('591', 'Extended', 'Multi-tiered non-volatile migration'),
('592', 'Digitized', 'Right-sized transitional complexity'),
('593', 'pricing structure', 'Upgradable attitude-oriented algorithm'),
('594', 'parallelism', 'Proactive methodical access'),
('595', 'Fundamental', 'Seamless dynamic parallelism'),
('596', 'modular', 'Enterprise-wide explicit firmware'),
('597', 'Down-sized', 'Organic bi-directional analyzer'),
('598', 'framework', 'Fundamental clear-thinking complexity'),
('599', 'cohesive', 'Fully-configurable bifurcated pricing structure'),
('600', 'attitude-oriented', 'Persistent analyzing methodology'),
('601', 'complexity', 'Advanced foreground middleware'),
('602', 'complexity', 'Diverse client-driven support'),
('603', 'Cloned', 'Cross-platform tertiary neural-net'),
('604', 'projection', 'Right-sized stable throughput'),
('605', '4th generation', 'Quality-focused mobile system engine'),
('606', 'portal', 'Quality-focused radical encryption'),
('607', 'User-centric', 'Secured next generation array'),
('608', '4th generation', 'Synchronised coherent instruction set'),
('609', 'synergy', 'Mandatory asymmetric Graphical User Interface'),
('610', 'solution', 'Automated explicit time-frame'),
('611', 'Universal', 'Horizontal holistic contingency'),
('612', 'Upgradable', 'Multi-channelled full-range parallelism'),
('613', 'grid-enabled', 'Programmable zero tolerance software'),
('614', 'Quality-focused', 'Virtual transitional groupware'),
('615', 'dedicated', 'Exclusive uniform moratorium'),
('616', 'implementation', 'Enhanced object-oriented matrices'),
('617', 'reciprocal', 'Enterprise-wide actuating artificial intelligence'),
('618', 'fresh-thinking', 'Streamlined didactic firmware'),
('619', 'definition', 'Reduced asynchronous help-desk'),
('620', 'Ameliorated', 'Streamlined national array'),
('621', 'exuding', 'Assimilated transitional contingency'),
('622', 'needs-based', 'Reverse-engineered 24/7 budgetary management'),
('623', 'customer loyalty', 'Stand-alone mission-critical adapter'),
('624', 'help-desk', 'Universal dynamic concept'),
('625', 'disintermediate', 'Organic background focus group'),
('626', 'capacity', 'Self-enabling coherent emulation'),
('627', 'initiative', 'Devolved asynchronous conglomeration'),
('628', 'full-range', 'Configurable 3rd generation knowledge base'),
('629', 'emulation', 'Diverse eco-centric matrix'),
('630', 'Upgradable', 'Multi-channelled secondary capacity'),
('631', 'firmware', 'Business-focused impactful orchestration'),
('632', 'Enhanced', 'Public-key zero defect instruction set'),
('633', 'Adaptive', 'Reactive responsive monitoring'),
('634', 'Digitized', 'Reduced user-facing interface'),
('635', 'Fundamental', 'Face to face asymmetric neural-net'),
('636', 'discrete', 'Phased systematic orchestration'),
('637', 'Devolved', 'Public-key mobile initiative'),
('638', 'optimizing', 'Face to face asynchronous complexity'),
('639', 'Graphical User Interface', 'Diverse 24 hour framework'),
('640', 'Front-line', 'Advanced dedicated secured line'),
('641', 'system-worthy', 'Cross-platform object-oriented open system'),
('642', 'ability', 'Persistent web-enabled help-desk'),
('643', 'Phased', 'Robust 24 hour algorithm'),
('644', 'cohesive', 'Decentralized methodical migration'),
('645', 'zero defect', 'Visionary upward-trending implementation'),
('646', 'Advanced', 'Persistent multimedia structure'),
('647', 'user-facing', 'Persistent human-resource task-force'),
('648', 'Robust', 'Streamlined interactive circuit'),
('649', 'Reverse-engineered', 'Optional responsive monitoring'),
('650', 'migration', 'Focused contextually-based concept'),
('651', 'Re-engineered', 'De-engineered systematic productivity'),
('652', 'Multi-lateral', 'Phased tangible encryption'),
('653', 'Expanded', 'Enhanced disintermediate open system'),
('654', 'value-added', 'Progressive value-added installation'),
('655', 'Sharable', 'Ameliorated demand-driven moratorium'),
('656', 'Reduced', 'Automated bifurcated website'),
('657', 'national', 'Function-based 24/7 attitude');

-- --------------------------------------------------------

--
-- Table structure for table `tag_list`
--

CREATE TABLE `tag_list` (
  `tagID` decimal(10,0) NOT NULL DEFAULT '0',
  `listID` decimal(10,0) NOT NULL DEFAULT '0'
) ENGINE=InnoDB DEFAULT CHARSET=latin1;

--
-- Dumping data for table `tag_list`
--

INSERT INTO `tag_list` (`tagID`, `listID`) VALUES
('1', '211'),
('1', '242'),
('2', '401'),
('3', '253'),
('3', '342'),
('3', '395'),
('4', '72'),
('4', '220'),
('5', '105'),
('5', '124'),
('5', '307'),
('5', '388'),
('6', '55'),
('7', '140'),
('10', '196'),
('10', '357'),
('11', '124'),
('11', '181'),
('11', '208'),
('12', '1'),
('12', '45'),
('12', '136'),
('12', '147'),
('12', '433'),
('13', '251'),
('14', '163'),
('14', '192'),
('14', '204'),
('14', '270'),
('14', '336'),
('14', '349'),
('15', '42'),
('15', '118'),
('15', '261'),
('16', '219'),
('16', '266'),
('17', '83'),
('17', '146'),
('17', '406'),
('18', '15'),
('18', '96'),
('18', '168'),
('18', '282'),
('19', '2'),
('19', '15'),
('19', '59'),
('21', '189'),
('21', '204'),
('21', '206'),
('21', '209'),
('22', '150'),
('23', '5'),
('24', '239'),
('25', '134'),
('26', '396'),
('27', '24'),
('27', '38'),
('27', '61'),
('27', '125'),
('27', '203'),
('28', '109'),
('28', '172'),
('28', '270'),
('29', '98'),
('29', '283'),
('29', '364'),
('31', '126'),
('32', '63'),
('33', '40'),
('33', '95'),
('33', '155'),
('33', '188'),
('33', '227'),
('33', '277'),
('33', '325'),
('33', '375'),
('34', '183'),
('36', '305'),
('36', '309'),
('38', '41'),
('38', '87'),
('39', '176'),
('40', '44'),
('40', '84'),
('40', '131'),
('40', '271'),
('41', '151'),
('41', '223'),
('43', '133'),
('43', '282'),
('43', '382'),
('45', '244'),
('45', '275'),
('45', '392'),
('46', '156'),
('46', '273'),
('47', '151'),
('47', '232'),
('47', '349'),
('48', '64'),
('48', '169'),
('48', '177'),
('48', '186'),
('48', '316'),
('49', '246'),
('49', '371'),
('50', '36'),
('50', '285'),
('51', '101'),
('51', '143'),
('51', '154'),
('51', '157'),
('51', '211'),
('52', '118'),
('52', '146'),
('52', '158'),
('53', '273'),
('54', '427'),
('55', '124'),
('56', '56'),
('56', '353'),
('56', '363'),
('57', '29'),
('57', '168'),
('58', '85'),
('58', '111'),
('58', '267'),
('61', '62'),
('61', '88'),
('61', '327'),
('62', '182'),
('62', '292'),
('62', '311'),
('63', '6'),
('63', '150'),
('63', '292'),
('64', '33'),
('64', '230'),
('64', '304'),
('65', '7'),
('65', '225'),
('67', '41'),
('68', '369'),
('69', '43'),
('69', '119'),
('69', '277'),
('69', '320'),
('69', '406'),
('70', '5'),
('70', '28'),
('70', '193'),
('70', '434'),
('71', '78'),
('71', '237'),
('72', '427'),
('74', '310'),
('75', '157'),
('75', '228'),
('75', '381'),
('76', '156'),
('76', '335'),
('77', '137'),
('77', '184'),
('77', '208'),
('77', '407'),
('78', '26'),
('78', '264'),
('79', '218'),
('80', '76'),
('80', '217'),
('80', '281'),
('80', '408'),
('81', '194'),
('83', '3'),
('83', '129'),
('84', '213'),
('84', '418'),
('85', '146'),
('85', '166'),
('85', '194'),
('85', '378'),
('86', '249'),
('86', '303'),
('87', '107'),
('87', '194'),
('87', '436'),
('88', '117'),
('89', '243'),
('89', '346'),
('92', '176'),
('94', '143'),
('95', '371'),
('96', '51'),
('98', '266'),
('99', '333'),
('100', '221'),
('102', '256'),
('102', '365'),
('103', '51'),
('103', '239'),
('105', '202'),
('106', '53'),
('107', '317'),
('108', '202'),
('108', '256'),
('108', '316'),
('109', '179'),
('110', '39'),
('110', '172'),
('112', '93'),
('112', '385'),
('113', '90'),
('113', '192'),
('114', '21'),
('114', '31'),
('114', '225'),
('114', '302'),
('115', '24'),
('116', '271'),
('116', '306'),
('117', '168'),
('118', '71'),
('118', '215'),
('119', '127'),
('119', '293'),
('119', '399'),
('120', '21'),
('120', '55'),
('120', '227'),
('121', '71'),
('121', '141'),
('121', '148'),
('121', '357'),
('122', '306'),
('123', '156'),
('123', '238'),
('124', '209'),
('124', '211'),
('125', '182'),
('126', '189'),
('126', '225'),
('127', '13'),
('128', '383'),
('129', '55'),
('130', '117'),
('130', '358'),
('130', '371'),
('130', '419'),
('131', '159'),
('131', '361'),
('131', '433'),
('132', '246'),
('132', '284'),
('132', '348'),
('132', '352'),
('133', '197'),
('134', '42'),
('134', '47'),
('134', '422'),
('135', '66'),
('135', '278'),
('135', '292'),
('136', '34'),
('136', '75'),
('137', '59'),
('137', '88'),
('137', '157'),
('138', '202'),
('139', '18'),
('140', '83'),
('140', '90'),
('140', '98'),
('140', '119'),
('142', '242'),
('143', '20'),
('143', '29'),
('144', '176'),
('144', '182'),
('144', '363'),
('145', '78'),
('146', '91'),
('146', '176'),
('146', '299'),
('148', '186'),
('149', '191'),
('150', '136'),
('150', '428'),
('150', '431'),
('151', '10'),
('151', '42'),
('151', '108'),
('151', '154'),
('151', '284'),
('151', '434'),
('152', '70'),
('152', '225'),
('152', '309'),
('153', '73'),
('153', '149'),
('153', '237'),
('154', '190'),
('154', '327'),
('154', '335'),
('155', '338'),
('156', '94'),
('156', '206'),
('156', '294'),
('156', '401'),
('157', '106'),
('157', '234'),
('157', '349'),
('158', '49'),
('158', '412'),
('159', '186'),
('159', '354'),
('160', '365'),
('160', '394'),
('161', '252'),
('162', '5'),
('162', '342'),
('164', '281'),
('165', '150'),
('166', '301'),
('167', '215'),
('167', '406'),
('168', '11'),
('168', '262'),
('168', '393'),
('169', '419'),
('171', '249'),
('172', '140'),
('172', '157'),
('172', '209'),
('172', '378'),
('172', '426'),
('173', '342'),
('174', '123'),
('175', '101'),
('176', '20'),
('176', '230'),
('177', '110'),
('177', '136'),
('178', '14'),
('178', '195'),
('179', '83'),
('179', '262'),
('179', '362'),
('179', '402'),
('180', '152'),
('180', '229'),
('180', '328'),
('180', '372'),
('181', '431'),
('182', '13'),
('182', '321'),
('183', '126'),
('183', '319'),
('185', '57'),
('185', '178'),
('187', '180'),
('187', '323'),
('188', '26'),
('190', '191'),
('190', '206'),
('190', '256'),
('191', '245'),
('192', '111'),
('193', '50'),
('193', '90'),
('193', '136'),
('195', '139'),
('195', '344'),
('197', '68'),
('197', '101'),
('197', '308'),
('199', '132'),
('199', '255'),
('199', '395'),
('200', '247'),
('200', '352'),
('200', '406'),
('200', '417'),
('202', '326'),
('203', '261'),
('203', '379'),
('204', '13'),
('204', '268'),
('205', '438'),
('206', '94'),
('206', '233'),
('206', '250'),
('207', '31'),
('207', '217'),
('208', '8'),
('208', '332'),
('208', '382'),
('209', '132'),
('209', '398'),
('210', '23'),
('210', '228'),
('210', '299'),
('211', '55'),
('211', '143'),
('211', '324'),
('211', '432'),
('212', '219'),
('213', '14'),
('213', '292'),
('213', '320'),
('213', '394'),
('214', '192'),
('215', '124'),
('215', '246'),
('215', '271'),
('215', '349'),
('215', '420'),
('216', '200'),
('216', '375'),
('216', '402'),
('218', '251'),
('218', '262'),
('219', '198'),
('220', '168'),
('221', '195'),
('221', '274'),
('222', '361'),
('223', '156'),
('224', '27'),
('224', '421'),
('226', '183'),
('228', '299'),
('228', '432'),
('229', '57'),
('229', '70'),
('229', '172'),
('230', '258'),
('231', '120'),
('231', '345'),
('232', '31'),
('232', '213'),
('233', '118'),
('233', '131'),
('233', '403'),
('234', '16'),
('234', '269'),
('235', '123'),
('235', '242'),
('235', '316'),
('236', '417'),
('237', '165'),
('237', '252'),
('238', '293'),
('238', '355'),
('238', '407'),
('238', '416'),
('239', '330'),
('240', '228'),
('241', '142'),
('241', '174'),
('241', '196'),
('241', '375'),
('241', '408'),
('242', '287'),
('243', '14'),
('244', '253'),
('245', '301'),
('245', '431'),
('247', '115'),
('247', '172'),
('247', '348'),
('247', '351'),
('248', '70'),
('248', '142'),
('248', '160'),
('248', '297'),
('249', '193'),
('249', '391'),
('250', '86'),
('250', '229'),
('250', '326'),
('250', '371'),
('251', '438'),
('252', '141'),
('252', '280'),
('253', '15'),
('254', '391'),
('255', '102'),
('255', '241'),
('255', '287'),
('255', '344'),
('256', '412'),
('258', '226'),
('259', '142'),
('259', '191'),
('259', '418'),
('259', '425'),
('261', '300'),
('261', '313'),
('262', '416'),
('263', '77'),
('263', '250'),
('264', '215'),
('264', '222'),
('266', '107'),
('266', '128'),
('266', '214'),
('267', '277'),
('268', '349'),
('268', '376'),
('269', '5'),
('270', '96'),
('270', '106'),
('271', '44'),
('271', '348'),
('272', '143'),
('272', '181'),
('272', '205'),
('273', '151'),
('273', '409'),
('274', '39'),
('274', '62'),
('274', '126'),
('274', '233'),
('275', '12'),
('276', '31'),
('276', '111'),
('276', '186'),
('277', '216'),
('277', '313'),
('278', '117'),
('281', '91'),
('282', '17'),
('282', '49'),
('283', '63'),
('284', '318'),
('284', '363'),
('285', '5'),
('285', '371'),
('286', '84'),
('286', '251'),
('286', '401'),
('286', '423'),
('287', '131'),
('288', '17'),
('288', '265'),
('289', '120'),
('289', '286'),
('290', '66'),
('290', '171'),
('290', '199'),
('291', '104'),
('291', '149'),
('291', '427'),
('292', '251'),
('292', '322'),
('293', '253'),
('294', '61'),
('296', '94'),
('297', '344'),
('298', '14'),
('298', '305'),
('300', '57'),
('300', '424'),
('302', '41'),
('303', '27'),
('303', '47'),
('304', '374'),
('305', '197'),
('306', '416'),
('308', '38'),
('308', '437'),
('309', '420'),
('310', '12'),
('310', '76'),
('311', '57'),
('311', '241'),
('312', '174'),
('312', '405'),
('313', '112'),
('313', '427'),
('314', '151'),
('315', '143'),
('315', '385'),
('316', '294'),
('316', '305'),
('317', '245'),
('317', '409'),
('317', '435'),
('318', '59'),
('318', '189'),
('318', '239'),
('318', '390'),
('319', '163'),
('319', '397'),
('322', '122'),
('322', '254'),
('322', '270'),
('322', '332'),
('323', '258'),
('323', '303'),
('323', '308'),
('323', '309'),
('323', '373'),
('324', '306'),
('325', '321'),
('327', '116'),
('327', '149'),
('328', '228'),
('329', '325'),
('330', '141'),
('331', '123'),
('331', '399'),
('332', '353'),
('332', '385'),
('332', '407'),
('332', '436'),
('334', '157'),
('334', '204'),
('337', '89'),
('337', '198'),
('338', '218'),
('339', '203'),
('340', '213'),
('341', '13'),
('341', '124'),
('341', '141'),
('341', '281'),
('341', '314'),
('341', '367'),
('342', '199'),
('342', '332'),
('343', '223'),
('343', '292'),
('344', '289'),
('345', '67'),
('345', '199'),
('346', '123'),
('347', '76'),
('347', '369'),
('348', '253'),
('348', '280'),
('348', '347'),
('348', '418'),
('349', '269'),
('350', '14'),
('350', '21'),
('350', '219'),
('350', '399'),
('353', '202'),
('353', '247'),
('353', '288'),
('353', '294'),
('354', '75'),
('354', '156'),
('355', '10'),
('355', '258'),
('355', '409'),
('358', '178'),
('358', '429'),
('359', '155'),
('359', '292'),
('360', '37'),
('360', '254'),
('361', '147'),
('361', '394'),
('363', '173'),
('364', '407'),
('365', '326'),
('366', '7'),
('367', '361'),
('369', '101'),
('369', '102'),
('370', '57'),
('370', '246'),
('370', '362'),
('372', '70'),
('372', '115'),
('372', '154'),
('373', '363'),
('373', '431'),
('374', '32'),
('374', '67'),
('374', '321'),
('375', '74'),
('377', '101'),
('377', '399'),
('378', '345'),
('379', '224'),
('382', '81'),
('382', '128'),
('382', '296'),
('383', '223'),
('383', '358'),
('383', '411'),
('383', '421'),
('383', '424'),
('384', '49'),
('384', '194'),
('384', '348'),
('385', '37'),
('385', '196'),
('385', '273'),
('387', '179'),
('388', '213'),
('389', '85'),
('389', '234'),
('390', '16'),
('390', '109'),
('390', '278'),
('391', '72'),
('391', '194'),
('391', '230'),
('392', '259'),
('393', '61'),
('393', '127'),
('393', '172'),
('393', '320'),
('396', '121'),
('396', '390'),
('399', '136'),
('400', '142'),
('400', '329'),
('401', '85'),
('401', '135'),
('401', '193'),
('402', '193'),
('402', '415'),
('403', '85'),
('403', '436'),
('404', '237'),
('404', '285'),
('404', '287'),
('404', '399'),
('405', '104'),
('405', '163'),
('405', '280'),
('407', '10'),
('407', '278'),
('407', '295'),
('408', '94'),
('408', '228'),
('408', '361'),
('409', '104'),
('409', '241'),
('410', '117'),
('410', '122'),
('411', '14'),
('411', '36'),
('413', '244'),
('415', '113'),
('416', '112'),
('416', '419'),
('417', '9'),
('417', '212'),
('417', '407'),
('418', '378'),
('418', '408'),
('418', '414'),
('419', '179'),
('419', '187'),
('419', '249'),
('419', '379'),
('420', '17'),
('420', '403'),
('421', '194'),
('421', '207'),
('421', '316'),
('421', '329'),
('422', '179'),
('422', '397'),
('423', '40'),
('423', '131'),
('423', '393'),
('424', '22'),
('424', '281'),
('424', '324'),
('425', '341'),
('426', '271'),
('427', '45'),
('427', '192'),
('427', '338'),
('428', '58'),
('428', '81'),
('428', '160'),
('429', '161'),
('429', '256'),
('430', '295'),
('430', '343'),
('431', '168'),
('431', '400'),
('431', '420'),
('433', '54'),
('433', '264'),
('434', '171'),
('434', '262'),
('434', '270'),
('436', '408'),
('437', '27'),
('437', '57'),
('437', '127'),
('437', '154'),
('438', '157'),
('438', '234'),
('438', '423'),
('439', '107'),
('439', '347'),
('441', '19'),
('441', '424'),
('443', '81'),
('443', '366'),
('444', '7'),
('446', '17'),
('446', '253'),
('447', '156'),
('447', '312'),
('447', '378'),
('448', '49'),
('448', '364'),
('450', '18'),
('451', '171'),
('451', '241'),
('451', '271'),
('452', '46'),
('452', '72'),
('452', '230'),
('452', '284'),
('453', '256'),
('454', '220'),
('455', '324'),
('456', '128'),
('457', '69'),
('457', '225'),
('458', '406'),
('459', '236'),
('459', '376'),
('459', '406'),
('460', '285'),
('461', '221'),
('461', '280'),
('461', '369'),
('462', '177'),
('462', '266'),
('464', '48'),
('464', '87'),
('464', '216'),
('464', '358'),
('465', '109'),
('465', '232'),
('466', '340'),
('468', '96'),
('468', '97'),
('468', '128'),
('468', '155'),
('468', '315'),
('469', '77'),
('470', '145'),
('470', '259'),
('470', '364'),
('471', '60'),
('472', '172'),
('472', '391'),
('473', '311'),
('473', '431'),
('474', '185'),
('476', '75'),
('476', '154'),
('476', '236'),
('476', '417'),
('477', '77'),
('477', '365'),
('478', '133'),
('479', '44'),
('479', '91'),
('479', '92'),
('479', '177'),
('479', '200'),
('480', '116'),
('480', '218'),
('480', '327'),
('480', '346'),
('481', '266'),
('481', '420'),
('482', '76'),
('482', '292'),
('486', '80'),
('486', '93'),
('486', '263'),
('486', '304'),
('486', '406'),
('487', '242'),
('488', '91'),
('490', '234'),
('492', '159'),
('492', '245'),
('492', '296'),
('495', '107'),
('495', '267'),
('496', '158'),
('496', '239'),
('496', '240'),
('496', '324'),
('496', '386'),
('496', '410'),
('496', '431'),
('497', '200'),
('497', '376'),
('498', '370'),
('498', '419'),
('499', '87'),
('499', '312'),
('500', '12'),
('501', '93'),
('501', '218'),
('501', '251'),
('502', '14'),
('503', '126'),
('504', '227'),
('504', '287'),
('505', '421'),
('507', '246'),
('510', '135'),
('510', '177'),
('510', '235'),
('510', '372'),
('510', '403'),
('510', '426'),
('511', '205'),
('511', '297'),
('512', '119'),
('513', '201'),
('513', '207'),
('513', '256'),
('514', '204'),
('514', '361'),
('515', '306'),
('516', '13'),
('517', '391'),
('519', '81'),
('519', '379'),
('520', '385'),
('521', '169'),
('522', '142'),
('522', '335'),
('523', '114'),
('523', '210'),
('524', '25'),
('524', '182'),
('524', '264'),
('525', '77'),
('525', '376'),
('525', '379'),
('525', '416'),
('526', '22'),
('526', '152'),
('529', '171'),
('530', '282'),
('530', '354'),
('530', '410'),
('530', '424'),
('535', '207'),
('535', '327'),
('535', '397'),
('536', '29'),
('537', '259'),
('538', '73'),
('538', '105'),
('539', '33'),
('539', '161'),
('540', '322'),
('542', '202'),
('543', '391'),
('543', '393'),
('543', '399'),
('543', '433'),
('545', '231'),
('545', '335'),
('545', '349'),
('545', '366'),
('546', '19'),
('546', '98'),
('546', '362'),
('547', '318'),
('548', '253'),
('548', '255'),
('548', '382'),
('548', '399'),
('549', '172'),
('549', '407'),
('549', '408'),
('551', '100'),
('551', '210'),
('552', '92'),
('552', '225'),
('552', '254'),
('552', '272'),
('552', '312'),
('554', '179'),
('555', '138'),
('555', '246'),
('556', '162'),
('557', '250'),
('558', '98'),
('558', '126'),
('558', '184'),
('558', '309'),
('558', '355'),
('558', '399'),
('560', '399'),
('561', '307'),
('563', '318'),
('564', '51'),
('564', '354'),
('565', '132'),
('565', '241'),
('565', '253'),
('565', '383'),
('566', '227'),
('567', '29'),
('568', '119'),
('568', '129'),
('568', '260'),
('569', '420'),
('570', '75'),
('570', '281'),
('570', '416'),
('571', '241'),
('572', '38'),
('572', '265'),
('572', '293'),
('573', '207'),
('574', '345'),
('574', '372'),
('575', '397'),
('576', '274'),
('576', '376'),
('577', '210'),
('577', '233'),
('578', '18'),
('578', '49'),
('579', '193'),
('579', '332'),
('579', '379'),
('579', '433'),
('580', '350'),
('582', '23'),
('583', '101'),
('583', '294'),
('585', '12'),
('585', '299'),
('586', '36'),
('586', '427'),
('588', '408'),
('588', '424'),
('589', '383'),
('590', '30'),
('591', '94'),
('591', '181'),
('592', '392'),
('593', '149'),
('593', '223'),
('593', '436'),
('594', '233'),
('594', '263'),
('594', '307'),
('597', '35'),
('597', '36'),
('597', '43'),
('597', '431'),
('598', '255'),
('598', '426'),
('599', '232'),
('599', '413'),
('600', '108'),
('600', '189'),
('602', '323'),
('603', '162'),
('604', '172'),
('605', '300'),
('606', '149'),
('606', '279'),
('607', '187'),
('607', '386'),
('608', '11'),
('608', '203'),
('609', '409'),
('610', '4'),
('611', '108'),
('611', '238'),
('612', '307'),
('612', '329'),
('614', '227'),
('614', '342'),
('614', '347'),
('615', '95'),
('615', '104'),
('615', '176'),
('615', '194'),
('616', '203'),
('616', '210'),
('616', '409'),
('617', '83'),
('617', '105'),
('617', '321'),
('618', '420'),
('619', '58'),
('620', '30'),
('621', '215'),
('623', '4'),
('623', '40'),
('623', '340'),
('624', '13'),
('624', '222'),
('624', '280'),
('625', '123'),
('625', '342'),
('625', '428'),
('626', '153'),
('626', '410'),
('627', '76'),
('627', '120'),
('628', '312'),
('629', '2'),
('629', '39'),
('630', '158'),
('630', '321'),
('630', '322'),
('631', '74'),
('631', '232'),
('631', '247'),
('631', '255'),
('632', '136'),
('633', '411'),
('633', '433'),
('635', '96'),
('636', '83'),
('636', '134'),
('636', '434'),
('637', '28'),
('637', '220'),
('637', '326'),
('638', '241'),
('638', '389'),
('639', '61'),
('639', '219'),
('640', '144'),
('641', '334'),
('641', '352'),
('642', '309'),
('644', '8'),
('646', '437'),
('647', '351'),
('647', '414'),
('648', '104'),
('648', '156'),
('648', '265'),
('648', '408'),
('649', '342'),
('651', '27'),
('651', '180'),
('651', '202'),
('651', '329'),
('651', '378'),
('653', '207'),
('653', '290'),
('653', '373'),
('656', '39'),
('656', '181'),
('656', '222'),
('656', '309'),
('656', '391'),
('657', '27'),
('658', '289'),
('659', '30'),
('659', '187'),
('659', '203'),
('660', '349'),
('661', '7'),
('661', '74'),
('661', '93'),
('662', '28'),
('662', '241'),
('663', '81'),
('663', '88'),
('664', '65'),
('664', '85'),
('664', '153'),
('664', '228'),
('664', '265'),
('664', '423'),
('665', '348'),
('667', '7'),
('667', '22'),
('667', '278'),
('667', '309'),
('667', '389'),
('667', '419'),
('668', '122'),
('669', '430'),
('671', '144'),
('671', '361'),
('672', '81'),
('673', '65'),
('673', '129'),
('673', '164'),
('673', '187'),
('673', '244'),
('674', '221'),
('674', '287'),
('675', '110'),
('675', '167'),
('676', '22'),
('676', '164'),
('676', '208'),
('676', '427'),
('677', '16'),
('677', '31'),
('677', '36'),
('677', '204'),
('677', '310'),
('677', '353'),
('678', '134'),
('678', '357'),
('679', '112'),
('679', '173'),
('679', '177'),
('681', '235'),
('682', '93'),
('685', '79'),
('685', '131'),
('686', '264'),
('686', '410'),
('690', '238'),
('691', '319'),
('691', '324'),
('692', '334'),
('693', '108'),
('694', '82'),
('694', '333'),
('694', '413'),
('695', '395'),
('698', '73'),
('698', '218'),
('699', '19'),
('699', '43'),
('699', '123'),
('699', '182'),
('699', '249'),
('699', '318'),
('700', '209'),
('701', '228'),
('702', '14'),
('702', '94'),
('702', '188'),
('703', '211'),
('703', '429'),
('704', '135'),
('704', '347'),
('704', '369'),
('704', '392'),
('707', '11'),
('707', '393'),
('708', '143'),
('708', '383'),
('709', '13'),
('709', '121'),
('711', '8'),
('711', '51'),
('712', '177'),
('712', '249'),
('712', '290'),
('712', '291'),
('713', '192'),
('715', '194'),
('715', '392'),
('716', '229'),
('716', '354'),
('716', '405'),
('717', '163'),
('717', '273'),
('718', '173'),
('718', '229'),
('719', '1'),
('719', '27'),
('719', '288'),
('719', '308'),
('720', '44'),
('720', '388'),
('720', '390'),
('721', '154'),
('721', '250'),
('722', '28'),
('722', '30'),
('724', '20'),
('724', '81'),
('724', '333'),
('724', '358'),
('724', '422'),
('725', '278'),
('725', '321'),
('726', '41'),
('726', '68'),
('726', '112'),
('726', '143'),
('726', '295'),
('726', '302'),
('728', '273'),
('729', '409'),
('731', '119'),
('732', '105'),
('733', '41'),
('733', '113'),
('734', '423'),
('735', '131'),
('735', '425');

-- --------------------------------------------------------

--
-- Table structure for table `task`
--

CREATE TABLE `task` (
  `taskID` decimal(10,0) NOT NULL DEFAULT '0',
  `task_name` varchar(255) NOT NULL,
  `date_created` date NOT NULL,
  `time_created` time NOT NULL,
  `due_date` date NOT NULL,
  `due_time` time NOT NULL,
  `description` varchar(255) DEFAULT NULL,
  `priority` decimal(1,0) NOT NULL DEFAULT '0',
  `location` varchar(255) DEFAULT NULL,
  `completed` tinyint(1) NOT NULL DEFAULT '0'
) ;

--
-- Dumping data for table `task`
--

INSERT INTO `task` (`taskID`, `task_name`, `date_created`, `time_created`, `due_date`, `due_time`, `description`, `priority`, `location`, `completed`) VALUES
('1', 'Meet Eichmann, Von and Hessel', '2019-11-20', '10:17:19', '2019-12-15', '02:56:57', '', '3', 'Serowe', 0),
('2', 'GIS systems', '2020-10-02', '02:43:18', '2020-10-17', '22:06:50', 'Triple-buffered scalable analyzer', '5', '', 1),
('3', 'JDF', '2019-12-18', '09:24:32', '2020-01-14', '00:34:47', 'Reduced bottom-line frame', '2', '', 0),
('4', 'NPI Management', '2020-06-30', '14:37:03', '2020-07-18', '12:06:32', 'Polarised tertiary encryption', '3', '', 0),
('5', 'Meeting with Monahan LLC', '2020-04-13', '10:47:39', '2020-04-20', '20:29:02', 'Enterprise-wide holistic capability', '1', '', 0),
('6', 'Meet Runolfsson-Kozey', '2020-08-27', '14:21:00', '2020-09-10', '07:59:02', 'Persistent exuding interface', '3', '', 0),
('7', 'Wide Format Printing', '2019-11-19', '05:20:40', '2019-12-07', '15:39:10', '', '3', 'Cianorte', 1),
('8', 'Oxides', '2019-12-24', '01:30:43', '2019-12-30', '10:43:13', 'Digitized well-modulated concept', '1', '', 0),
('9', 'OB/GYN', '2020-02-23', '03:12:48', '2020-03-17', '18:21:54', 'User-friendly hybrid project', '5', '', 0),
('10', 'Meeting at Willms, Greenfelder and Schamberger', '2020-03-04', '13:05:59', '2020-03-08', '06:44:03', 'Managed actuating frame', '2', '', 1),
('11', 'Meeting with Nicolas, Emmerich and Sporer', '2020-04-26', '20:45:06', '2020-05-23', '05:41:52', '', '1', '', 0),
('12', 'National Association of Realtors', '2020-09-29', '15:32:48', '2020-10-26', '12:30:03', 'Automated 6th generation interface', '0', '', 1),
('13', 'Humanitarian', '2019-12-18', '16:30:51', '2020-01-01', '15:03:05', 'Automated heuristic moratorium', '1', '', 0),
('14', 'ConsectetuerAdipiscing.mp3', '2020-05-26', '09:57:14', '2020-06-15', '04:50:51', '', '4', 'Agustin Codazzi', 0),
('15', 'PFTrack', '2020-03-28', '16:45:57', '2020-04-04', '16:36:24', 'Realigned stable project', '5', '', 1),
('16', 'Test Planning', '2020-05-20', '10:38:48', '2020-06-06', '13:13:46', 'Pre-emptive clear-thinking initiative', '1', '', 0),
('17', 'Business Objects', '2020-07-07', '04:36:24', '2020-07-25', '12:21:41', '', '1', '', 1),
('18', 'take 43799', '2019-11-30', '08:41:06', '2019-12-20', '07:43:11', 'Face to face clear-thinking forecast', '4', '', 1),
('19', 'take 43981', '2020-05-30', '15:54:55', '2020-06-23', '00:11:56', 'Assimilated regional ability', '5', '', 0),
('20', 'IVR', '2020-05-18', '17:57:35', '2020-06-10', '00:37:11', 'Decentralized web-enabled access', '1', 'Agios Vasileios', 1),
('21', 'Meeting at O\'Conner, Rosenbaum and Bahringer', '2020-02-24', '04:26:11', '2020-03-09', '08:06:18', 'Devolved mission-critical ability', '1', '', 0),
('22', 'RTLS', '2020-07-28', '22:49:07', '2020-08-20', '16:05:58', 'Intuitive analyzing toolset', '5', '', 1),
('23', 'NPDES', '2020-09-25', '23:08:21', '2020-10-24', '08:03:23', 'Cross-group zero defect intranet', '4', '', 0),
('24', 'SRM 5.0', '2020-05-04', '17:11:24', '2020-05-21', '18:23:31', 'Multi-layered needs-based software', '4', '', 1),
('25', 'LaTeX', '2019-12-07', '14:52:08', '2019-12-13', '15:52:35', 'Cross-platform cohesive contingency', '3', '', 0),
('26', 'Flight Planning', '2019-12-26', '13:29:48', '2019-12-31', '07:53:44', 'Synergized local hub', '0', 'Butubut Norte', 1),
('27', 'DFSS Green Belt', '2020-05-31', '10:54:43', '2020-06-07', '11:39:37', '', '5', 'Liangshuijing', 1),
('28', 'take 43957', '2020-05-06', '20:54:07', '2020-05-12', '02:12:09', '', '2', 'Changle', 0),
('29', 'Environmental Impact Assessment', '2020-06-26', '23:49:47', '2020-06-26', '10:26:10', 'Synergized leading edge architecture', '2', '', 1),
('30', 'Perl', '2020-08-05', '22:20:23', '2020-08-29', '16:32:11', 'Inverse intangible knowledge base', '3', '', 1),
('31', 'Customer Experience', '2020-09-16', '15:57:57', '2020-09-30', '23:53:41', 'User-centric well-modulated definition', '4', '', 1),
('32', 'CTI', '2019-12-07', '12:35:02', '2019-12-08', '06:13:15', 'Right-sized discrete conglomeration', '2', 'La Guacamaya', 1),
('33', 'GCC', '2020-08-24', '15:55:13', '2020-09-22', '19:03:03', 'Stand-alone directional system engine', '3', '', 0),
('34', 'Meeting with Dicki-Braun', '2020-04-30', '09:36:51', '2020-05-15', '17:40:44', 'Self-enabling reciprocal leverage', '0', '', 1),
('35', 'Meeting at Lindgren, Crooks and Cronin', '2020-04-29', '03:01:35', '2020-05-19', '15:27:46', 'Exclusive web-enabled complexity', '1', '', 0),
('36', 'VBA', '2019-11-21', '05:27:08', '2019-12-11', '18:38:47', 'Programmable incremental strategy', '3', '', 1),
('37', 'take 44073', '2020-08-30', '02:13:27', '2020-09-03', '09:14:26', 'Configurable multimedia artificial intelligence', '0', '', 0),
('38', 'take 43934', '2020-04-13', '19:44:17', '2020-04-21', '11:51:35', 'Cloned radical array', '0', '', 0),
('39', 'take 43970', '2020-05-19', '20:30:05', '2020-06-08', '10:04:46', 'Digitized radical budgetary management', '3', '', 1),
('40', 'Rugs', '2020-03-25', '22:18:13', '2020-04-14', '17:21:03', 'Customer-focused client-server architecture', '3', '', 1),
('41', 'take 44086', '2020-09-12', '23:29:49', '2020-09-15', '01:41:22', 'Customizable empowering function', '5', '', 1),
('42', 'LaciniaSapienQuis.ppt', '2020-10-20', '23:53:25', '2020-11-05', '23:07:21', 'Cross-platform 6th generation standardization', '1', '', 1),
('43', 'Small Boat Operations', '2020-07-06', '15:49:30', '2020-07-17', '03:10:51', 'Customizable leading edge moderator', '5', 'Finspang', 1),
('44', 'Wealth Management', '2020-02-27', '07:46:42', '2020-03-14', '13:00:57', 'Diverse dedicated adapter', '5', '', 1),
('45', 'FSCM', '2019-12-02', '12:37:56', '2019-12-05', '00:21:08', 'Implemented hybrid moderator', '4', '', 0),
('46', 'Litigation', '2020-03-19', '19:49:56', '2020-03-27', '07:19:27', '', '0', 'Lopar', 1),
('47', 'MusEtiamVel.avi', '2020-10-07', '08:20:06', '2020-10-10', '13:01:59', '', '4', 'Yefremov', 0),
('48', 'take 43788', '2019-11-19', '16:12:40', '2019-12-17', '11:45:29', 'Realigned multimedia secured line', '4', '', 1),
('49', 'Air Conditioning', '2020-09-16', '22:39:52', '2020-09-26', '05:53:24', 'Cross-platform motivating synergy', '1', '', 1),
('50', 'JCT', '2020-07-14', '08:33:16', '2020-08-04', '15:20:01', 'Public-key optimizing secured line', '0', 'Mikhaylovsk', 1),
('51', 'Typewriter', '2020-01-06', '03:44:59', '2020-02-04', '15:55:16', 'Focused reciprocal encoding', '4', '', 1),
('52', 'take 43847', '2020-01-17', '07:51:04', '2020-01-21', '18:56:59', 'Virtual logistical synergy', '4', '', 1),
('53', 'Meeting at Hartmann Group', '2020-06-07', '16:46:47', '2020-06-13', '04:17:24', 'Multi-tiered interactive open system', '3', 'Sapol', 1),
('54', 'Starling', '2020-05-09', '21:20:35', '2020-06-05', '19:48:13', 'Persistent global flexibility', '3', '', 0),
('55', 'Market Risk', '2020-10-14', '12:43:03', '2020-11-07', '22:37:20', 'Digitized 3rd generation hardware', '4', '', 0),
('56', 'PDMLink', '2020-03-13', '00:46:19', '2020-03-21', '01:59:35', 'Customer-focused composite orchestration', '2', '', 1),
('57', 'Kipling', '2020-08-22', '04:05:32', '2020-09-06', '23:07:40', 'Expanded interactive budgetary management', '3', 'Xuan Tr??ng', 0),
('58', 'RCA', '2020-09-04', '19:25:39', '2020-09-27', '13:53:10', 'Optimized intermediate initiative', '1', '', 1),
('59', 'Badeau', '2020-06-26', '03:50:40', '2020-07-04', '19:40:41', 'Upgradable heuristic groupware', '2', '', 1),
('60', 'Web Development', '2020-06-10', '04:22:07', '2020-07-06', '13:59:10', 'Robust explicit system engine', '3', '', 0),
('61', 'HPLC', '2020-03-17', '14:57:49', '2020-04-15', '05:05:49', 'Switchable methodical system engine', '4', '', 0),
('62', 'take 43809', '2019-12-10', '21:26:52', '2019-12-19', '21:09:12', 'Intuitive cohesive migration', '0', '', 0),
('63', 'take 44092', '2020-09-18', '00:03:49', '2020-10-06', '14:40:07', 'Streamlined grid-enabled ability', '2', '', 1),
('64', 'OmniPlan', '2020-10-15', '03:44:52', '2020-10-23', '21:05:10', 'Digitized responsive paradigm', '3', '', 1),
('65', 'Dapin', '2020-02-01', '07:26:16', '2020-02-11', '12:33:00', 'Optimized methodical capacity', '0', '', 1),
('66', 'Cinematography', '2020-05-04', '18:56:51', '2020-05-25', '03:37:41', 'Exclusive intermediate leverage', '4', '', 0),
('67', 'Disaster Recovery', '2020-02-15', '18:49:59', '2020-02-22', '09:56:17', '', '5', '', 1),
('68', 'Test Driven Development', '2020-06-22', '06:09:11', '2020-07-03', '18:59:29', '', '3', '', 1),
('69', 'Typewriter', '2019-12-27', '21:17:02', '2020-01-21', '10:09:47', '', '0', '', 1),
('70', 'Athletic Performance', '2020-09-14', '04:31:54', '2020-10-03', '11:15:35', '', '0', 'Muyaka', 1),
('71', 'SharePoint Server', '2019-12-14', '13:09:46', '2019-12-27', '10:46:42', 'Future-proofed context-sensitive leverage', '2', '', 1),
('72', 'Shrinkage', '2020-07-29', '10:36:17', '2020-08-08', '06:54:39', 'Visionary full-range help-desk', '5', 'S?ubice', 1),
('73', 'Delaware', '2020-01-16', '15:16:06', '2020-01-24', '20:20:43', '', '2', 'Motala', 0),
('74', 'SNP genotyping', '2020-05-09', '20:22:35', '2020-05-21', '15:18:39', 'Fully-configurable intermediate algorithm', '5', 'Masaguisi', 1),
('75', 'NVU', '2020-07-15', '14:10:36', '2020-08-13', '06:21:10', 'Persevering asymmetric synergy', '4', '', 1),
('76', 'Loan Servicing', '2020-06-16', '04:04:10', '2020-06-25', '09:03:04', 'Open-architected incremental challenge', '3', '', 0),
('77', 'Tutoring', '2020-08-11', '18:00:55', '2020-08-31', '01:53:20', '', '3', '', 0),
('78', 'Novick', '2020-03-19', '01:51:00', '2020-04-12', '05:15:54', 'Proactive motivating throughput', '0', '', 1),
('79', 'take 44086', '2020-09-12', '03:32:17', '2020-09-28', '21:19:04', 'Managed empowering product', '1', '', 1),
('80', 'Oversight', '2020-01-02', '03:35:24', '2020-01-23', '10:43:31', 'Multi-tiered client-server application', '2', '', 1),
('81', 'Medical Devices', '2020-05-22', '13:16:20', '2020-05-25', '16:18:26', 'Down-sized fault-tolerant knowledge user', '2', 'Zheshart', 0),
('82', 'Meeting at VonRueden, Runolfsson and Hahn', '2020-06-08', '12:36:23', '2020-06-25', '15:22:49', '', '2', 'Sodra Sandby', 0),
('83', 'ODC', '2020-09-28', '01:08:05', '2020-10-01', '05:04:24', 'Reverse-engineered fault-tolerant collaboration', '3', '', 0),
('84', 'PCS7', '2020-02-07', '14:51:45', '2020-02-24', '08:07:23', 'Function-based empowering contingency', '2', '', 0),
('85', 'Lukken', '2020-03-04', '17:15:53', '2020-03-15', '09:02:19', 'Seamless mission-critical infrastructure', '5', '', 1),
('86', 'Analog Circuit Design', '2020-04-13', '07:12:46', '2020-05-10', '18:35:23', 'Secured bottom-line concept', '5', '', 0),
('87', 'Klarity', '2020-03-18', '23:56:33', '2020-04-16', '22:48:52', 'Total methodical productivity', '2', 'Kavaje', 1),
('88', 'SMED', '2020-09-12', '20:20:27', '2020-10-06', '14:49:57', 'Right-sized multimedia alliance', '1', '', 0),
('89', 'Presentation Skills', '2019-11-14', '00:45:11', '2019-12-10', '12:57:09', 'Quality-focused cohesive hierarchy', '4', 'Xiangyanglu', 0),
('90', 'Reinke', '2020-05-06', '13:05:37', '2020-05-12', '20:26:42', 'Adaptive transitional intranet', '3', 'Airmata', 0),
('91', 'Meet O\'Connell-Boyle', '2020-09-23', '22:44:03', '2020-10-18', '08:35:35', '', '3', '', 1),
('92', 'Passionate about work', '2020-03-03', '17:08:27', '2020-03-04', '10:32:29', 'Streamlined solution-oriented installation', '5', 'Firenze', 0),
('93', 'LigulaPellentesque.ppt', '2020-07-15', '07:37:51', '2020-08-01', '02:52:33', '', '4', '', 1),
('94', 'Motivational Interviewing', '2020-08-18', '20:18:52', '2020-09-10', '01:00:46', 'Right-sized 6th generation hub', '2', '', 0),
('95', 'VO', '2020-10-09', '19:08:44', '2020-11-05', '12:30:01', 'Phased executive customer loyalty', '2', '', 0),
('96', 'InEst.mp3', '2020-07-24', '19:29:07', '2020-08-13', '06:41:35', 'Programmable scalable customer loyalty', '0', '', 1),
('97', 'OMNI', '2020-01-06', '00:27:47', '2020-01-12', '19:19:26', 'Inverse logistical monitoring', '1', '', 0),
('98', 'Dunning', '2020-05-16', '06:14:48', '2020-06-08', '20:49:00', 'Switchable systemic architecture', '1', 'Mobile', 1),
('99', 'HP Proliant', '2020-10-16', '12:08:35', '2020-10-24', '22:14:48', '', '1', '', 0),
('100', 'Axys', '2020-07-15', '15:58:27', '2020-07-20', '19:13:30', 'Expanded heuristic system engine', '1', '', 1),
('101', 'VSAM', '2020-10-16', '20:36:52', '2020-11-04', '16:10:47', 'Synergized attitude-oriented conglomeration', '0', '', 0),
('102', 'Convallis.gif', '2020-02-16', '05:44:45', '2020-02-27', '16:14:46', 'Front-line context-sensitive conglomeration', '5', 'Uzlovaya', 1),
('103', 'Uniform Combined State Law', '2020-09-08', '20:09:49', '2020-10-06', '11:41:35', 'Synergistic zero defect website', '1', '', 1),
('104', 'Meet Balistreri, Johnston and Rowe', '2020-03-09', '00:11:12', '2020-03-28', '21:55:01', 'Integrated real-time circuit', '1', '', 0),
('105', 'Eget.tiff', '2020-06-22', '04:04:45', '2020-07-07', '10:55:10', 'Fully-configurable encompassing solution', '1', '', 0),
('106', 'Zsh', '2020-09-17', '14:30:08', '2020-09-27', '20:41:10', '', '0', '', 1),
('107', 'OnQ', '2020-01-23', '03:01:45', '2020-02-17', '11:37:31', 'Switchable mobile alliance', '0', 'Villa Ascasubi', 1),
('108', 'Nanofabrication', '2020-09-12', '20:21:06', '2020-09-18', '14:06:21', 'Reduced national website', '4', '', 0),
('109', 'Sunfield', '2020-05-23', '22:56:03', '2020-05-25', '17:31:30', 'Face to face next generation infrastructure', '1', '', 1),
('110', 'Juniper Technologies', '2020-04-17', '16:22:46', '2020-04-18', '06:07:43', 'Enterprise-wide zero tolerance encoding', '0', '', 1),
('111', 'DG Sets', '2020-07-25', '22:16:55', '2020-08-20', '07:57:44', 'Horizontal discrete framework', '2', '', 1),
('112', 'Lacinia.xls', '2020-02-07', '07:08:27', '2020-02-24', '10:12:02', '', '4', '', 1),
('113', 'MQSI', '2020-06-17', '11:55:30', '2020-07-15', '15:08:02', 'Intuitive global instruction set', '3', 'Male?i?i', 1),
('114', 'PMO set-up', '2020-08-15', '16:52:06', '2020-09-03', '10:28:42', '', '4', '', 1),
('115', 'take 44073', '2020-08-30', '16:18:00', '2020-09-20', '07:33:21', 'Cloned secondary migration', '5', '', 0),
('116', 'IQMS', '2020-01-12', '03:21:15', '2020-02-03', '06:40:09', 'Monitored local task-force', '0', '', 0),
('117', 'Nursing Management', '2020-04-01', '10:16:37', '2020-04-01', '22:08:21', 'Pre-emptive interactive hardware', '1', '', 0),
('118', 'Surrey', '2020-07-22', '16:09:15', '2020-07-23', '08:50:56', '', '3', '', 1),
('119', 'Piano', '2020-08-30', '08:15:34', '2020-09-23', '04:04:10', 'Down-sized static moratorium', '2', '', 1),
('120', 'Education', '2019-10-29', '09:10:46', '2019-11-01', '23:38:54', '', '4', '', 1),
('121', 'Meet Runte and Sons', '2020-01-16', '04:45:23', '2020-02-01', '22:23:26', 'Devolved coherent complexity', '4', '', 1),
('122', 'Zebra', '2020-08-20', '02:24:33', '2020-09-13', '05:34:10', 'Decentralized mobile parallelism', '0', '', 0),
('123', 'Pyramix', '2020-08-21', '10:38:59', '2020-09-15', '09:01:07', 'Configurable context-sensitive contingency', '5', '', 0),
('124', 'Long-term Customer Relationships', '2019-11-28', '12:57:34', '2019-12-05', '08:49:01', 'De-engineered optimal neural-net', '0', '', 0),
('125', 'MMIS', '2020-08-01', '10:51:15', '2020-08-23', '02:51:04', 'Ameliorated analyzing matrix', '3', '', 0),
('126', 'Supply Chain', '2020-04-09', '15:38:14', '2020-04-16', '11:07:11', 'Compatible object-oriented definition', '2', '', 1),
('127', 'DMVPN', '2020-09-05', '14:33:54', '2020-09-19', '11:11:17', 'Managed explicit paradigm', '4', 'Xinhua', 1),
('128', 'take 43860', '2020-01-30', '11:10:15', '2020-02-10', '02:22:47', 'Multi-tiered attitude-oriented access', '1', '', 0),
('129', 'Meeting at Kub Group', '2020-02-12', '04:58:22', '2020-02-14', '20:24:16', 'Function-based systematic infrastructure', '2', '', 0),
('130', 'PFGE', '2019-10-31', '18:21:00', '2019-11-04', '05:24:47', '', '4', '', 1),
('131', 'Sachtjen', '2020-04-22', '00:19:51', '2020-05-10', '15:22:33', '', '4', '', 1),
('132', 'International Shipping', '2020-06-03', '15:40:39', '2020-06-21', '16:34:18', 'Decentralized 3rd generation policy', '4', '', 0),
('133', 'FaucibusOrci.gif', '2020-08-11', '15:19:43', '2020-08-19', '04:33:19', 'Virtual homogeneous synergy', '3', '', 1),
('134', 'Ignatian Spirituality', '2020-05-19', '06:31:05', '2020-05-20', '21:43:31', 'Seamless holistic matrices', '2', 'Kremidivka', 0),
('135', 'TSYS', '2020-09-15', '22:20:00', '2020-10-01', '10:41:48', '', '5', 'Taizi', 0),
('136', 'Supplier Quality', '2020-06-14', '00:08:37', '2020-07-12', '19:09:58', '', '5', '', 0),
('137', 'Meet Cummings-Mayer', '2020-04-02', '00:24:54', '2020-04-03', '14:10:16', 'Up-sized system-worthy migration', '1', 'Phong ?i?n', 1),
('138', 'Functional Verification', '2020-01-02', '18:25:37', '2020-01-13', '00:16:16', 'Enhanced background help-desk', '3', 'Druju', 0),
('139', 'Software Documentation', '2020-10-21', '14:19:52', '2020-11-06', '15:27:58', 'Monitored object-oriented toolset', '1', '', 0),
('140', 'SagittisDuiVel.mp3', '2020-02-15', '00:59:19', '2020-02-19', '21:56:29', '', '0', 'Colonia Elisa', 1),
('141', 'Meet Dibbert-Heller', '2019-11-22', '09:13:34', '2019-12-16', '09:09:14', 'Persistent zero defect complexity', '5', '', 1),
('142', 'Autodesk Inventor', '2020-03-07', '09:44:43', '2020-03-24', '14:58:31', 'Mandatory composite info-mediaries', '5', '', 1),
('143', 'Urban Geography', '2020-02-14', '11:16:06', '2020-02-15', '03:17:08', 'Decentralized interactive process improvement', '1', '', 1),
('144', 'LS9', '2020-08-06', '17:38:14', '2020-08-27', '15:07:47', '', '1', '', 0),
('145', 'EBITDA', '2020-08-01', '17:11:46', '2020-08-14', '04:35:09', '', '2', '', 0),
('146', 'Bands', '2020-09-26', '20:21:10', '2020-10-16', '22:05:49', 'Progressive mission-critical instruction set', '0', '', 0),
('147', 'BMD', '2019-12-29', '11:42:52', '2020-01-26', '16:59:32', 'Secured responsive architecture', '3', '', 1),
('148', 'MorbiNon.ppt', '2019-11-06', '04:47:07', '2019-11-19', '19:45:25', 'Re-engineered next generation matrix', '2', '', 1),
('149', 'Nobel', '2020-06-06', '17:55:43', '2020-06-08', '13:30:37', 'Digitized 6th generation approach', '5', 'Qishn', 1),
('150', 'AC Nielsen', '2020-07-27', '16:25:05', '2020-08-04', '17:41:14', '', '0', '', 0),
('151', 'Meeting with Moore LLC', '2020-08-16', '13:07:00', '2020-08-25', '16:36:34', 'Front-line solution-oriented access', '3', '', 1),
('152', 'Meet Mosciski, Bernier and Bauch', '2020-05-25', '04:35:31', '2020-05-27', '14:58:23', 'Open-source systematic service-desk', '3', 'Las Brenas', 1),
('153', 'BibendumFelisSed.mp3', '2020-06-21', '01:56:10', '2020-07-05', '23:08:19', 'Reactive web-enabled initiative', '5', '', 0),
('154', 'IBM Rational Rhapsody', '2020-05-04', '11:46:54', '2020-06-01', '05:24:42', 'Multi-channelled demand-driven emulation', '4', '', 0),
('155', 'Reindahl', '2020-02-22', '00:40:42', '2020-02-22', '09:16:01', 'Virtual mission-critical archive', '3', 'Sumberjo', 0),
('156', 'IaaS', '2020-06-15', '13:10:05', '2020-07-06', '05:12:35', 'Implemented uniform moratorium', '4', '', 0),
('157', 'take 43843', '2020-01-13', '05:29:25', '2020-01-17', '14:45:08', 'Adaptive 4th generation model', '2', '', 1),
('158', 'LCL', '2020-03-31', '10:14:39', '2020-04-22', '16:33:37', 'Reverse-engineered incremental implementation', '0', '', 0),
('159', 'JBPM', '2020-08-25', '12:12:53', '2020-09-18', '00:09:19', 'Robust bottom-line moderator', '5', '', 1),
('160', 'TDR', '2019-12-30', '21:48:40', '2020-01-16', '04:33:25', '', '2', '', 1),
('161', 'Meet Padberg-Doyle', '2020-08-17', '01:16:31', '2020-09-12', '19:37:55', 'Enterprise-wide homogeneous ability', '3', '', 1),
('162', 'Interior Design', '2019-12-17', '12:37:59', '2020-01-15', '14:06:49', 'Balanced methodical orchestration', '1', '', 0),
('163', 'take 43877', '2020-02-16', '19:39:17', '2020-03-03', '01:50:46', 'Re-engineered neutral open system', '5', '', 1),
('164', 'Meadow Vale', '2020-04-12', '21:12:26', '2020-04-17', '19:31:29', 'Fundamental discrete product', '4', 'Vishnyakovskiye Dachi', 1),
('165', 'Vulcan', '2020-03-11', '15:57:43', '2020-04-04', '16:18:05', 'Ergonomic global flexibility', '1', '', 0),
('166', 'WFC', '2020-01-03', '09:40:39', '2020-01-28', '02:40:43', 'Streamlined analyzing middleware', '5', 'Wonosari', 0),
('167', 'Petroleum Geology', '2020-09-23', '19:26:41', '2020-10-05', '02:51:32', 'Multi-layered coherent pricing structure', '3', '', 1),
('168', 'OLE', '2020-02-08', '09:19:28', '2020-02-09', '14:43:28', 'Enterprise-wide incremental benchmark', '0', '', 1),
('169', 'Meet Blick and Sons', '2020-01-06', '04:16:50', '2020-01-24', '19:05:31', '', '5', '', 0),
('170', 'DNA electrophoresis', '2020-05-23', '08:26:50', '2020-05-25', '08:14:23', 'Cloned secondary leverage', '5', '', 0),
('171', 'Painting', '2020-07-11', '01:39:57', '2020-07-18', '17:37:09', 'Distributed local capacity', '1', '', 1),
('172', 'Sit.tiff', '2019-11-26', '08:10:43', '2019-12-23', '03:55:36', '', '1', 'Pilnikov', 1),
('173', 'Everett', '2020-09-28', '07:28:05', '2020-09-28', '06:48:34', '', '4', '', 0),
('174', 'GDI', '2020-10-06', '18:32:50', '2020-10-06', '15:30:11', 'Enhanced multimedia process improvement', '1', '', 0),
('175', 'Candidate Generation', '2020-01-24', '10:01:41', '2020-02-06', '11:08:15', 'Re-contextualized zero defect knowledge user', '5', '', 0),
('176', 'take 43857', '2020-01-27', '09:55:24', '2020-02-22', '02:06:41', '', '4', '', 0),
('177', 'R&amp;TTE', '2020-02-02', '22:23:57', '2020-02-11', '17:59:08', 'Re-engineered mobile support', '5', 'Ljungby', 0),
('178', 'Functional Training', '2020-01-07', '14:25:30', '2020-01-21', '11:29:42', 'Vision-oriented incremental portal', '0', 'Arraga', 1),
('179', 'Registered Patent Attorney', '2020-04-24', '09:53:35', '2020-05-19', '04:56:39', 'Pre-emptive composite contingency', '0', '', 0),
('180', 'Meet Bailey LLC', '2020-07-10', '09:21:23', '2020-07-12', '08:44:14', 'Persevering radical concept', '5', '', 1),
('181', 'SMSTS', '2020-05-07', '07:21:37', '2020-05-23', '15:00:49', '', '1', '', 0),
('182', 'take 43996', '2020-06-14', '03:51:49', '2020-07-10', '17:33:31', '', '5', '', 1),
('183', 'Oracle RAC', '2020-10-21', '00:40:25', '2020-11-11', '19:04:39', 'Mandatory systematic methodology', '3', '', 0),
('184', 'Vtiger', '2020-10-21', '08:00:47', '2020-11-07', '01:46:12', 'Compatible uniform analyzer', '0', '', 1),
('185', 'PTH', '2020-10-14', '13:16:19', '2020-10-27', '18:21:55', '', '5', '', 0),
('186', 'Energy Efficiency', '2020-09-17', '00:18:25', '2020-09-26', '11:11:54', 'Robust discrete intranet', '0', '', 0),
('187', 'take 44105', '2020-10-01', '01:40:21', '2020-10-26', '11:59:02', '', '5', '', 1),
('188', 'Lien', '2020-05-08', '07:29:59', '2020-05-30', '10:15:53', 'Team-oriented intangible database', '2', '', 0),
('189', 'take 44070', '2020-08-27', '15:37:11', '2020-09-25', '09:40:07', 'Inverse dedicated hardware', '4', '', 1),
('190', 'Ideas NX', '2020-07-04', '06:53:03', '2020-07-07', '20:55:15', '', '5', '', 0),
('191', 'Shopko', '2020-01-05', '00:28:48', '2020-01-06', '21:47:22', '', '3', '', 0),
('192', 'Trading', '2020-03-17', '20:54:28', '2020-03-17', '05:11:08', 'Optimized intermediate system engine', '1', '', 0),
('193', 'Graduate Recruitment', '2020-06-20', '12:29:33', '2020-07-15', '23:12:25', 'Reverse-engineered actuating productivity', '4', '', 1),
('194', 'Hydrogeology', '2020-01-23', '10:37:33', '2020-02-17', '12:44:49', 'User-friendly heuristic matrices', '0', '', 1),
('195', 'Fordem', '2020-09-08', '10:56:37', '2020-09-11', '11:35:17', 'Face to face well-modulated access', '4', 'Callanca', 1),
('196', 'Nascetur.avi', '2020-08-03', '12:50:14', '2020-08-23', '21:39:15', 'Adaptive systematic structure', '4', '', 0),
('197', 'Shell Scripting', '2020-07-22', '22:14:42', '2020-08-20', '18:48:33', 'Intuitive asynchronous collaboration', '4', '', 1),
('198', 'take 43970', '2020-05-19', '14:33:34', '2020-06-04', '08:14:03', 'Realigned optimal productivity', '5', 'Zhulan', 1),
('199', 'Ultiboard', '2020-07-19', '07:03:33', '2020-07-24', '18:49:11', '', '1', '', 1),
('200', 'Physical Oceanography', '2020-05-15', '08:21:48', '2020-06-07', '13:32:17', 'Cross-group solution-oriented portal', '2', 'Lyskovo', 1),
('201', 'take 43797', '2019-11-28', '07:49:52', '2019-11-28', '17:58:25', 'User-centric next generation ability', '5', '', 0),
('202', 'SapienCursusVestibulum.avi', '2020-02-13', '12:01:13', '2020-03-09', '23:19:17', 'Synchronised explicit model', '1', '', 1),
('203', 'Budgets', '2020-09-04', '02:03:33', '2020-09-12', '00:57:58', 'Cross-group responsive budgetary management', '4', '', 0),
('204', 'Butterfield', '2020-04-15', '02:22:07', '2020-05-11', '13:33:05', 'De-engineered bandwidth-monitored hardware', '1', '', 1),
('205', 'GIS', '2020-05-04', '10:48:04', '2020-05-17', '22:14:26', 'Multi-tiered modular superstructure', '4', '', 1),
('206', 'Typesetting', '2020-06-30', '14:32:26', '2020-07-03', '13:23:41', 'Open-source 24 hour challenge', '3', '', 0),
('207', 'Branch Banking', '2020-05-23', '21:46:03', '2020-06-13', '12:21:12', 'Integrated 24/7 help-desk', '2', '', 1),
('208', 'Occupational Therapists', '2020-01-28', '08:24:46', '2020-02-14', '04:40:58', 'Optional full-range extranet', '1', 'Taoyuan', 0),
('209', 'Rx', '2020-06-23', '19:13:16', '2020-06-28', '22:39:13', 'Profound zero tolerance interface', '4', 'Temirtau', 0),
('210', 'Rockefeller', '2020-04-11', '01:57:18', '2020-05-07', '18:15:37', '', '5', '', 0),
('211', 'take 43968', '2020-05-17', '03:13:04', '2020-05-30', '14:41:14', '', '4', '', 0),
('212', 'AOI', '2020-08-09', '11:25:33', '2020-08-19', '03:11:07', 'Synergized mission-critical alliance', '0', 'Mbinga', 0),
('213', 'take 43907', '2020-03-17', '12:10:36', '2020-03-18', '20:34:52', 'Pre-emptive regional function', '1', '', 0),
('214', 'Meeting with Deckow Group', '2020-01-08', '16:14:10', '2020-01-12', '09:22:49', '', '2', '', 0),
('215', 'take 43817', '2019-12-18', '04:27:57', '2020-01-02', '14:18:40', 'Mandatory tertiary synergy', '0', '', 1),
('216', 'Financial Risk Management', '2020-05-29', '12:09:46', '2020-06-12', '15:37:34', '', '3', '', 0),
('217', 'Piping', '2020-06-20', '13:19:03', '2020-07-16', '18:50:27', 'Multi-layered upward-trending initiative', '2', '', 1),
('218', 'RS422', '2020-09-16', '12:41:33', '2020-10-06', '08:22:33', '', '1', '', 0),
('219', 'Agency MBS', '2020-01-14', '19:17:06', '2020-01-14', '18:16:06', 'Digitized zero defect database', '3', '', 0),
('220', 'Spaight', '2019-12-30', '12:40:43', '2020-01-01', '06:41:00', 'Operative object-oriented encryption', '0', '', 1),
('221', 'PMO Design', '2020-09-08', '08:55:52', '2020-10-06', '02:26:28', 'Phased system-worthy matrices', '0', '', 1),
('222', 'Biomass', '2019-11-29', '15:41:38', '2019-12-19', '09:30:08', 'Grass-roots coherent contingency', '3', '', 1),
('223', 'German', '2020-06-20', '10:35:40', '2020-07-11', '04:40:41', 'Re-contextualized bifurcated challenge', '0', '', 1),
('224', 'take 44119', '2020-10-15', '18:07:40', '2020-11-11', '16:58:33', 'Profit-focused analyzing artificial intelligence', '1', '', 0),
('225', 'IBM HTTP Server', '2020-02-28', '00:25:59', '2020-03-16', '03:08:18', 'Secured explicit complexity', '3', '', 1),
('226', 'Zines', '2020-10-18', '02:22:28', '2020-10-29', '12:48:14', '', '2', '', 0),
('227', 'Snorkeling', '2020-06-27', '00:51:45', '2020-07-23', '15:19:59', 'Operative fresh-thinking policy', '4', '', 0),
('228', 'Logistics Management', '2019-11-02', '03:16:11', '2019-11-05', '11:17:51', 'Fully-configurable systematic challenge', '1', 'Baitu', 0),
('229', 'Xserve', '2020-01-25', '23:42:58', '2020-01-25', '18:54:59', '', '5', '', 0),
('230', 'CG Lighting', '2020-05-11', '20:36:25', '2020-05-31', '11:57:26', 'Ameliorated dedicated throughput', '4', '', 0),
('231', 'Kedzie', '2020-08-03', '08:01:42', '2020-08-12', '02:53:41', 'Synergized hybrid complexity', '5', '', 0),
('232', 'GDS systems', '2020-01-15', '11:39:09', '2020-02-01', '15:13:04', '', '1', 'Atamyrat', 0),
('233', 'Volleyball', '2020-05-30', '23:18:54', '2020-06-21', '05:47:22', 'Exclusive empowering help-desk', '5', '', 0),
('234', 'FCL', '2020-03-25', '05:02:04', '2020-04-02', '18:13:13', 'Total hybrid secured line', '3', 'Strogino', 1),
('235', 'NCAA Compliance', '2020-02-23', '11:20:04', '2020-03-13', '02:24:57', 'Up-sized reciprocal hardware', '5', '', 0),
('236', 'Vsftpd', '2020-01-08', '00:53:44', '2020-01-12', '18:33:57', 'Reverse-engineered neutral time-frame', '4', 'Shazikou', 1),
('237', 'WebSphere MQ', '2020-03-13', '06:05:14', '2020-04-09', '10:43:17', 'Quality-focused coherent circuit', '3', 'Locmine', 1),
('238', 'Office Administration', '2020-04-22', '10:28:08', '2020-04-28', '18:31:24', 'Organic attitude-oriented frame', '2', 'Vale da Serra', 1),
('239', 'FMV', '2020-08-06', '20:39:10', '2020-08-21', '16:02:04', 'Re-contextualized object-oriented architecture', '2', '', 0),
('240', 'Board Development', '2020-01-19', '12:39:44', '2020-02-17', '22:10:30', 'Visionary bifurcated collaboration', '5', '', 0),
('241', 'take 43893', '2020-03-03', '05:57:34', '2020-03-23', '20:15:12', 'Function-based contextually-based workforce', '1', '', 1),
('242', 'Yard Signs', '2020-01-13', '19:27:30', '2020-01-29', '07:50:56', '', '3', '', 1),
('243', 'take 43932', '2020-04-11', '00:13:23', '2020-05-10', '21:16:13', 'Sharable human-resource customer loyalty', '2', 'Cubara', 0),
('244', 'Estate Planning', '2019-11-03', '16:34:23', '2019-11-04', '00:30:41', '', '3', '', 0),
('245', 'HP Openview', '2019-11-07', '12:38:56', '2019-12-02', '08:25:41', 'Universal 6th generation circuit', '5', 'Vichy', 1),
('246', 'Victoria', '2019-12-15', '22:59:21', '2019-12-26', '05:19:46', 'Enhanced directional conglomeration', '3', '', 0),
('247', 'Myrtle', '2019-10-23', '19:37:47', '2019-10-26', '01:45:01', 'Assimilated upward-trending encoding', '1', '', 0),
('248', 'MSP430', '2019-11-13', '23:41:07', '2019-11-19', '18:53:27', '', '3', '', 0),
('249', 'Eleifend.tiff', '2020-03-24', '06:43:22', '2020-04-06', '11:08:48', 'Visionary local analyzer', '5', '', 1),
('250', 'NCS', '2020-08-21', '21:24:12', '2020-09-09', '20:54:06', 'Intuitive regional analyzer', '4', '', 1),
('251', 'Strategic Planning', '2020-02-04', '06:31:48', '2020-03-03', '04:09:54', 'Object-based content-based installation', '2', 'Infanta', 0),
('252', 'take 43778', '2019-11-09', '17:14:12', '2019-12-02', '16:34:57', 'Re-contextualized heuristic open system', '5', '', 1),
('253', 'Utilization Management', '2020-01-08', '14:25:26', '2020-01-29', '14:44:55', 'Front-line mission-critical matrices', '1', 'Jiangzhou', 1),
('254', 'Meeting at Connelly and Sons', '2020-07-10', '09:44:40', '2020-07-28', '01:33:11', 'Sharable multimedia orchestration', '2', '', 0),
('255', 'Failure Analysis', '2020-04-04', '08:50:26', '2020-04-29', '15:59:14', 'Grass-roots mission-critical flexibility', '5', 'Tianya', 1),
('256', 'Riverside', '2020-03-25', '22:41:37', '2020-04-18', '21:05:08', 'Business-focused local knowledge user', '5', '', 0),
('257', 'take 44000', '2020-06-18', '17:41:07', '2020-06-23', '03:09:02', 'Persistent 6th generation orchestration', '4', '', 0),
('258', 'Banquets', '2019-11-25', '03:15:14', '2019-11-25', '00:21:57', '', '3', '', 0),
('259', 'HCM Processes &amp; Forms', '2019-10-23', '23:34:16', '2019-11-15', '14:27:13', 'Cross-platform high-level array', '0', '', 1),
('260', 'Korean', '2020-10-04', '06:55:38', '2020-10-06', '05:33:47', 'Distributed holistic projection', '4', 'Amagasaki', 0),
('261', 'Process Improvement', '2020-04-16', '09:55:09', '2020-05-03', '05:00:04', 'Re-contextualized contextually-based Graphical User Interface', '5', 'Novy Bor', 0),
('262', 'Data Center', '2020-07-26', '04:10:46', '2020-08-13', '22:02:09', 'Reduced even-keeled application', '2', '', 0),
('263', 'Organizational Development', '2020-03-27', '00:41:23', '2020-03-28', '14:51:49', 'Proactive contextually-based moratorium', '4', '', 1),
('264', 'take 44001', '2020-06-19', '16:21:39', '2020-07-09', '09:26:06', '', '1', '', 1),
('265', 'MDRs', '2020-03-16', '20:16:55', '2020-04-14', '03:38:16', '', '5', '', 0),
('266', 'Immunology', '2020-05-28', '06:45:08', '2020-06-12', '21:31:42', 'Profit-focused fault-tolerant complexity', '1', '', 0),
('267', 'Cisco Nexus', '2019-10-28', '10:47:49', '2019-11-23', '09:23:20', 'Monitored dedicated initiative', '1', 'Cielmice', 0),
('268', 'Meet Ledner-Wilkinson', '2020-04-25', '05:37:15', '2020-05-05', '18:01:50', '', '4', '', 1),
('269', 'Gold', '2020-09-04', '01:25:13', '2020-09-26', '06:22:31', 'Upgradable logistical leverage', '3', '', 0),
('270', 'Meet Runolfsdottir-Denesik', '2020-02-10', '19:14:55', '2020-02-17', '06:32:37', 'Fully-configurable methodical throughput', '0', '', 1),
('271', 'Pyrometallurgy', '2019-10-29', '04:55:19', '2019-11-03', '10:10:54', 'Adaptive composite access', '5', '', 0),
('272', 'take 43863', '2020-02-02', '17:51:52', '2020-02-22', '02:16:29', 'Re-contextualized holistic implementation', '2', '', 0),
('273', 'MCDBA', '2020-05-15', '04:52:53', '2020-06-05', '04:52:40', 'Centralized incremental migration', '2', 'D?bno', 0),
('274', 'take 43964', '2020-05-13', '22:27:14', '2020-06-05', '12:14:14', 'Front-line next generation standardization', '3', '', 1),
('275', 'take 43868', '2020-02-07', '10:21:12', '2020-03-03', '03:19:56', '', '4', '', 1),
('276', 'OEM contracts', '2020-04-06', '03:27:54', '2020-04-13', '03:45:52', 'Object-based systematic help-desk', '2', '', 0),
('277', 'Watercolor Illustration', '2019-12-06', '15:48:58', '2019-12-20', '04:33:38', 'Innovative bandwidth-monitored concept', '2', '', 1),
('278', 'Meet Wisoky and Sons', '2020-09-02', '16:28:31', '2020-10-01', '23:46:04', 'Face to face solution-oriented analyzer', '1', '', 1),
('279', 'Dutch', '2019-11-27', '15:35:19', '2019-12-09', '12:39:57', 'Down-sized non-volatile project', '2', '', 1),
('280', 'MMI', '2019-11-20', '23:19:44', '2019-12-08', '21:08:38', 'Realigned coherent leverage', '5', 'Agraharam', 1),
('281', 'take 43886', '2020-02-25', '03:44:40', '2020-03-04', '14:35:03', 'Total stable intranet', '0', 'Ma\'an', 1),
('282', 'take 44041', '2020-07-29', '00:45:46', '2020-08-03', '01:14:06', 'Mandatory global policy', '5', '', 0),
('283', 'WSDL', '2020-08-25', '02:14:11', '2020-09-16', '08:01:39', 'Synchronised national hierarchy', '4', '', 1),
('284', 'take 43770', '2019-11-01', '14:17:32', '2019-11-17', '16:36:52', 'Universal homogeneous flexibility', '5', '', 0),
('285', 'National Security', '2020-02-06', '16:42:17', '2020-02-17', '21:07:46', 'Decentralized homogeneous methodology', '4', '', 1),
('286', 'DVT', '2020-07-04', '11:44:25', '2020-07-26', '17:56:45', 'Right-sized global toolset', '5', '', 1),
('287', 'Meeting with Oberbrunner LLC', '2020-03-02', '20:08:33', '2020-03-12', '16:31:22', '', '5', '', 1),
('288', 'Meeting with Jerde Inc', '2020-02-17', '22:17:47', '2020-03-08', '23:17:39', 'Phased disintermediate solution', '0', 'Banpu', 1),
('289', 'Meet Maggio-Treutel', '2020-09-11', '01:53:12', '2020-09-20', '15:14:31', 'Mandatory global data-warehouse', '3', '', 1),
('290', 'take 43918', '2020-03-28', '16:22:30', '2020-04-25', '18:14:22', 'Exclusive client-server knowledge user', '5', 'Kulunda', 0),
('291', 'Immigration Law', '2019-11-23', '15:46:23', '2019-12-22', '16:23:42', 'Compatible eco-centric instruction set', '5', 'Puzi', 0),
('292', 'take 43866', '2020-02-05', '11:05:50', '2020-02-24', '13:39:42', 'Assimilated background productivity', '5', '', 1),
('293', 'PPDS', '2020-09-28', '16:37:04', '2020-10-26', '02:01:51', 'Pre-emptive context-sensitive ability', '0', '', 0),
('294', 'MPR', '2020-01-13', '15:54:23', '2020-02-01', '18:25:10', '', '4', '', 1),
('295', 'take 43901', '2020-03-11', '12:55:25', '2020-03-18', '16:41:06', 'Reduced transitional secured line', '1', '', 1),
('296', 'CGI', '2020-04-04', '18:34:16', '2020-05-03', '04:00:31', '', '1', '', 1),
('297', 'Brickson Park', '2020-01-21', '11:13:24', '2020-01-26', '05:07:26', '', '5', '', 0),
('298', 'vCloud', '2020-09-20', '05:47:40', '2020-10-05', '12:40:02', 'Cross-platform 3rd generation installation', '4', '', 1),
('299', 'Urban Regeneration', '2019-12-19', '06:10:29', '2020-01-06', '19:31:36', 'Object-based leading edge function', '5', '', 0),
('300', 'GNU Debugger', '2019-12-14', '21:34:36', '2020-01-06', '08:02:59', 'Programmable full-range data-warehouse', '2', '', 1),
('301', 'Zinc', '2020-05-02', '00:40:13', '2020-05-05', '04:35:18', 'Digitized well-modulated framework', '1', '', 0),
('302', 'Fluorescence Microscopy', '2020-10-13', '12:04:06', '2020-11-02', '03:26:52', 'Quality-focused systemic local area network', '2', '', 0),
('303', 'RPG III', '2020-01-13', '09:40:05', '2020-02-06', '04:08:44', 'Up-sized contextually-based strategy', '5', '', 0),
('304', 'take 43970', '2020-05-19', '13:55:24', '2020-05-27', '19:23:23', 'Upgradable 4th generation data-warehouse', '3', '', 0),
('305', 'IAR', '2020-01-26', '01:12:39', '2020-02-14', '06:01:12', 'Expanded demand-driven knowledge base', '4', 'Ilaya', 0),
('306', 'PBUSE', '2020-06-01', '05:52:28', '2020-06-22', '22:39:59', 'Total 24 hour Graphic Interface', '4', '', 1),
('307', 'Meeting at Cummerata-Hermann', '2020-09-17', '10:05:26', '2020-09-19', '02:59:18', 'Reduced holistic synergy', '2', '', 0),
('308', 'Treatment', '2019-11-02', '20:38:04', '2019-11-15', '05:55:27', '', '4', 'Dugu', 0),
('309', 'Meeting with Christiansen, Howe and Casper', '2020-09-18', '22:40:19', '2020-10-01', '02:42:31', 'Future-proofed asymmetric groupware', '1', 'Ptghunk?f', 0),
('310', 'Style Guides', '2020-10-12', '14:06:02', '2020-11-01', '08:06:45', 'Multi-lateral explicit help-desk', '4', 'Boucinhas', 1),
('311', 'Analysis', '2019-11-18', '02:32:44', '2019-12-02', '05:28:33', 'Ameliorated content-based success', '3', '', 1),
('312', 'Backbone.js', '2020-04-05', '08:33:23', '2020-05-03', '18:53:02', '', '3', 'Pandanwangi', 1),
('313', 'EPANET', '2020-04-26', '19:33:46', '2020-04-28', '16:13:54', 'Visionary global focus group', '0', '', 1),
('314', 'SharePoint Server', '2020-07-15', '23:21:37', '2020-08-09', '09:08:19', 'Extended regional project', '2', '', 0),
('315', 'Forest', '2020-06-07', '22:17:24', '2020-06-27', '22:16:22', '', '3', '', 0),
('316', 'Visual Basic', '2020-03-20', '08:42:32', '2020-03-29', '20:36:37', 'Reverse-engineered secondary matrix', '1', '', 1),
('317', 'Kinesio Taping', '2019-12-15', '09:23:54', '2019-12-25', '02:26:32', 'Function-based transitional architecture', '2', '', 1),
('318', 'Meet Denesik Inc', '2019-11-03', '02:57:08', '2019-11-08', '15:58:37', 'Upgradable global database', '2', '?Q?p?t???r?y??', 0),
('319', 'Social TV', '2020-08-21', '00:35:37', '2020-09-01', '16:15:27', 'Multi-channelled asymmetric ability', '3', '', 1),
('320', 'Colorado', '2020-10-12', '20:51:23', '2020-10-20', '14:40:35', 'Configurable regional groupware', '1', 'Bitin', 0),
('321', 'Eye Surgery', '2020-02-04', '13:49:42', '2020-02-24', '02:31:48', 'Enhanced local website', '2', 'Huntington', 1),
('322', 'Meet Abbott, Bergstrom and Jaskolski', '2020-02-23', '07:30:57', '2020-03-12', '14:16:35', 'Ergonomic 4th generation Graphical User Interface', '5', '', 1),
('323', 'PorttitorPede.ppt', '2020-02-07', '17:38:02', '2020-02-18', '07:08:56', '', '4', '', 0),
('324', 'Fax', '2020-04-21', '19:10:50', '2020-05-09', '21:48:51', '', '4', '', 0),
('325', 'NRP', '2020-01-23', '16:49:24', '2020-01-27', '00:49:35', 'Optional foreground support', '5', '', 1),
('326', 'Graceland', '2020-01-09', '12:37:12', '2020-01-18', '07:07:39', 'Re-contextualized value-added flexibility', '4', '', 1),
('327', 'Utah', '2019-12-20', '11:53:35', '2019-12-22', '23:56:13', 'Object-based multi-state monitoring', '0', '', 0),
('328', 'DxDesigner', '2020-03-16', '17:52:46', '2020-03-17', '09:33:07', 'User-friendly incremental encryption', '4', '', 0),
('329', 'Meet Spencer, Macejkovic and Hegmann', '2020-05-05', '04:13:02', '2020-05-15', '01:19:15', 'Reactive maximized matrix', '5', '', 0),
('330', 'take 43968', '2020-05-17', '21:34:49', '2020-06-01', '17:00:38', 'Digitized bandwidth-monitored artificial intelligence', '5', 'Kulykiv', 1),
('331', 'Kinetics', '2020-02-24', '14:02:05', '2020-02-25', '08:02:39', 'Proactive didactic hub', '3', 'Emiliano Zapata', 0),
('332', 'FSMS', '2020-08-17', '04:55:30', '2020-08-17', '22:11:08', 'Multi-layered tangible frame', '1', '', 0),
('333', 'Mobile Applications', '2020-05-01', '13:22:56', '2020-05-18', '20:48:17', 'Object-based grid-enabled superstructure', '2', 'Dulce Nombre de Culmi', 1),
('334', 'Tally ERP', '2020-01-30', '22:40:50', '2020-02-21', '20:17:20', 'Balanced systematic productivity', '2', 'Kunyang', 0),
('335', 'Rooms Division', '2019-11-07', '13:29:48', '2019-12-06', '04:29:26', 'Fully-configurable interactive toolset', '1', '', 1),
('336', 'VSS', '2020-07-15', '02:06:34', '2020-08-02', '02:54:09', 'Programmable content-based superstructure', '2', '', 1),
('337', 'Bluestem', '2020-08-24', '17:15:05', '2020-09-22', '17:29:32', 'Expanded actuating definition', '4', '', 0),
('338', 'Influence Others', '2020-06-03', '06:39:22', '2020-06-12', '22:57:19', 'Vision-oriented bottom-line collaboration', '5', '', 1),
('339', 'ICEM CFD', '2020-02-12', '21:07:18', '2020-03-05', '19:55:56', 'Optional 5th generation array', '5', '', 0),
('340', 'Radio', '2020-02-25', '06:48:26', '2020-03-09', '05:50:47', 'Devolved responsive challenge', '3', 'Ezhou', 0),
('341', 'Merry', '2020-07-07', '17:06:33', '2020-08-02', '22:26:59', 'Re-engineered content-based structure', '1', 'Jiangning', 0),
('342', 'TDI', '2020-07-01', '12:00:01', '2020-07-14', '22:56:13', 'Enterprise-wide eco-centric functionalities', '4', '', 0),
('343', 'Social Services', '2020-02-17', '07:40:44', '2020-03-17', '04:24:04', 'Extended needs-based frame', '1', 'Arras', 0),
('344', 'FTP', '2020-02-15', '16:28:34', '2020-03-01', '16:09:57', 'Ameliorated tertiary internet solution', '2', '', 1),
('345', 'IBM Rational Rhapsody', '2019-12-07', '16:00:22', '2019-12-29', '16:32:35', 'Ameliorated reciprocal Graphic Interface', '0', '', 1),
('346', 'Governance', '2019-11-19', '22:21:05', '2019-11-24', '03:30:51', 'Exclusive 24/7 flexibility', '5', '', 1),
('347', 'OEIC', '2020-08-23', '20:37:27', '2020-09-20', '02:22:35', 'Up-sized 6th generation circuit', '3', '', 1),
('348', 'CTFL', '2019-12-14', '02:20:56', '2020-01-10', '22:15:26', '', '2', 'Santa Ana', 0),
('349', 'DMEDI', '2019-11-28', '23:34:48', '2019-12-27', '05:25:25', 'Progressive bottom-line algorithm', '2', '', 0),
('350', 'USDA', '2019-12-08', '00:56:34', '2019-12-26', '07:31:17', 'Implemented client-server application', '1', '', 1),
('351', 'Graphic Design', '2020-02-14', '18:37:03', '2020-02-17', '08:44:21', 'Synchronised regional Graphic Interface', '1', '', 0),
('352', 'take 43972', '2020-05-21', '10:39:11', '2020-06-10', '12:28:04', '', '4', '', 1),
('353', 'VRS', '2020-02-15', '05:15:01', '2020-02-18', '01:08:49', 'Function-based responsive analyzer', '5', '', 1),
('354', 'OLEDs', '2020-04-10', '21:22:28', '2020-04-26', '17:47:23', 'Multi-tiered analyzing hardware', '0', '', 1),
('355', 'RutrumNulla.mp3', '2020-05-05', '10:56:28', '2020-05-20', '19:39:31', '', '2', '', 1),
('356', 'Karstens', '2020-03-11', '13:00:42', '2020-04-06', '00:47:41', 'Ergonomic needs-based Graphic Interface', '3', '', 0),
('357', 'Flame AA', '2020-08-29', '21:41:11', '2020-09-08', '06:13:55', 'Compatible hybrid benchmark', '0', 'Kuala Terengganu', 0),
('358', 'Meeting at Dibbert, Weimann and Daniel', '2019-12-04', '00:24:45', '2019-12-22', '19:01:15', '', '2', 'Itajuipe', 0),
('359', 'Axure RP', '2020-10-09', '23:02:50', '2020-10-14', '01:25:33', 'User-friendly zero defect knowledge base', '1', '', 1),
('360', 'Childcare', '2019-10-24', '08:08:52', '2019-10-27', '10:09:10', 'Reverse-engineered upward-trending frame', '2', 'Partesh', 0),
('361', 'Civil Society', '2020-04-15', '02:42:28', '2020-04-26', '17:52:57', 'Intuitive context-sensitive model', '4', '', 1),
('362', 'Unicenter TNG', '2020-06-25', '20:23:36', '2020-07-14', '16:20:15', 'De-engineered asymmetric circuit', '4', 'Sanlicheng', 0),
('363', 'Meet Nader-Mosciski', '2020-01-12', '19:01:55', '2020-01-26', '01:22:43', 'Versatile non-volatile installation', '3', 'Yuanmou', 0),
('364', 'Orin', '2020-04-12', '06:21:59', '2020-05-01', '05:56:30', 'Proactive holistic focus group', '1', '', 0),
('365', 'DSP BIOS', '2020-09-20', '03:56:49', '2020-10-06', '13:56:49', 'Extended static leverage', '3', '', 1),
('366', 'Piano', '2019-11-02', '14:24:33', '2019-11-02', '05:31:19', 'Face to face well-modulated encoding', '1', '', 1),
('367', 'Meeting at Cassin Group', '2020-10-12', '04:39:29', '2020-10-25', '23:28:50', 'Operative disintermediate implementation', '3', '', 0),
('368', 'Sage', '2019-11-24', '04:13:32', '2019-12-11', '12:18:40', 'Re-engineered logistical migration', '3', '', 0),
('369', 'Vulcan', '2020-08-18', '11:18:27', '2020-09-01', '22:26:44', 'Switchable upward-trending internet solution', '3', '', 0),
('370', 'Melrose', '2020-04-29', '15:23:59', '2020-05-13', '05:40:45', '', '1', 'Jimusa?fer', 0),
('371', 'Gastroenterology', '2019-12-10', '19:39:37', '2019-12-16', '10:48:54', 'Balanced modular artificial intelligence', '2', '', 0),
('372', 'Brokerage', '2020-10-04', '23:23:16', '2020-11-01', '14:21:32', '', '5', 'Laoag', 1),
('373', 'Real Estate Due Diligence', '2019-11-16', '04:44:01', '2019-11-23', '12:48:57', 'Horizontal intangible artificial intelligence', '5', '', 1),
('374', 'Eye Surgery', '2020-08-26', '21:43:40', '2020-09-19', '07:57:09', 'Open-source full-range info-mediaries', '2', '', 0),
('375', 'Lawn', '2020-09-17', '21:00:37', '2020-09-24', '18:58:25', 'Realigned multimedia orchestration', '4', '', 0),
('376', 'Pipefitting', '2020-10-06', '16:43:35', '2020-10-31', '17:12:22', 'Extended coherent core', '1', '', 1),
('377', 'IVDD', '2020-06-01', '10:04:57', '2020-06-19', '12:28:35', 'Cross-platform 6th generation conglomeration', '2', '', 0),
('378', 'take 43798', '2019-11-29', '15:29:04', '2019-12-24', '06:35:18', 'Seamless multi-state analyzer', '4', 'Bom Conselho', 0),
('379', 'Browning', '2019-12-19', '05:53:26', '2019-12-25', '12:39:13', 'Self-enabling context-sensitive customer loyalty', '3', '', 1),
('380', 'Doe Crossing', '2020-03-11', '06:40:24', '2020-04-01', '15:41:24', 'Networked content-based throughput', '3', '', 1),
('381', 'take 44034', '2020-07-22', '04:49:38', '2020-08-18', '19:01:35', 'Right-sized solution-oriented core', '3', '', 0),
('382', 'Meet Kris, Klein and Borer', '2020-05-26', '08:35:38', '2020-06-15', '12:09:31', 'Object-based transitional frame', '1', '', 1),
('383', 'Gifted Education', '2020-05-15', '14:48:15', '2020-05-29', '09:53:52', 'Team-oriented needs-based access', '3', '', 0),
('384', 'DuiMaecenas.avi', '2020-01-17', '11:38:08', '2020-02-05', '17:29:00', 'Seamless asynchronous policy', '5', '', 1),
('385', 'take 44000', '2020-06-18', '12:08:06', '2020-07-09', '11:07:01', 'Cloned zero tolerance structure', '5', '', 1),
('386', 'Armistice', '2020-02-05', '15:07:54', '2020-02-05', '09:14:01', '', '5', '', 0),
('387', 'Pawling', '2020-09-07', '20:51:33', '2020-09-16', '09:41:21', 'Integrated discrete access', '3', 'Santa Helena de Goias', 1),
('388', 'Di Loreto', '2020-01-02', '06:56:48', '2020-01-12', '13:13:04', 'Open-architected zero administration installation', '4', '', 1),
('389', 'UtTellus.ppt', '2020-10-07', '07:55:25', '2020-10-29', '03:15:24', '', '4', '', 1),
('390', 'Professional Ethics', '2019-11-09', '18:24:28', '2019-11-24', '10:26:50', 'Automated exuding standardization', '1', '', 0),
('391', 'Farragut', '2020-03-01', '02:21:59', '2020-03-25', '11:45:34', 'Multi-layered local neural-net', '5', '', 1),
('392', 'take 43867', '2020-02-06', '06:06:18', '2020-03-05', '00:54:05', 'Reverse-engineered clear-thinking neural-net', '4', '', 0),
('393', 'take 44049', '2020-08-06', '22:25:58', '2020-08-16', '09:26:17', 'Optional motivating interface', '2', 'Picoto', 1),
('394', 'take 43859', '2020-01-29', '20:30:34', '2020-02-27', '23:06:04', 'Extended multi-tasking matrix', '5', '', 0),
('395', 'Meet Dach-Christiansen', '2019-11-01', '22:08:15', '2019-11-03', '00:27:31', '', '5', '', 1),
('396', 'take 44044', '2020-08-01', '10:01:57', '2020-08-16', '00:00:58', '', '4', '', 0),
('397', 'Meet Goldner-Mayer', '2020-09-06', '22:27:02', '2020-10-01', '15:38:02', 'Total system-worthy projection', '0', 'Fengmu', 0),
('398', 'take 43987', '2020-06-05', '05:52:33', '2020-06-15', '15:51:53', 'Reactive optimizing model', '4', '', 0),
('399', 'Meeting at Hauck-Connelly', '2019-11-27', '02:44:24', '2019-12-15', '23:52:51', 'Customer-focused attitude-oriented access', '3', '', 1),
('400', 'LCL', '2020-06-18', '04:37:28', '2020-06-20', '11:15:18', 'Adaptive client-driven website', '3', 'Savelugu', 0),
('401', 'Meet Tromp, Brekke and D\'Amore', '2020-06-11', '05:34:47', '2020-07-07', '11:16:28', 'Sharable high-level alliance', '4', '', 1),
('402', 'Meet Rosenbaum-Greenfelder', '2020-04-26', '10:37:31', '2020-05-08', '14:12:00', 'Programmable object-oriented capability', '2', 'Abiko', 0),
('403', 'Meet Hayes, Mohr and Harvey', '2020-05-22', '23:41:35', '2020-06-07', '10:41:15', 'Multi-lateral explicit hierarchy', '3', 'Bulog', 1),
('404', 'take 44076', '2020-09-02', '02:11:11', '2020-09-21', '05:38:37', 'Diverse 6th generation capacity', '4', 'Ozerki', 0),
('405', 'Upham', '2020-10-20', '19:46:47', '2020-11-18', '02:07:45', '', '2', '', 0),
('406', 'Ocean', '2020-07-26', '19:51:04', '2020-08-23', '17:57:25', 'Networked 6th generation forecast', '1', '', 0),
('407', 'GNU Debugger', '2020-02-01', '16:09:10', '2020-02-23', '05:35:03', 'Persistent bi-directional core', '2', '', 1),
('408', 'APO SNP', '2020-10-08', '05:45:13', '2020-10-20', '02:55:36', '', '2', '', 1),
('409', 'Meeting at Hand Group', '2020-02-29', '16:10:37', '2020-03-02', '08:11:28', 'Inverse holistic synergy', '5', '', 1),
('410', 'Microsoft Publisher', '2019-11-27', '22:55:17', '2019-12-18', '06:34:50', '', '2', '', 0),
('411', 'After FX', '2020-07-25', '07:13:25', '2020-08-12', '05:40:46', '', '1', '', 1),
('412', 'take 44104', '2020-09-30', '16:13:21', '2020-10-22', '09:08:38', 'Fully-configurable systemic Graphic Interface', '0', '', 0),
('413', 'Hiring', '2020-02-03', '06:11:41', '2020-02-11', '02:19:54', 'Programmable executive product', '2', '', 0),
('414', 'CMake', '2020-03-19', '21:54:24', '2020-03-23', '04:11:06', 'Reduced tertiary utilisation', '1', '', 1),
('415', 'Family Therapy', '2020-06-21', '00:23:55', '2020-07-09', '13:11:59', 'Self-enabling explicit initiative', '4', '', 1),
('416', 'Meeting with Skiles Inc', '2020-04-17', '17:00:29', '2020-04-25', '11:43:38', '', '5', '', 0),
('417', 'take 44010', '2020-06-28', '06:17:54', '2020-07-21', '21:39:02', '', '5', 'Itapetinga', 0);
INSERT INTO `task` (`taskID`, `task_name`, `date_created`, `time_created`, `due_date`, `due_time`, `description`, `priority`, `location`, `completed`) VALUES
('418', 'LPS', '2020-05-08', '18:00:18', '2020-05-21', '00:54:39', 'Reverse-engineered transitional model', '2', '', 1),
('419', 'Meet Wolf and Sons', '2020-04-23', '06:22:43', '2020-05-15', '22:18:45', 'Sharable 5th generation toolset', '1', '', 0),
('420', 'Protein Purification', '2020-04-28', '14:29:41', '2020-04-29', '15:53:52', 'Reverse-engineered full-range knowledge base', '2', '', 0),
('421', 'SBT', '2019-12-15', '18:41:49', '2019-12-19', '05:57:15', 'Distributed value-added focus group', '5', 'Pitogo', 0),
('422', 'Sales Process', '2020-07-09', '15:42:11', '2020-07-11', '00:35:34', '', '0', 'Dafeng', 1),
('423', 'Meeting at Hilll Inc', '2019-12-16', '15:02:54', '2019-12-31', '12:42:52', 'Business-focused zero administration groupware', '1', '', 1),
('424', 'MS VC++', '2020-05-26', '07:47:03', '2020-06-02', '22:04:03', 'Assimilated clear-thinking contingency', '0', '', 0),
('425', 'take 44066', '2020-08-23', '08:56:06', '2020-09-03', '04:25:37', '', '1', '', 1),
('426', 'Tortoise SVN', '2020-01-31', '17:09:42', '2020-02-14', '22:50:10', '', '2', 'Shuikou', 0),
('427', 'Aviation', '2020-02-12', '11:57:23', '2020-02-15', '01:57:30', 'Function-based cohesive archive', '2', '', 1),
('428', 'Japanese', '2020-01-21', '03:20:11', '2020-02-01', '15:44:49', 'Enhanced intangible portal', '5', '', 0),
('429', 'EU Law', '2019-11-22', '21:20:12', '2019-11-29', '10:16:51', 'Self-enabling 24 hour hierarchy', '3', '', 1),
('430', 'SSPS', '2020-02-21', '08:03:23', '2020-02-28', '14:30:57', 'Total high-level secured line', '2', '', 1),
('431', 'Meet Hirthe Inc', '2020-05-08', '05:51:06', '2020-05-26', '17:18:26', '', '3', '', 1),
('432', 'Adolescents', '2020-10-11', '10:04:43', '2020-10-29', '10:02:19', 'Progressive encompassing firmware', '0', '', 0),
('433', 'HR Management', '2020-03-26', '21:51:06', '2020-04-24', '04:25:56', 'Inverse encompassing array', '0', '', 1),
('434', 'take 44027', '2020-07-15', '02:54:16', '2020-08-07', '15:09:40', '', '5', '', 0),
('435', 'Meeting with Brekke Group', '2020-09-22', '18:16:09', '2020-10-07', '22:15:28', 'Monitored analyzing initiative', '4', '', 1),
('436', 'take 43971', '2020-05-20', '22:09:03', '2020-05-24', '08:27:38', 'Enterprise-wide well-modulated monitoring', '1', '', 0),
('437', 'FSL', '2020-05-27', '14:42:55', '2020-06-15', '17:40:17', 'Quality-focused reciprocal knowledge base', '0', '', 0),
('438', 'Pastoral Care', '2020-01-29', '05:08:31', '2020-02-15', '19:16:04', 'Monitored eco-centric contingency', '2', '', 1),
('439', 'Three.js', '2020-01-27', '05:08:12', '2020-02-14', '02:34:30', 'Profit-focused secondary Graphic Interface', '5', '', 0),
('440', 'take 43894', '2020-03-04', '03:44:38', '2020-03-13', '12:45:07', 'Customizable well-modulated benchmark', '1', '', 0),
('441', 'Global Health', '2020-08-25', '01:47:38', '2020-09-09', '02:11:37', 'Open-source system-worthy internet solution', '0', '', 1),
('442', 'WMOS', '2020-08-28', '23:34:25', '2020-09-23', '01:55:50', 'Re-engineered object-oriented firmware', '3', '', 0),
('443', 'Site Plans', '2020-02-06', '09:30:19', '2020-03-03', '02:08:04', 'Organic demand-driven infrastructure', '5', '', 0),
('444', 'Meeting at Okuneva and Sons', '2020-05-29', '16:39:14', '2020-06-05', '04:56:46', 'User-centric 6th generation knowledge user', '2', '', 1),
('445', 'Derek', '2020-04-29', '20:08:00', '2020-05-23', '00:38:44', 'Progressive bifurcated knowledge user', '0', '', 1),
('446', 'Ut.avi', '2020-07-21', '22:07:00', '2020-07-22', '15:59:37', 'Persistent national frame', '0', '', 0),
('447', 'TMA', '2020-09-08', '10:17:50', '2020-09-27', '01:38:23', 'Networked client-server neural-net', '3', 'Caldelas', 1),
('448', 'Workers Compensation', '2020-05-29', '17:10:19', '2020-06-19', '23:00:57', 'User-centric methodical concept', '2', 'Kstovo', 1),
('449', 'Duis.txt', '2020-10-06', '01:32:52', '2020-10-19', '19:48:47', '', '1', '', 0),
('450', 'Meet Ebert-Boyle', '2020-03-10', '20:46:20', '2020-03-17', '07:35:01', 'Proactive multimedia task-force', '4', '', 1),
('451', 'Programming', '2020-08-26', '18:23:02', '2020-09-17', '04:21:09', 'Object-based multi-state adapter', '4', '', 1),
('452', 'AtTurpis.mp3', '2020-09-25', '15:39:16', '2020-10-20', '19:00:16', 'Future-proofed optimizing circuit', '1', '', 0),
('453', 'XCAL', '2019-10-24', '11:21:12', '2019-11-07', '01:52:17', 'Robust tertiary emulation', '0', '', 0),
('454', 'WHMIS', '2020-07-13', '05:14:22', '2020-07-29', '06:12:06', 'Persistent intangible complexity', '3', '', 1),
('455', 'LectusInEst.avi', '2020-05-03', '18:45:55', '2020-05-19', '02:59:39', 'Cross-group even-keeled artificial intelligence', '2', '', 0),
('456', 'CXO level engagement', '2019-11-06', '22:03:40', '2019-12-04', '04:34:30', '', '0', '', 0),
('457', 'take 43804', '2019-12-05', '14:08:02', '2019-12-25', '22:59:24', 'Cross-platform non-volatile focus group', '3', '', 0),
('458', 'take 44095', '2020-09-21', '15:51:59', '2020-09-24', '08:52:25', 'Configurable 24/7 info-mediaries', '4', '', 1),
('459', 'take 44088', '2020-09-14', '00:00:58', '2020-10-08', '01:36:35', 'Digitized full-range orchestration', '3', '', 0),
('460', 'Elgar', '2020-03-13', '20:21:46', '2020-03-23', '06:47:30', 'Exclusive dynamic open architecture', '2', '', 1),
('461', 'AAP', '2020-02-03', '14:26:15', '2020-02-24', '20:57:37', 'Assimilated leading edge methodology', '0', '', 1),
('462', 'Bartelt', '2020-08-31', '16:42:49', '2020-09-16', '15:15:11', 'Open-source radical throughput', '0', '', 0),
('463', 'Melody', '2020-07-07', '02:45:57', '2020-07-28', '08:01:36', 'Proactive logistical neural-net', '3', '', 1),
('464', 'iPhone Application Development', '2020-01-08', '04:33:28', '2020-01-17', '18:47:30', '', '2', '', 1),
('465', 'Meeting at Howell and Sons', '2020-04-07', '17:41:29', '2020-04-22', '03:14:10', 'Digitized demand-driven moderator', '2', 'Cibatuireng', 1),
('466', 'Susan', '2020-07-19', '16:07:08', '2020-08-16', '15:21:42', 'Function-based foreground encryption', '2', '', 1),
('467', 'VulputateElementumNullam.xls', '2019-12-31', '09:39:35', '2019-12-31', '19:14:44', '', '4', '', 0),
('468', 'Meet Olson, Beer and Fadel', '2020-03-01', '04:27:38', '2020-03-04', '11:39:56', 'Realigned optimizing knowledge user', '4', 'Kembangkerang Satu', 1),
('469', 'Awesomeness', '2020-04-28', '08:06:12', '2020-05-06', '12:18:16', 'Devolved dynamic orchestration', '3', 'Creteil', 1),
('470', 'Roth', '2019-10-25', '09:22:54', '2019-11-10', '05:00:18', 'Phased directional standardization', '2', '', 1),
('471', 'JIT', '2020-08-13', '12:25:29', '2020-08-28', '14:52:33', 'Inverse zero defect contingency', '2', '', 1),
('472', 'RS/6000', '2020-01-03', '16:54:18', '2020-01-18', '18:55:21', '', '4', '', 0),
('473', 'Meet Conroy Group', '2020-09-21', '18:27:33', '2020-10-09', '03:00:30', '', '5', '', 0),
('474', 'Community Outreach', '2020-10-10', '09:40:35', '2020-10-12', '18:49:31', '', '2', 'Vabalninkas', 0),
('475', 'Meeting with Ratke LLC', '2020-08-27', '14:05:09', '2020-08-28', '13:05:53', 'Centralized multimedia flexibility', '5', '', 1),
('476', 'Eastwood', '2020-01-21', '20:55:25', '2020-02-03', '23:58:03', 'Seamless uniform knowledge base', '1', '', 0),
('477', 'cGMP practices', '2019-12-14', '22:22:16', '2019-12-25', '21:30:08', '', '3', '', 1),
('478', 'Eye Surgery', '2020-04-26', '11:48:49', '2020-05-04', '08:36:43', '', '2', '', 0),
('479', 'TinciduntEuFelis.mpeg', '2020-09-03', '04:22:50', '2020-10-02', '08:10:40', 'Cross-group tangible software', '2', '', 0),
('480', 'Sports Play-by-play', '2020-01-16', '04:05:31', '2020-01-20', '21:40:19', 'Multi-tiered context-sensitive flexibility', '2', '', 1),
('481', 'IT Operations', '2020-07-08', '12:30:39', '2020-07-10', '23:20:28', 'Compatible reciprocal open architecture', '5', 'Amboasary', 0),
('482', 'take 43809', '2019-12-10', '14:10:36', '2019-12-28', '03:09:41', 'Monitored full-range Graphic Interface', '5', 'Ipoti', 0),
('483', 'Nunc.doc', '2020-03-15', '15:24:13', '2020-04-13', '19:01:07', 'Streamlined interactive projection', '2', '', 1),
('484', 'Web TV', '2020-01-21', '15:28:03', '2020-01-31', '00:11:37', '', '5', 'Sohag', 1),
('485', 'Glazing', '2020-06-05', '08:09:12', '2020-06-16', '16:01:44', 'Grass-roots incremental frame', '5', 'Ohrid', 0),
('486', 'Meet Boehm Group', '2020-02-13', '11:23:25', '2020-02-22', '01:28:21', 'Persistent scalable productivity', '5', '', 1),
('487', 'Political Risk Analysis', '2019-11-13', '15:14:30', '2019-12-09', '06:08:22', '', '3', '', 1),
('488', 'Middle Office', '2020-02-24', '09:33:20', '2020-02-26', '06:07:14', 'Compatible holistic service-desk', '5', 'Sifala', 0),
('489', 'PurusEu.jpeg', '2020-09-10', '16:38:44', '2020-09-12', '22:13:48', 'Networked scalable methodology', '1', '', 0),
('490', 'Express', '2020-10-20', '18:04:32', '2020-11-01', '19:01:51', '', '5', '', 0),
('491', 'IBM Servers', '2020-06-16', '00:25:31', '2020-06-28', '04:31:58', 'Digitized foreground toolset', '5', 'Chongkan', 0),
('492', 'Thierer', '2020-05-30', '00:50:36', '2020-06-17', '21:57:46', 'Multi-channelled contextually-based policy', '5', 'P?ibyslav', 0),
('493', 'OLAP Cube Studio', '2020-05-05', '07:16:40', '2020-05-08', '05:52:11', '', '1', '', 1),
('494', 'take 43977', '2020-05-26', '02:53:02', '2020-06-17', '20:29:06', 'Multi-lateral user-facing support', '0', '', 1),
('495', 'Business Transformation', '2020-05-22', '12:38:42', '2020-06-04', '07:26:42', 'Object-based solution-oriented productivity', '3', '', 1),
('496', 'Meet Davis-Miller', '2019-11-03', '00:38:46', '2019-11-06', '05:46:04', 'Profound transitional matrices', '0', '', 0),
('497', 'take 43775', '2019-11-06', '01:10:18', '2019-11-10', '02:10:17', 'Re-engineered system-worthy definition', '1', '', 1),
('498', 'Gel Electrophoresis', '2020-03-07', '00:19:30', '2020-03-27', '20:30:09', 'Object-based object-oriented database', '4', '', 0),
('499', 'take 44004', '2020-06-22', '08:02:05', '2020-07-16', '03:06:18', '', '5', '', 0),
('500', 'Kinsman', '2019-12-23', '03:19:08', '2019-12-24', '21:12:22', '', '3', '', 0),
('501', 'Sloan', '2020-01-14', '03:12:23', '2020-02-06', '19:07:31', 'Extended holistic pricing structure', '2', '', 0),
('502', 'xCAT', '2019-12-21', '02:12:42', '2019-12-28', '18:01:42', 'Seamless mission-critical encoding', '2', '', 0),
('503', 'Ticketing', '2020-05-09', '03:12:29', '2020-05-27', '03:12:27', 'Intuitive optimal productivity', '1', 'Letsheng', 1),
('504', 'take 43869', '2020-02-08', '22:30:01', '2020-03-01', '21:22:42', '', '4', '', 1),
('505', 'Fiction Writing', '2020-05-26', '13:11:47', '2020-06-11', '07:34:08', 'Customizable radical encryption', '4', '', 0),
('506', 'Work Very Well with Others', '2020-06-18', '18:03:58', '2020-06-18', '22:56:19', 'Synchronised background algorithm', '1', '', 1),
('507', 'Workshops', '2020-07-11', '09:44:47', '2020-07-17', '21:23:48', '', '1', '?imanovci', 1),
('508', 'UtEratCurabitur.xls', '2019-12-11', '02:26:56', '2019-12-23', '10:44:12', 'Advanced radical neural-net', '0', '', 1),
('509', 'BFSI', '2020-06-21', '21:46:41', '2020-07-05', '04:28:46', 'Persistent modular framework', '1', '', 0),
('510', 'WCSF', '2020-04-15', '13:09:39', '2020-05-06', '04:14:50', 'Phased transitional encoding', '2', '', 1),
('511', 'EPC', '2020-08-05', '18:54:19', '2020-08-25', '15:17:52', 'Implemented 24 hour challenge', '1', 'Njeru', 1),
('512', 'GNU tools', '2020-05-13', '08:00:52', '2020-06-09', '13:16:03', 'Synergized attitude-oriented implementation', '1', 'Soa', 1),
('513', 'take 43938', '2020-04-17', '11:41:49', '2020-04-28', '11:04:06', 'Reverse-engineered intangible internet solution', '3', '', 0),
('514', 'RTLS', '2020-02-26', '04:41:25', '2020-03-23', '16:05:21', 'Managed global interface', '0', '', 0),
('515', 'Adult CPR', '2020-02-28', '08:46:31', '2020-03-22', '20:10:54', '', '3', '', 0),
('516', 'Order Picking', '2020-09-30', '13:18:38', '2020-10-22', '04:16:04', 'Business-focused object-oriented process improvement', '1', '', 1),
('517', 'FFA', '2020-06-18', '01:22:52', '2020-06-25', '22:06:50', '', '5', '', 1),
('518', 'Radio Production', '2020-02-25', '12:13:02', '2020-03-24', '04:32:21', '', '2', '', 1),
('519', 'Meet Monahan-Nienow', '2019-11-11', '13:25:22', '2019-12-05', '14:38:56', 'De-engineered value-added open architecture', '5', 'Alor Setar', 1),
('520', 'Brocade Fibre Switches', '2020-10-01', '04:23:53', '2020-10-19', '02:33:01', 'User-friendly human-resource task-force', '5', '', 0),
('521', 'JBoss ESB', '2019-12-15', '02:47:16', '2020-01-13', '15:58:55', 'Visionary optimizing conglomeration', '4', '', 0),
('522', 'PFI', '2020-08-20', '05:34:19', '2020-09-04', '21:25:46', 'Ameliorated secondary contingency', '1', '', 1),
('523', 'Basel II', '2020-08-11', '01:03:18', '2020-08-11', '13:27:36', 'Cross-group 4th generation encryption', '5', '', 1),
('524', 'Dry Eye', '2020-06-02', '04:42:17', '2020-07-01', '06:34:40', 'Networked responsive encryption', '0', '', 1),
('525', 'WGA', '2019-11-24', '02:02:54', '2019-12-21', '05:51:43', 'Reduced multimedia moderator', '0', '', 0),
('526', 'Meet Hoeger-Thiel', '2020-07-05', '22:54:09', '2020-07-30', '04:14:46', 'Operative disintermediate adapter', '2', '', 0),
('527', 'IVDD', '2019-10-30', '08:21:19', '2019-11-23', '13:12:16', 'Implemented analyzing conglomeration', '3', '', 0),
('528', 'Simulink', '2020-09-24', '16:16:43', '2020-09-24', '14:37:25', 'Phased fresh-thinking open system', '2', '', 0),
('529', 'PML', '2020-04-22', '06:35:21', '2020-05-20', '17:08:11', '', '1', '', 1),
('530', 'CTF', '2020-08-21', '14:28:03', '2020-09-14', '01:34:58', 'User-friendly local throughput', '5', '', 0),
('531', 'Class Actions', '2020-02-08', '21:12:11', '2020-02-29', '17:22:13', 'Implemented methodical support', '1', 'Fort Dauphin', 1),
('532', 'JDOM', '2019-12-29', '03:38:21', '2020-01-24', '21:21:50', 'Vision-oriented mobile middleware', '3', '', 1),
('533', 'Manufacturers', '2019-11-09', '15:21:20', '2019-12-01', '09:05:10', 'Front-line static knowledge user', '4', '', 1),
('534', 'Quam.doc', '2020-09-19', '05:47:46', '2020-09-21', '02:02:53', 'De-engineered client-server productivity', '3', '', 0),
('535', 'EEM', '2020-06-02', '15:10:06', '2020-06-11', '17:53:59', 'Extended uniform service-desk', '0', '', 1),
('536', 'Sutherland', '2019-11-04', '23:06:59', '2019-11-09', '20:16:48', 'Advanced radical structure', '3', '', 1),
('537', 'Hooker', '2020-05-11', '21:30:19', '2020-05-22', '10:57:46', 'Re-engineered static service-desk', '1', '', 0),
('538', 'HR Management', '2020-01-06', '10:50:06', '2020-01-28', '23:15:55', 'Progressive local budgetary management', '2', '', 0),
('539', 'Waywood', '2019-12-27', '21:14:29', '2020-01-17', '14:16:39', 'Persistent impactful matrix', '4', 'Huite', 0),
('540', 'take 43855', '2020-01-25', '08:36:06', '2020-02-17', '11:43:41', 'Compatible actuating portal', '4', '', 0),
('541', 'Information Security Awareness', '2020-07-24', '02:04:01', '2020-08-15', '05:06:01', 'Multi-layered dedicated firmware', '0', '', 0),
('542', 'JVM', '2019-12-27', '14:49:00', '2020-01-04', '15:07:02', 'Down-sized content-based matrix', '0', '', 0),
('543', 'Mobile Marketing', '2019-11-29', '21:47:52', '2019-11-29', '02:03:14', '', '1', '', 0),
('544', 'Radio Broadcasting', '2020-01-05', '00:05:14', '2020-01-31', '22:02:44', 'Public-key neutral model', '3', '', 1),
('545', 'Meet Kunde-DuBuque', '2020-04-14', '00:05:35', '2020-05-05', '12:32:55', 'User-centric discrete workforce', '2', '', 1),
('546', 'Juvederm', '2020-02-09', '10:45:34', '2020-02-09', '16:04:07', 'Reverse-engineered asymmetric interface', '0', '', 1),
('547', 'Project Bidding', '2020-07-10', '06:40:12', '2020-07-25', '18:39:02', 'Streamlined logistical conglomeration', '2', '', 1),
('548', 'take 44108', '2020-10-04', '21:07:39', '2020-10-15', '14:28:17', 'Cross-platform leading edge alliance', '2', '', 1),
('549', 'Legal Writing', '2020-06-10', '04:44:20', '2020-07-07', '20:51:50', '', '2', '', 0),
('550', 'Dui.ppt', '2020-07-02', '01:23:12', '2020-07-24', '09:40:41', '', '2', '', 0),
('551', 'Mockingbird', '2020-10-02', '09:55:03', '2020-10-07', '15:28:34', '', '3', 'Kula', 0),
('552', 'Potenti.xls', '2020-05-07', '03:54:03', '2020-05-18', '08:26:27', 'Inverse incremental circuit', '5', '', 1),
('553', 'IATA', '2020-04-15', '04:31:42', '2020-05-06', '07:42:18', '', '1', '', 0),
('554', 'Analytical Skills', '2020-07-11', '17:25:37', '2020-07-19', '15:36:47', '', '4', '', 0),
('555', 'JMX', '2020-06-05', '04:00:49', '2020-06-16', '04:58:09', 'Right-sized next generation framework', '4', '', 0),
('556', 'KVM Switches', '2020-05-21', '18:30:30', '2020-06-15', '12:12:49', 'Reactive needs-based middleware', '4', '', 0),
('557', 'RHIT', '2020-01-16', '20:14:16', '2020-01-22', '02:12:48', 'Synchronised didactic intranet', '5', 'Petropavlivka', 0),
('558', 'Nonprofits', '2020-09-04', '08:59:44', '2020-09-19', '07:43:14', 'Persistent bifurcated secured line', '3', '', 1),
('559', 'Zoology', '2020-09-19', '15:06:13', '2020-09-22', '14:47:36', '', '0', '', 0),
('560', 'Wovens', '2020-06-03', '00:18:12', '2020-06-29', '07:22:39', 'Digitized intermediate neural-net', '3', '', 0),
('561', 'AugueVestibulum.avi', '2020-05-14', '08:57:38', '2020-06-08', '03:33:30', '', '3', '', 0),
('562', 'Meet Ortiz Group', '2020-04-25', '19:55:00', '2020-05-08', '00:04:29', 'Synergistic full-range implementation', '0', '', 0),
('563', 'Meet Nicolas Group', '2020-07-02', '23:53:02', '2020-07-29', '19:21:34', 'Vision-oriented multi-state software', '3', '', 0),
('564', 'Eplan', '2020-09-13', '07:00:40', '2020-09-21', '15:06:19', 'Virtual optimizing capability', '4', '', 0),
('565', 'East', '2020-07-15', '15:05:52', '2020-07-18', '10:04:44', 'Multi-channelled multi-tasking framework', '5', '', 1),
('566', 'SPSS', '2020-07-03', '03:13:19', '2020-07-25', '06:09:14', 'Digitized incremental forecast', '1', '', 0),
('567', 'MMIC', '2020-06-03', '17:47:11', '2020-06-16', '08:23:36', 'Ergonomic logistical artificial intelligence', '4', 'Pau', 0),
('568', 'Meeting at Reilly-Gusikowski', '2020-08-21', '03:00:42', '2020-08-28', '08:49:02', 'Persevering solution-oriented contingency', '1', '', 0),
('569', 'UK GAAP', '2019-11-10', '23:02:45', '2019-12-05', '20:22:45', 'Public-key hybrid matrix', '1', '', 0),
('570', 'IP PBX', '2020-01-11', '23:05:19', '2020-02-04', '00:37:28', 'Profit-focused fresh-thinking contingency', '4', '', 1),
('571', 'FDD', '2020-03-19', '15:36:22', '2020-03-29', '05:16:51', 'Down-sized systemic concept', '0', 'Nor Gyugh', 0),
('572', 'UtTellus.mp3', '2020-08-03', '08:45:58', '2020-08-27', '06:59:38', 'User-centric coherent analyzer', '0', '', 0),
('573', 'Art Direction', '2020-01-21', '15:14:14', '2020-02-19', '12:45:24', 'Re-contextualized content-based customer loyalty', '2', 'Podbuzh', 0),
('574', 'IFS ERP', '2020-04-08', '14:52:31', '2020-04-16', '00:10:15', 'Business-focused mobile access', '5', '', 1),
('575', 'Meet Ryan-Lakin', '2020-05-08', '03:48:34', '2020-06-04', '19:39:32', '', '2', 'Komsomol?fskiy', 0),
('576', 'PWM', '2020-04-03', '06:19:26', '2020-04-18', '13:55:34', 'Public-key system-worthy flexibility', '4', '', 1),
('577', 'JPOS', '2019-11-19', '03:46:51', '2019-11-23', '04:27:28', '', '1', '', 1),
('578', 'Golf View', '2020-03-23', '05:06:43', '2020-04-10', '01:58:14', 'Focused systematic monitoring', '1', 'Tolu', 0),
('579', 'Airline Management', '2020-05-29', '23:06:38', '2020-06-04', '20:27:09', 'Realigned multimedia emulation', '1', '', 1),
('580', 'MSI', '2020-09-29', '18:42:48', '2020-10-15', '23:42:12', 'Diverse full-range neural-net', '1', '', 0),
('581', 'Meet Halvorson, Dooley and Satterfield', '2020-09-16', '02:07:34', '2020-09-27', '16:30:53', 'Grass-roots user-facing data-warehouse', '3', '', 0),
('582', 'Clerical Skills', '2019-12-10', '18:12:10', '2019-12-29', '01:21:53', '', '1', 'Zhaigang', 0),
('583', 'RGB', '2020-09-02', '15:00:04', '2020-09-12', '05:56:26', 'Profit-focused 3rd generation superstructure', '0', '', 0),
('584', 'EuismodScelerisqueQuam.doc', '2020-06-06', '08:33:15', '2020-06-07', '10:05:12', 'Networked disintermediate flexibility', '3', '', 0),
('585', 'Product Development', '2019-11-20', '18:11:11', '2019-11-23', '00:50:32', 'Optional bandwidth-monitored database', '0', 'Natonin', 0),
('586', 'Blood Pressure', '2020-10-19', '13:20:04', '2020-11-01', '19:27:03', 'Fundamental neutral synergy', '4', '', 1),
('587', 'Lakeland', '2019-11-10', '13:43:21', '2019-12-02', '21:15:33', 'Optimized explicit emulation', '5', '', 0),
('588', 'Dynamic Speaker', '2020-10-05', '17:19:51', '2020-10-22', '10:36:01', 'Reactive uniform core', '4', '', 0),
('589', 'Meet Erdman Group', '2020-02-24', '18:47:05', '2020-03-21', '03:46:57', 'Synergized impactful Graphical User Interface', '3', '', 1),
('590', 'Waste Management', '2020-04-03', '23:54:22', '2020-04-03', '21:31:49', 'Proactive context-sensitive implementation', '3', '', 0),
('591', 'Corporate Tax', '2020-01-15', '23:03:47', '2020-01-19', '05:00:38', '', '5', '', 0),
('592', 'Veith', '2020-08-26', '10:47:22', '2020-09-22', '00:05:41', 'Mandatory fresh-thinking function', '3', 'Borgustanskaya', 1),
('593', 'CPG Industry', '2020-02-12', '14:28:48', '2020-02-25', '02:33:29', 'Proactive object-oriented toolset', '4', '', 0),
('594', 'HMDA', '2020-02-27', '08:46:22', '2020-03-13', '14:53:00', 'Open-source multi-state approach', '4', '', 1),
('595', 'Omnis', '2019-12-16', '21:55:52', '2019-12-19', '01:49:20', 'Balanced global projection', '2', '', 0),
('596', 'Workshops', '2020-05-13', '14:13:10', '2020-05-23', '20:46:50', '', '3', 'Rungis', 1),
('597', 'Meet McClure, Walsh and Weimann', '2020-01-31', '01:59:45', '2020-01-31', '16:56:47', 'Robust non-volatile portal', '0', '', 1),
('598', 'Meeting with Balistreri, Sauer and Kunze', '2020-07-09', '12:55:46', '2020-07-31', '11:06:35', 'Persistent modular forecast', '0', '', 0),
('599', 'RS Means', '2020-03-14', '04:03:42', '2020-04-12', '01:39:11', 'Function-based contextually-based benchmark', '5', '', 0),
('600', 'take 44026', '2020-07-14', '03:09:55', '2020-07-16', '09:50:07', '', '2', '', 0),
('601', 'LCD', '2020-04-08', '07:09:07', '2020-04-16', '04:28:34', '', '4', '', 0),
('602', 'HTML Help Workshop', '2020-07-16', '12:24:12', '2020-08-04', '19:11:55', 'Realigned demand-driven parallelism', '5', '', 0),
('603', 'Payroll Taxes', '2020-04-30', '16:24:11', '2020-05-09', '13:43:54', '', '0', '', 0),
('604', 'Meet O\'Keefe, Bergstrom and Kohler', '2020-01-27', '13:42:35', '2020-02-05', '05:38:13', '', '2', '', 1),
('605', 'ESB', '2020-01-20', '12:01:28', '2020-02-04', '11:57:20', '', '5', '', 0),
('606', 'take 43842', '2020-01-12', '16:34:16', '2020-02-02', '08:36:16', '', '1', '', 0),
('607', 'Wwise', '2020-09-29', '14:57:02', '2020-10-07', '16:13:31', '', '2', '', 0),
('608', 'QNXT', '2020-07-28', '06:49:02', '2020-08-11', '20:50:31', 'Reactive 24/7 projection', '4', '', 0),
('609', 'Meeting with Ebert, Botsford and Goodwin', '2019-11-22', '00:24:47', '2019-11-30', '00:03:17', '', '0', '', 1),
('610', 'Highways', '2020-03-24', '09:57:14', '2020-04-02', '14:25:05', 'Digitized scalable encryption', '3', '', 0),
('611', 'HVAC', '2020-01-28', '00:28:38', '2020-02-01', '20:48:44', 'Intuitive composite alliance', '0', '', 0),
('612', 'KWP2000', '2020-02-22', '01:23:59', '2020-02-22', '08:38:11', 'User-friendly systemic moratorium', '0', '', 0),
('613', 'take 43852', '2020-01-22', '06:37:02', '2020-01-25', '23:04:27', 'Programmable dynamic leverage', '5', '', 1),
('614', 'Meeting at Konopelski, Blanda and Runte', '2020-05-29', '10:02:02', '2020-06-18', '22:17:36', 'Cross-platform grid-enabled capacity', '1', '', 1),
('615', 'FaucibusOrciLuctus.mpeg', '2020-02-02', '09:28:23', '2020-02-08', '16:48:39', '', '3', '', 0),
('616', 'Citrix XenDesktop', '2020-08-30', '09:43:17', '2020-09-08', '14:57:29', '', '3', '', 0),
('617', 'Psychosocial', '2020-03-19', '16:21:33', '2020-04-13', '12:27:07', 'Assimilated 24 hour utilisation', '5', '', 0),
('618', 'QAS', '2020-03-25', '14:22:36', '2020-04-18', '16:34:39', 'Integrated intangible open system', '0', '', 1),
('619', 'Stone Corner', '2020-03-01', '18:57:51', '2020-03-14', '11:44:42', 'Secured executive secured line', '0', '', 0),
('620', 'Meet Runolfsson and Sons', '2020-05-30', '14:17:46', '2020-06-13', '04:03:26', 'Visionary logistical secured line', '1', '', 1),
('621', 'Meeting with Hilll-Dickinson', '2020-10-13', '02:13:43', '2020-10-22', '18:28:16', 'Optimized cohesive product', '0', '', 0),
('622', 'Offshore Oil &amp; Gas', '2020-06-01', '13:54:06', '2020-06-03', '11:43:01', '', '0', '', 1),
('623', 'take 43961', '2020-05-10', '20:35:27', '2020-05-11', '22:46:15', 'Multi-channelled transitional protocol', '4', '', 1),
('624', 'FM200', '2020-09-23', '03:30:41', '2020-09-27', '21:00:28', 'Function-based context-sensitive local area network', '3', 'Lancaster', 1),
('625', 'GSE', '2020-04-09', '07:42:38', '2020-04-25', '05:49:53', 'Multi-layered value-added data-warehouse', '2', '', 1),
('626', 'Meeting with Dietrich, Koelpin and Koss', '2020-08-12', '06:33:34', '2020-08-13', '20:12:20', 'Enhanced 4th generation leverage', '1', '', 1),
('627', 'LTL', '2020-07-31', '11:08:59', '2020-08-16', '17:00:19', 'Self-enabling explicit attitude', '5', '', 0),
('628', 'take 44027', '2020-07-15', '13:36:49', '2020-07-18', '23:35:44', 'Re-contextualized interactive challenge', '4', '', 1),
('629', 'Knowledge Transfer', '2020-06-07', '11:14:46', '2020-06-11', '02:55:56', 'Phased value-added website', '2', '', 1),
('630', 'XOG', '2019-10-27', '19:09:04', '2019-11-12', '12:03:57', 'Universal bifurcated contingency', '2', 'Cikadu', 1),
('631', 'Meeting at Fisher LLC', '2020-10-02', '22:14:49', '2020-10-10', '07:12:37', 'Optional disintermediate attitude', '3', '', 0),
('632', 'Meet Boyle LLC', '2020-01-29', '16:35:04', '2020-02-19', '18:24:19', '', '4', 'Ungsang', 1),
('633', 'HDTV', '2020-06-25', '14:05:14', '2020-07-07', '12:53:26', 'Team-oriented analyzing installation', '2', '', 0),
('634', 'take 44056', '2020-08-13', '13:29:32', '2020-08-26', '01:42:27', 'De-engineered homogeneous implementation', '3', '', 0),
('635', 'PV Design', '2020-08-10', '08:22:16', '2020-09-02', '17:12:49', 'Customer-focused optimal success', '3', '', 1),
('636', 'XDCAM', '2020-09-08', '04:20:34', '2020-09-14', '15:34:24', 'Front-line multimedia open system', '3', '', 0),
('637', 'Meet Feil Inc', '2020-06-29', '17:26:31', '2020-07-24', '13:51:55', '', '4', 'Chiguirip', 1),
('638', 'FPC 1', '2020-09-17', '09:04:14', '2020-10-16', '23:42:14', 'Synergized transitional capability', '5', '', 0),
('639', 'SDA', '2020-02-12', '16:43:14', '2020-03-09', '00:01:49', '', '2', 'Koshigaya', 1),
('640', 'Meeting at Kassulke, Rolfson and Adams', '2019-11-28', '22:26:06', '2019-12-27', '02:37:16', 'Down-sized needs-based hardware', '2', '', 0),
('641', 'HEC-HMS', '2020-03-08', '17:48:17', '2020-03-31', '19:39:03', 'Ergonomic multi-state projection', '4', '', 0),
('642', 'IRS', '2020-07-28', '11:34:09', '2020-08-15', '11:07:50', '', '3', '', 0),
('643', 'Outside Sales', '2020-06-02', '08:02:02', '2020-06-25', '15:33:34', '', '2', '', 0),
('644', 'BIM', '2019-11-10', '13:47:43', '2019-11-16', '06:59:24', 'Decentralized user-facing productivity', '2', '', 1),
('645', 'MTTR', '2020-02-03', '20:35:26', '2020-02-03', '00:24:09', 'Advanced fresh-thinking emulation', '3', '', 1),
('646', 'Lotus Notes', '2020-05-22', '05:52:04', '2020-05-22', '13:43:03', 'Future-proofed grid-enabled installation', '2', '', 1),
('647', 'Chemistry', '2020-09-13', '19:40:04', '2020-09-20', '13:47:36', 'Persistent asynchronous local area network', '2', '', 0),
('648', 'Voice Over', '2020-05-17', '17:04:49', '2020-05-28', '01:59:07', 'User-friendly intermediate collaboration', '3', '', 0),
('649', 'Systems Analysis', '2020-06-09', '16:44:37', '2020-06-29', '08:39:32', 'Reactive exuding interface', '3', '', 1),
('650', 'Trend Analysis', '2020-02-23', '03:32:06', '2020-03-17', '11:01:54', '', '5', '', 0),
('651', 'Meeting with Williamson LLC', '2020-07-17', '03:13:04', '2020-07-19', '10:33:35', 'Profound disintermediate synergy', '5', '', 0),
('652', 'Akka', '2019-12-13', '00:36:13', '2019-12-15', '00:52:16', '', '1', '', 1),
('653', 'Meet Hahn, Kautzer and Dooley', '2020-04-06', '06:31:12', '2020-05-05', '14:30:43', 'Implemented mobile moratorium', '5', 'Ya?ferya', 1),
('654', 'FSC certified', '2019-12-15', '16:07:24', '2019-12-27', '03:16:44', 'Exclusive executive software', '1', '', 1),
('655', 'QS1', '2020-09-22', '20:59:31', '2020-10-17', '10:08:25', 'Reduced multimedia circuit', '0', '', 0),
('656', 'PotentiCras.xls', '2020-04-04', '17:42:37', '2020-04-15', '14:38:02', 'Profound bifurcated collaboration', '5', '', 1),
('657', 'Hagan', '2020-04-29', '02:21:31', '2020-05-22', '11:04:07', '', '2', '', 1),
('658', 'Sociis.mp3', '2020-04-25', '10:53:08', '2020-05-24', '14:24:51', 'Managed contextually-based superstructure', '5', '', 0),
('659', 'Security Operations', '2020-04-06', '02:27:33', '2020-04-15', '13:54:26', '', '5', '', 0),
('660', 'AAR', '2020-08-30', '02:40:51', '2020-09-22', '03:50:29', 'Devolved analyzing success', '2', '', 1),
('661', 'take 43812', '2019-12-13', '07:16:14', '2019-12-19', '12:38:53', 'Persevering human-resource portal', '0', '', 1),
('662', 'Term Life Insurance', '2020-07-14', '08:45:55', '2020-08-03', '14:16:11', 'Right-sized disintermediate structure', '5', 'Alemanguan', 0),
('663', 'Drewry', '2020-02-23', '04:30:22', '2020-03-22', '00:45:09', 'Multi-tiered uniform interface', '2', '', 0),
('664', 'Illustration', '2020-03-17', '10:26:37', '2020-03-24', '22:43:22', '', '5', 'Gal?fbshtadt', 1),
('665', 'OAS', '2020-07-06', '09:54:03', '2020-07-10', '23:03:25', 'Implemented tangible support', '1', '', 0),
('666', 'take 43905', '2020-03-15', '15:08:41', '2020-03-25', '13:19:04', 'Programmable maximized support', '4', '', 1),
('667', 'LoremIpsumDolor.avi', '2020-02-04', '18:09:49', '2020-02-12', '03:49:20', 'Focused multimedia access', '2', '', 1),
('668', 'NDIS', '2020-10-15', '14:55:17', '2020-10-29', '15:26:13', 'Phased even-keeled structure', '0', '', 0),
('669', 'take 43992', '2020-06-10', '11:31:20', '2020-06-12', '00:56:48', 'Networked needs-based hardware', '5', '', 1),
('670', 'Oracle Applications', '2020-06-03', '15:35:12', '2020-06-05', '17:19:14', 'Universal real-time middleware', '0', '', 1),
('671', 'GHP', '2020-08-13', '10:57:45', '2020-09-11', '06:47:00', 'Inverse static methodology', '0', '', 0),
('672', 'Watercolor', '2020-06-29', '09:41:16', '2020-07-11', '18:04:24', 'Extended leading edge frame', '5', '', 1),
('673', 'WWAN', '2020-06-10', '07:47:34', '2020-06-25', '14:19:33', 'User-centric asymmetric process improvement', '4', '', 1),
('674', 'Tubing', '2020-09-28', '11:01:05', '2020-10-07', '03:58:10', 'Synchronised explicit definition', '2', '', 1),
('675', 'Demand Generation', '2019-11-18', '19:49:41', '2019-11-30', '16:19:57', '', '2', '', 1),
('676', 'Augue.xls', '2020-10-21', '09:37:39', '2020-11-03', '04:42:45', '', '2', 'Varginha', 0),
('677', 'Xerox Printers', '2020-07-21', '02:22:47', '2020-08-15', '19:34:11', '', '2', '', 0),
('678', 'Meeting with Hammes-DuBuque', '2019-10-31', '08:59:03', '2019-11-22', '09:19:26', 'Customer-focused real-time utilisation', '0', '', 0),
('679', 'IP PBX', '2019-10-25', '07:27:13', '2019-10-31', '16:49:33', '', '1', '', 0),
('680', 'Kyphoplasty', '2020-05-03', '13:38:24', '2020-05-29', '11:31:07', '', '3', '', 1),
('681', 'Jive', '2019-12-09', '13:48:11', '2019-12-28', '13:38:59', 'Enhanced responsive hierarchy', '2', 'Penambangan', 1),
('682', 'Massa.avi', '2020-07-30', '13:08:49', '2020-08-18', '11:25:14', 'Focused maximized conglomeration', '4', '', 1),
('683', 'RTL Verification', '2020-06-25', '21:46:41', '2020-07-05', '08:54:57', 'Synergized tangible encryption', '0', '', 1),
('684', 'Hands-on Training', '2020-05-05', '23:11:04', '2020-06-02', '13:05:56', 'Multi-channelled asymmetric system engine', '1', 'Lujing Zhen', 0),
('685', 'Case Management', '2020-02-09', '15:53:56', '2020-02-12', '08:58:48', '', '2', '', 1),
('686', 'LAN Switching', '2019-12-17', '04:59:30', '2020-01-15', '08:21:08', 'Organized transitional software', '5', '', 1),
('687', 'Meeting at Goldner-Runolfsson', '2019-10-24', '18:09:52', '2019-11-22', '09:28:42', 'Robust actuating forecast', '2', 'Cachadinha', 1),
('688', 'Meet Will-Swift', '2020-07-13', '21:05:39', '2020-08-03', '01:24:06', 'Expanded eco-centric function', '2', '', 1),
('689', 'Augue.xls', '2019-12-27', '18:02:47', '2020-01-07', '01:22:30', 'Multi-lateral exuding extranet', '0', '', 0),
('690', 'take 43957', '2020-05-06', '12:01:38', '2020-05-20', '15:45:55', 'Realigned intermediate help-desk', '1', '', 0),
('691', 'take 43985', '2020-06-03', '21:24:56', '2020-06-28', '09:34:30', '', '2', '', 1),
('692', 'TLC', '2020-07-28', '00:26:46', '2020-08-11', '09:23:56', '', '0', '', 1),
('693', 'Iyengar Yoga', '2020-02-23', '13:03:08', '2020-02-24', '09:58:32', 'Team-oriented object-oriented matrices', '1', 'Togu', 1),
('694', 'CCVP', '2020-02-29', '12:30:49', '2020-03-15', '11:48:17', 'Reactive high-level initiative', '5', '', 1),
('695', 'South', '2020-09-08', '14:22:17', '2020-09-08', '18:04:18', '', '3', '', 1),
('696', 'Meet Oberbrunner Inc', '2019-11-05', '03:06:30', '2019-11-20', '04:14:36', '', '2', 'Cidolog', 0),
('697', 'BSI Tax Factory', '2020-03-16', '11:17:35', '2020-04-13', '11:41:10', 'User-friendly user-facing knowledge base', '5', 'Tubel', 1),
('698', 'UTRAN', '2020-04-24', '16:04:19', '2020-05-03', '04:46:26', 'Digitized zero defect product', '4', '', 0),
('699', 'take 44018', '2020-07-06', '17:08:21', '2020-07-28', '00:44:06', 'Stand-alone neutral framework', '0', '', 0),
('700', 'Experion PKS', '2020-10-01', '22:03:16', '2020-10-10', '04:51:29', 'Automated heuristic product', '5', '', 1),
('701', 'Social Media Outreach', '2020-04-12', '23:27:30', '2020-04-21', '12:43:22', '', '5', '', 1),
('702', 'John Wall', '2020-06-13', '05:33:22', '2020-06-29', '00:11:22', 'Customizable mobile success', '3', '', 0),
('703', 'Xactimate', '2020-01-16', '00:29:39', '2020-02-06', '01:54:34', 'Operative client-driven matrices', '2', '', 0),
('704', 'Meet Hoppe-Schaden', '2020-08-16', '05:01:34', '2020-09-06', '21:37:35', '', '3', '', 1),
('705', 'RSLinx', '2020-05-09', '21:29:15', '2020-05-25', '13:47:42', 'Balanced multi-tasking system engine', '4', '', 0),
('706', 'take 43865', '2020-02-04', '19:44:19', '2020-02-16', '11:34:12', '', '3', '', 1),
('707', 'OJEU', '2020-08-02', '00:40:41', '2020-08-20', '00:28:15', 'Vision-oriented zero defect emulation', '3', '', 0),
('708', 'Stephen', '2020-10-16', '06:42:23', '2020-10-25', '12:07:55', 'Assimilated real-time encoding', '1', 'Krajan Kidul Rojopolo', 1),
('709', 'SI', '2020-07-30', '03:13:23', '2020-08-15', '18:30:18', 'Open-architected dedicated model', '3', '', 1),
('710', 'IGRT', '2020-03-19', '06:30:25', '2020-03-28', '21:22:50', 'Pre-emptive client-driven installation', '3', 'Kao Liao', 1),
('711', 'IP Networking', '2020-06-08', '04:12:34', '2020-06-20', '11:08:18', '', '0', '', 1),
('712', 'Analytical Chemistry', '2020-02-11', '07:45:02', '2020-02-17', '18:31:31', 'Multi-layered interactive encoding', '2', 'Pare', 0),
('713', 'take 44033', '2020-07-21', '10:47:41', '2020-08-03', '13:40:21', 'Proactive fresh-thinking challenge', '1', '', 1),
('714', 'Meet Bruen, Bernier and Jones', '2020-03-24', '21:37:48', '2020-04-13', '16:15:55', 'User-friendly zero defect structure', '3', '', 1),
('715', 'Bay', '2020-02-24', '01:26:34', '2020-03-13', '02:56:08', 'Synergized coherent algorithm', '0', '', 0),
('716', 'Meeting at Schoen Group', '2020-08-13', '10:51:55', '2020-08-18', '10:21:28', 'Face to face human-resource portal', '1', 'Xinhua', 0),
('717', 'Fax', '2020-03-19', '17:25:01', '2020-03-24', '03:54:43', 'Polarised optimizing database', '5', '', 1),
('718', 'Meeting at Lind, Huels and Reilly', '2020-04-29', '10:18:31', '2020-05-05', '04:20:21', 'Exclusive responsive utilisation', '1', '', 0),
('719', 'Russell', '2020-02-12', '17:05:14', '2020-02-22', '12:36:18', 'Up-sized multi-tasking migration', '4', '', 1),
('720', 'ITIL v3 Foundations Certified', '2020-01-16', '13:36:57', '2020-01-31', '18:56:59', '', '2', '', 1),
('721', 'Publishing', '2019-12-14', '08:51:23', '2019-12-20', '05:24:34', '', '1', '', 1),
('722', 'Meeting with Senger LLC', '2020-07-29', '10:22:25', '2020-08-11', '18:34:46', 'Stand-alone object-oriented data-warehouse', '3', '', 1),
('723', 'Juniper JNCIA', '2020-08-29', '15:54:11', '2020-09-14', '10:30:14', 'Diverse human-resource attitude', '5', '', 0),
('724', 'IT Service Delivery', '2020-10-02', '12:47:50', '2020-10-20', '12:36:18', 'Right-sized neutral superstructure', '4', '', 0),
('725', 'take 43786', '2019-11-17', '16:06:16', '2019-12-11', '15:30:47', 'Versatile fresh-thinking process improvement', '4', 'Primero de Mayo', 1),
('726', 'Badeau', '2020-03-06', '04:28:03', '2020-03-25', '09:32:09', 'Programmable human-resource website', '2', '', 0),
('727', 'UE', '2020-09-14', '04:36:52', '2020-09-28', '17:28:45', 'Persevering 24 hour utilisation', '5', '', 1),
('728', 'Spenser', '2020-01-07', '14:05:32', '2020-01-17', '17:08:15', 'Multi-layered user-facing project', '4', '', 1),
('729', 'Klout', '2020-05-26', '21:21:39', '2020-06-11', '14:37:10', '', '3', 'Sao Roque', 1),
('730', 'Messerschmidt', '2020-06-21', '11:14:02', '2020-06-30', '13:05:14', 'Customizable static collaboration', '0', '', 0),
('731', 'Speech Writing', '2020-02-04', '08:54:35', '2020-03-04', '22:11:40', '', '4', '', 1),
('732', 'Pivot Tables', '2019-11-23', '12:32:22', '2019-11-26', '16:45:38', 'Proactive value-added process improvement', '3', '', 0),
('733', 'SGSN', '2020-08-12', '22:57:43', '2020-08-26', '06:22:37', 'Persevering global process improvement', '1', '', 0),
('734', 'LDAR', '2020-02-13', '06:37:04', '2020-03-07', '19:11:57', 'Focused 3rd generation knowledge base', '3', 'Golek', 0),
('735', 'Publishing', '2020-03-22', '10:43:21', '2020-04-02', '11:39:05', 'Focused discrete service-desk', '4', '', 1),
('736', 'Meet Keebler, Gaylord and Konopelski', '2020-07-15', '20:50:13', '2020-08-13', '13:24:18', 'Balanced mission-critical matrix', '2', '', 0),
('737', 'Estate Jewelry', '2020-03-25', '22:01:31', '2020-04-04', '17:44:19', 'Quality-focused multi-state Graphic Interface', '3', '', 0),
('738', 'Receptionist Duties', '2020-09-10', '16:14:10', '2020-09-25', '00:25:32', '', '1', '', 0),
('739', 'Rsync', '2020-10-15', '23:49:15', '2020-10-18', '23:08:38', 'Versatile user-facing orchestration', '4', 'Oslo', 1),
('740', 'SodalesScelerisque.ppt', '2020-04-15', '19:39:08', '2020-04-26', '09:23:23', 'Centralized optimal system engine', '4', 'Q?dirpur R?n', 1),
('741', 'Donec.avi', '2020-04-10', '13:20:59', '2020-05-06', '13:28:59', 'Re-contextualized dedicated product', '2', '', 1),
('742', 'Environmental Science', '2020-04-05', '00:17:18', '2020-05-03', '16:07:56', '', '0', '', 1),
('743', 'Management', '2020-09-10', '18:31:00', '2020-09-15', '03:25:45', 'Visionary object-oriented interface', '1', '', 0),
('744', 'RDI', '2020-09-05', '16:44:17', '2020-09-15', '05:36:29', 'Total 3rd generation infrastructure', '5', 'Rennes', 1),
('745', 'TBMCS', '2020-02-18', '12:55:07', '2020-02-21', '02:25:42', 'Future-proofed zero tolerance data-warehouse', '1', '', 1),
('746', 'Mergers &amp; Acquisitions', '2020-07-15', '17:01:00', '2020-07-27', '03:50:46', '', '4', '', 0),
('747', 'PPC', '2019-10-28', '15:49:56', '2019-11-04', '15:03:54', 'Fully-configurable cohesive definition', '3', '', 0),
('748', 'take 44052', '2020-08-09', '04:43:40', '2020-08-22', '18:09:43', '', '5', '', 1),
('749', 'take 43766', '2019-10-28', '12:25:16', '2019-11-13', '10:03:31', 'De-engineered interactive success', '0', 'Goshogawara', 1),
('750', 'Meeting at Ebert, Abbott and Bartoletti', '2019-11-04', '16:54:19', '2019-11-20', '22:42:26', 'Fully-configurable non-volatile frame', '1', '', 1),
('751', 'TurpisSedAnte.txt', '2020-08-26', '04:48:00', '2020-09-03', '17:39:53', 'Vision-oriented heuristic solution', '0', '', 0),
('752', 'Highways', '2019-10-30', '18:20:59', '2019-11-05', '01:36:30', 'User-friendly stable secured line', '5', '', 0),
('753', 'Grief Counseling', '2020-03-14', '22:09:27', '2020-04-02', '20:29:09', 'Reverse-engineered intermediate success', '0', '', 1),
('754', 'Ozone Therapy', '2020-02-09', '21:53:23', '2020-02-21', '15:38:19', 'Optimized hybrid alliance', '1', '', 1),
('755', 'HBV', '2019-12-15', '20:47:31', '2020-01-09', '06:53:08', 'Versatile reciprocal capacity', '3', '', 1),
('756', 'Oxidation', '2020-06-28', '01:53:08', '2020-07-12', '06:26:27', 'Streamlined scalable superstructure', '2', '', 0),
('757', 'DTR', '2019-12-11', '06:09:28', '2019-12-26', '11:40:17', 'Open-source secondary knowledge user', '4', '', 0),
('758', 'HBDI', '2020-07-05', '00:08:52', '2020-07-22', '15:59:23', 'Pre-emptive encompassing structure', '4', '', 0),
('759', 'CSAT', '2020-06-29', '23:11:55', '2020-07-11', '23:36:31', 'Fully-configurable upward-trending middleware', '1', '', 1),
('760', 'take 43805', '2019-12-06', '01:04:31', '2019-12-25', '18:44:30', 'Fundamental homogeneous structure', '4', '', 0),
('761', 'Health Economics', '2020-06-23', '08:13:13', '2020-07-20', '16:15:18', 'Pre-emptive full-range access', '3', '', 0),
('762', 'Meet Simonis Group', '2020-08-15', '22:41:36', '2020-09-09', '16:12:22', 'Customizable 5th generation database', '2', '', 0),
('763', 'HD Camera Operation', '2019-10-23', '18:52:44', '2019-10-23', '06:29:07', '', '2', 'Kut Chap', 1),
('764', 'Hollow Ridge', '2019-11-23', '07:01:21', '2019-12-16', '11:36:07', 'User-friendly intangible paradigm', '3', '', 1),
('765', 'RMDS', '2020-04-26', '15:19:33', '2020-05-13', '05:34:21', 'Multi-tiered solution-oriented focus group', '4', '', 1),
('766', 'OTN', '2020-10-07', '04:08:37', '2020-10-21', '17:41:15', 'Up-sized interactive project', '5', '', 1),
('767', 'DBI', '2020-01-20', '13:44:44', '2020-02-10', '05:04:28', 'Fundamental actuating middleware', '5', '', 0),
('768', 'Gina', '2020-03-26', '03:19:56', '2020-04-20', '05:14:00', 'Horizontal leading edge moratorium', '2', '', 1),
('769', 'Macpherson', '2020-10-13', '11:48:08', '2020-10-29', '18:05:05', 'Universal modular artificial intelligence', '1', '', 0),
('770', 'AMSI', '2020-02-18', '12:29:33', '2020-03-15', '05:13:42', 'Organic leading edge project', '1', '', 1),
('771', 'InfoComm CTS', '2019-11-15', '15:59:44', '2019-12-02', '20:32:03', 'Mandatory zero administration ability', '4', '', 1),
('772', 'Commercial Photography', '2020-01-12', '00:27:02', '2020-02-04', '23:53:00', 'Realigned uniform protocol', '4', 'Levashi', 0),
('773', 'Meet White, Strosin and Ratke', '2020-03-20', '04:11:47', '2020-04-01', '11:41:15', 'Customizable client-server adapter', '3', '', 1),
('774', 'Lymphatic Drainage', '2019-11-15', '08:10:12', '2019-12-06', '06:29:39', 'Multi-tiered systematic system engine', '1', '', 1),
('775', 'SFX', '2020-02-22', '22:18:07', '2020-03-19', '04:27:06', 'Open-source maximized frame', '2', '', 1),
('776', 'UIM', '2020-08-10', '17:16:33', '2020-08-23', '00:48:04', '', '2', 'Alvaro Obregon', 0),
('777', 'Meeting with Kiehn-Schinner', '2020-02-29', '11:28:52', '2020-03-04', '18:10:19', 'Profit-focused bi-directional internet solution', '4', '', 0),
('778', 'Lesson Planning', '2020-03-27', '09:20:52', '2020-04-19', '05:04:14', '', '3', '', 1),
('779', 'DDoS', '2020-08-28', '04:56:28', '2020-08-29', '06:24:21', 'Switchable fault-tolerant ability', '4', '', 1),
('780', 'Morbi.ppt', '2020-07-01', '22:43:46', '2020-07-19', '12:14:46', 'Fully-configurable foreground matrices', '5', '', 1),
('781', 'FBCB2', '2020-02-09', '04:26:00', '2020-03-03', '23:57:55', 'Decentralized zero defect analyzer', '2', '', 1),
('782', 'CVIS', '2020-06-30', '02:58:33', '2020-07-22', '01:52:56', 'Pre-emptive methodical matrix', '0', '', 0),
('783', 'Aerohive', '2020-07-24', '18:58:42', '2020-08-20', '08:40:31', 'Upgradable leading edge analyzer', '0', '', 1),
('784', 'LyX', '2020-01-27', '20:52:44', '2020-02-05', '10:34:05', 'Operative asymmetric access', '5', 'Ganjun', 0),
('785', 'RED MX', '2019-12-12', '17:01:43', '2019-12-26', '21:18:28', 'Optimized cohesive encoding', '1', '', 0),
('786', 'Meet Schmeler, Collier and Heaney', '2020-07-09', '04:43:37', '2020-07-27', '16:47:22', '', '0', '', 0),
('787', 'CBCP', '2020-06-27', '10:23:04', '2020-07-18', '12:42:22', 'Diverse motivating forecast', '5', 'Mibu', 1),
('788', 'take 44080', '2020-09-06', '07:54:15', '2020-09-24', '06:00:02', 'Right-sized content-based complexity', '5', '', 1),
('789', 'Be Your Own Boss', '2020-03-24', '12:01:08', '2020-04-20', '02:20:59', 'User-centric dynamic task-force', '0', 'Mekarsari', 1),
('790', 'take 43981', '2020-05-30', '06:34:07', '2020-06-21', '11:05:13', 'Optional disintermediate encryption', '5', '', 1),
('791', 'Reindahl', '2020-07-13', '11:45:07', '2020-08-01', '20:33:53', 'Customizable asynchronous interface', '0', '', 1),
('792', 'PgSQL', '2020-02-06', '16:41:40', '2020-03-06', '01:44:24', 'Programmable mobile structure', '4', '', 0),
('793', 'MLOAD', '2020-05-23', '21:51:37', '2020-05-30', '17:33:05', 'Fully-configurable interactive customer loyalty', '4', '', 0),
('794', 'DNV', '2020-01-21', '09:31:55', '2020-02-09', '18:21:16', 'Focused methodical protocol', '4', '', 1),
('795', 'JBoss EAP', '2020-05-20', '08:41:37', '2020-05-27', '18:29:53', 'Profit-focused static moratorium', '4', 'Zouerat', 0),
('796', 'Agile Testing', '2020-05-06', '13:30:47', '2020-05-25', '17:14:06', 'Cross-platform optimal structure', '2', 'Heba', 0),
('797', 'CDPE Designation', '2020-09-08', '07:17:44', '2020-09-23', '22:32:21', 'Persevering static synergy', '3', '', 1),
('798', 'Dovetail', '2020-02-19', '14:03:55', '2020-03-06', '04:29:11', '', '3', '', 1),
('799', 'OMNI', '2020-04-12', '06:30:14', '2020-04-22', '21:49:13', 'Distributed zero tolerance database', '5', '', 0),
('800', 'RFID Applications', '2020-03-18', '19:12:41', '2020-03-18', '15:43:32', 'Multi-lateral maximized contingency', '0', '', 0),
('801', 'take 43953', '2020-05-02', '15:23:04', '2020-05-19', '10:07:59', 'Object-based multi-state paradigm', '5', 'Xinjie', 0),
('802', 'Holmberg', '2020-04-24', '18:46:43', '2020-05-06', '16:15:10', 'Re-engineered global concept', '1', '', 0),
('803', 'Carioca', '2019-11-29', '01:26:01', '2019-12-11', '10:01:18', 'Team-oriented 5th generation neural-net', '4', 'Jardoeira', 1),
('804', 'GPGPU', '2020-07-23', '15:46:19', '2020-08-09', '15:24:18', 'User-centric cohesive adapter', '1', '', 1),
('805', 'Paget', '2020-07-23', '11:35:32', '2020-08-05', '15:57:13', 'Fundamental content-based superstructure', '2', '', 0),
('806', 'Meeting with Windler-Kuvalis', '2020-02-25', '05:37:45', '2020-03-17', '02:01:15', '', '3', '', 1),
('807', 'MVS', '2020-09-28', '09:36:50', '2020-10-04', '06:52:59', 'Persevering multi-tasking productivity', '0', 'Banjar Delodrurung', 0),
('808', 'take 44007', '2020-06-25', '15:26:05', '2020-07-06', '02:32:03', 'Managed exuding archive', '3', 'Padhahegha', 1),
('809', 'CVS', '2020-02-25', '08:43:02', '2020-03-13', '08:41:58', 'Integrated solution-oriented encoding', '1', 'Kosaya Gora', 1),
('810', 'Research', '2020-01-16', '20:09:37', '2020-02-09', '22:34:52', '', '1', '', 0),
('811', 'DC Power', '2020-07-11', '19:59:35', '2020-08-02', '01:58:51', 'Open-source homogeneous paradigm', '0', '', 0),
('812', 'FBD', '2020-04-10', '05:28:11', '2020-04-28', '06:18:26', 'Synchronised regional orchestration', '4', '', 1),
('813', 'NamCongueRisus.ppt', '2020-08-10', '14:39:04', '2020-08-17', '21:36:17', 'Implemented directional time-frame', '3', '', 0),
('814', 'Engineering', '2020-07-28', '15:48:54', '2020-07-30', '13:27:16', 'Realigned solution-oriented local area network', '0', '', 1),
('815', 'Aerospace Medicine', '2020-10-15', '00:41:17', '2020-11-10', '14:41:41', 'Cross-group modular synergy', '4', 'Bern', 1),
('816', 'Kim', '2019-11-08', '18:34:18', '2019-11-30', '22:37:40', 'Exclusive incremental monitoring', '1', 'Ciputih', 0),
('817', 'Summerview', '2019-12-06', '18:46:42', '2019-12-16', '12:50:48', 'Automated well-modulated analyzer', '3', '', 0),
('818', 'Fashion GPS', '2020-01-07', '23:47:35', '2020-01-10', '15:36:44', '', '2', 'Quisao', 1),
('819', 'High Availability', '2019-10-31', '06:38:39', '2019-11-03', '02:56:25', 'Down-sized didactic budgetary management', '1', 'Ustrzyki Dolne', 1),
('820', 'LGBT Rights', '2020-03-11', '13:22:30', '2020-03-12', '20:49:00', 'Vision-oriented multi-tasking workforce', '1', 'Zhiqing Songduo', 0),
('821', 'take 43767', '2019-10-29', '21:04:15', '2019-11-17', '16:14:17', 'Managed zero defect extranet', '0', '', 0),
('822', 'take 43968', '2020-05-17', '18:23:16', '2020-05-25', '06:53:49', 'Visionary explicit benchmark', '3', '', 0),
('823', 'VSD', '2020-03-29', '22:29:42', '2020-04-07', '14:42:00', 'Intuitive logistical extranet', '5', '', 0),
('824', 'SFR', '2020-01-26', '11:38:48', '2020-02-04', '13:25:13', 'Configurable intermediate archive', '1', '', 0),
('825', 'take 43962', '2020-05-11', '19:19:41', '2020-06-05', '00:51:52', 'Proactive homogeneous open architecture', '5', '', 1),
('826', 'Nokia Qt', '2020-10-03', '15:10:02', '2020-10-29', '05:41:34', 'Customizable multi-tasking capability', '5', 'Yamaranguila', 1),
('827', 'MCSD', '2020-02-09', '19:51:28', '2020-03-04', '10:28:43', 'Intuitive impactful projection', '0', '', 0),
('828', 'ErosVestibulumAc.ppt', '2020-05-11', '10:18:32', '2020-05-11', '11:49:54', 'Devolved 5th generation task-force', '5', 'Antanifotsy', 0),
('829', 'Eastern Europe', '2020-10-03', '19:22:38', '2020-10-21', '15:33:41', 'Re-engineered object-oriented toolset', '1', 'Cedar Rapids', 0),
('830', '4th', '2020-03-26', '10:36:56', '2020-04-05', '04:46:34', 'User-centric 24/7 website', '2', '', 0),
('831', 'TNS', '2020-04-14', '12:56:05', '2020-05-01', '02:39:41', 'Persevering real-time infrastructure', '0', '', 1),
('832', 'WFS', '2019-10-24', '12:25:59', '2019-11-19', '10:04:59', '', '5', '', 0),
('833', 'take 44103', '2020-09-29', '03:32:41', '2020-10-05', '04:47:13', '', '5', '', 1),
('834', 'take 44075', '2020-09-01', '22:13:45', '2020-09-18', '04:33:39', 'Future-proofed mobile strategy', '5', '', 1),
('835', 'Vulnerability Assessment', '2019-11-05', '12:51:43', '2019-11-12', '20:18:26', 'Realigned global solution', '0', '', 1),
('836', 'take 43931', '2020-04-10', '20:04:52', '2020-04-24', '10:40:48', 'Cross-group human-resource algorithm', '4', '', 1),
('837', 'HabitassePlatea.xls', '2020-08-04', '20:03:59', '2020-09-01', '20:42:42', '', '4', '', 1),
('838', 'iOS Design', '2019-12-10', '19:52:24', '2019-12-11', '19:43:32', 'Optional static data-warehouse', '1', '', 0);
INSERT INTO `task` (`taskID`, `task_name`, `date_created`, `time_created`, `due_date`, `due_time`, `description`, `priority`, `location`, `completed`) VALUES
('839', 'Boilers', '2020-07-07', '11:08:53', '2020-07-16', '12:12:04', 'Phased explicit structure', '4', '', 1),
('840', 'Qbasic', '2020-08-11', '20:21:27', '2020-09-08', '06:35:21', '', '4', 'Ashikaga', 0),
('841', 'FWSM', '2019-12-13', '04:50:56', '2020-01-04', '07:01:19', 'Vision-oriented multimedia attitude', '2', '', 1),
('842', 'Proin.mp3', '2019-12-25', '19:34:01', '2019-12-25', '19:43:02', 'Automated fault-tolerant capacity', '5', '', 0),
('843', 'SAP BI', '2020-03-28', '14:38:44', '2020-04-19', '05:53:21', '', '0', '', 0),
('844', 'Defect Life Cycle', '2020-10-21', '21:23:27', '2020-10-26', '10:17:03', 'Future-proofed 5th generation Graphic Interface', '4', 'Selkirk', 1),
('845', 'take 43938', '2020-04-17', '05:00:08', '2020-05-14', '02:29:17', 'De-engineered needs-based array', '2', '', 0),
('846', 'Cd', '2019-10-25', '16:47:01', '2019-11-05', '01:49:38', 'Synchronised client-server leverage', '0', '', 1),
('847', 'XSI', '2020-07-06', '19:17:18', '2020-07-06', '09:20:22', 'Right-sized fault-tolerant Graphic Interface', '4', '', 1),
('848', 'Meeting at Rolfson-Lindgren', '2020-05-24', '12:50:58', '2020-05-25', '07:56:25', 'Open-source tangible internet solution', '4', '', 1),
('849', 'Kickstart', '2019-10-31', '09:56:50', '2019-11-08', '03:05:03', 'Focused homogeneous capacity', '0', 'Podd?bice', 1),
('850', 'HR Software', '2020-07-14', '13:09:50', '2020-07-14', '05:04:50', '', '5', '', 0),
('851', 'eHealth', '2020-08-02', '02:06:31', '2020-08-14', '06:52:30', 'Open-architected foreground complexity', '2', '', 1),
('852', 'Event Production', '2020-06-25', '00:45:19', '2020-07-17', '13:50:36', 'Monitored high-level project', '5', '', 1),
('853', 'Seismic Attributes', '2020-05-08', '23:36:41', '2020-06-06', '01:47:58', '', '0', '', 0),
('854', 'Nursing Process', '2020-10-15', '20:29:24', '2020-11-07', '23:49:03', 'Proactive 3rd generation circuit', '5', '', 1),
('855', 'Magdeline', '2019-11-04', '22:40:04', '2019-11-17', '04:46:20', 'Adaptive bifurcated system engine', '2', 'Ambohitrolomahitsy', 1),
('856', 'XPages', '2020-03-08', '06:47:25', '2020-03-20', '12:15:02', 'Optional bottom-line secured line', '0', 'Karjalohja', 0),
('857', 'TMX', '2020-04-18', '12:50:42', '2020-05-05', '11:00:47', 'Extended background implementation', '4', '', 0),
('858', 'UMTS', '2020-04-25', '20:53:19', '2020-05-05', '04:02:20', 'Organic multi-tasking model', '2', '', 1),
('859', 'Olefins', '2020-06-06', '19:33:31', '2020-06-29', '02:51:17', 'Enhanced hybrid standardization', '2', '', 1),
('860', 'JBuilder', '2020-05-25', '11:52:23', '2020-06-17', '18:42:22', 'Intuitive object-oriented intranet', '1', '', 1),
('861', 'Phase II Environmental Site Assessments', '2020-02-06', '17:21:38', '2020-03-04', '09:09:18', 'Versatile disintermediate application', '3', 'Loakulu', 0),
('862', 'MPower', '2020-01-27', '16:50:04', '2020-02-10', '11:00:11', 'Multi-lateral 24/7 encryption', '4', 'Baing', 0),
('863', 'GSA Contracting', '2020-05-16', '17:28:34', '2020-06-03', '12:33:27', 'Up-sized bifurcated function', '2', 'Przybyszowka', 0),
('864', 'LTE', '2020-01-06', '22:45:11', '2020-01-28', '10:25:24', '', '0', 'Zahorovice', 1),
('865', 'Pyrography', '2020-01-26', '16:50:02', '2020-02-11', '18:38:42', 'Sharable homogeneous flexibility', '5', '', 1),
('866', 'Social Media', '2019-11-26', '04:43:02', '2019-12-25', '06:01:53', 'Centralized homogeneous knowledge user', '2', 'Macaiba', 0),
('867', 'Meet Frami, McClure and MacGyver', '2020-06-04', '07:44:01', '2020-06-20', '23:45:02', 'Switchable next generation local area network', '2', 'Altay', 1),
('868', 'HTML Help Workshop', '2020-04-09', '23:17:51', '2020-04-14', '11:37:48', '', '1', 'Dengmingsi', 1),
('869', 'Thought Leadership', '2020-02-19', '09:11:45', '2020-02-22', '08:47:09', 'Phased methodical groupware', '3', '', 1),
('870', 'Trimble GPS', '2020-07-12', '21:43:25', '2020-07-27', '18:01:34', 'Enhanced 5th generation solution', '5', '', 0),
('871', 'Ignite-UX', '2020-05-14', '18:49:44', '2020-06-09', '10:01:23', 'Object-based national parallelism', '0', '', 0),
('872', 'Algoma', '2020-09-15', '12:45:54', '2020-10-02', '18:00:07', 'Reduced composite Graphical User Interface', '3', '', 0),
('873', 'take 44062', '2020-08-19', '01:46:30', '2020-08-28', '05:53:02', 'Cross-group well-modulated methodology', '1', '', 0),
('874', 'BPWin', '2020-02-10', '19:42:19', '2020-02-10', '09:48:54', 'Compatible directional core', '4', 'Vitry-sur-Seine', 0),
('875', 'Node.js', '2020-09-02', '01:33:48', '2020-09-10', '08:32:52', 'Persevering coherent hierarchy', '1', '', 0),
('876', 'Meeting at Thompson Inc', '2019-12-12', '15:39:27', '2020-01-02', '03:11:19', 'Automated regional data-warehouse', '2', 'Th?kurgaon', 0),
('877', 'VestibulumAnteIpsum.xls', '2020-08-05', '11:24:08', '2020-09-01', '22:47:30', 'Vision-oriented bandwidth-monitored frame', '0', '', 0),
('878', 'Meet Dooley and Sons', '2020-08-15', '03:12:32', '2020-09-04', '08:55:24', 'Assimilated multi-tasking intranet', '5', '', 1),
('879', 'IUI', '2020-08-02', '04:48:31', '2020-08-27', '09:42:44', 'Total cohesive instruction set', '4', '', 1),
('880', 'take 44059', '2020-08-16', '15:10:42', '2020-08-21', '23:38:19', 'User-centric object-oriented budgetary management', '0', 'Bang Kruai', 1),
('881', 'RPG III', '2020-08-20', '13:24:54', '2020-09-01', '01:39:02', 'Digitized bifurcated approach', '3', '', 1),
('882', 'Sybase IQ', '2019-11-10', '09:46:40', '2019-11-18', '10:32:59', 'Synergistic zero tolerance complexity', '1', 'Yilan', 0),
('883', 'Kropf', '2020-08-16', '19:28:07', '2020-08-19', '15:49:37', '', '2', '', 1),
('884', 'Meeting at Franecki, Spencer and Schuster', '2020-02-17', '20:28:16', '2020-02-19', '17:45:38', 'Configurable hybrid success', '1', '', 1),
('885', 'JBPM', '2019-10-27', '00:47:51', '2019-11-10', '12:38:31', 'Object-based well-modulated access', '2', 'Tulsa', 0),
('886', 'PMBOK', '2020-07-20', '17:27:33', '2020-07-29', '21:19:41', 'Organized transitional attitude', '0', '', 0),
('887', 'take 43811', '2019-12-12', '10:05:09', '2019-12-21', '03:28:22', '', '0', 'Gapluk', 0),
('888', 'NullamMolestieNibh.xls', '2020-05-19', '18:07:18', '2020-06-03', '06:35:28', '', '4', 'Jinhe', 1),
('889', 'Vulnerability Scanning', '2020-03-29', '23:17:03', '2020-04-11', '09:06:25', '', '5', '', 1),
('890', 'CPFR', '2020-06-09', '06:48:17', '2020-06-16', '19:55:45', 'Grass-roots even-keeled installation', '3', 'Kabul', 1),
('891', 'Meeting with Powlowski, Bogisich and Smitham', '2019-11-17', '12:11:03', '2019-11-18', '02:00:17', 'Sharable directional array', '3', '', 0),
('892', 'Lunix', '2020-05-17', '07:52:53', '2020-06-14', '14:48:03', '', '4', '', 0),
('893', 'LTV', '2020-05-24', '23:00:07', '2020-06-20', '22:21:17', 'Exclusive explicit parallelism', '1', 'Binjai', 1),
('894', 'DNA fingerprinting', '2020-09-03', '10:44:17', '2020-09-03', '07:34:02', 'Face to face leading edge data-warehouse', '1', 'Mercedes', 1),
('895', 'Hand-drawn Typography', '2020-08-06', '02:27:34', '2020-08-19', '10:03:23', 'Reactive interactive concept', '2', 'Yongdong', 0),
('896', 'take 43844', '2020-01-14', '22:20:35', '2020-01-21', '22:15:53', 'Assimilated multimedia analyzer', '3', '', 0),
('897', 'EgetTempusVel.mp3', '2020-03-05', '19:04:01', '2020-03-08', '08:58:36', '', '0', '', 0),
('898', 'DTS', '2020-01-03', '17:42:58', '2020-01-11', '23:55:17', '', '2', 'Huayllabamba', 0),
('899', 'Mcguire', '2020-05-27', '00:03:31', '2020-05-30', '13:47:50', 'Versatile intangible adapter', '1', '', 1),
('900', 'NX-OS', '2020-01-27', '08:46:51', '2020-02-04', '12:09:59', 'Fundamental bandwidth-monitored adapter', '5', '', 1),
('901', 'RF Planning', '2019-11-27', '12:39:56', '2019-12-04', '06:14:39', 'Visionary upward-trending encryption', '3', '', 1),
('902', 'Oil Paint', '2020-04-14', '18:45:59', '2020-04-30', '02:54:18', 'Synergistic multi-tasking system engine', '0', 'Borucin', 1),
('903', 'MC2', '2020-05-21', '08:28:08', '2020-06-09', '08:00:08', '', '1', '', 1),
('904', 'Mendota', '2020-09-21', '08:42:04', '2020-09-24', '03:27:11', 'Expanded zero tolerance help-desk', '1', 'Proger', 0),
('905', 'take 43902', '2020-03-12', '17:35:23', '2020-04-02', '11:26:10', 'Automated client-server success', '0', '', 1),
('906', 'take 43853', '2020-01-23', '02:58:26', '2020-02-16', '14:45:58', 'Configurable 24 hour encryption', '4', 'Tizguine', 0),
('907', 'Microsoft MVP', '2020-06-14', '23:11:09', '2020-07-02', '11:04:48', 'Re-contextualized client-driven website', '0', 'Fengtang', 0),
('908', 'VST', '2020-05-09', '10:11:05', '2020-06-03', '15:41:18', 'Managed client-server info-mediaries', '0', '', 0),
('909', 'Ableton Live', '2019-11-13', '03:34:46', '2019-11-15', '16:36:25', '', '4', 'Lidkoping', 0),
('910', 'EASA', '2019-12-29', '03:24:04', '2020-01-05', '02:32:23', 'Open-source hybrid workforce', '4', 'Hongguang', 0),
('911', 'Customs Regulations', '2019-11-21', '18:49:30', '2019-12-04', '08:43:39', 'Team-oriented national budgetary management', '0', '', 0),
('912', 'Meet Hermann, Leffler and Welch', '2020-06-22', '17:38:24', '2020-07-08', '19:57:42', 'Intuitive actuating pricing structure', '3', '', 1),
('913', 'CBEST', '2020-01-31', '10:26:16', '2020-02-08', '14:09:08', 'Team-oriented zero administration infrastructure', '2', 'Umea', 0),
('914', 'Meeting with VonRueden-Rau', '2020-10-06', '13:44:30', '2020-10-17', '06:12:12', '', '1', '', 0),
('915', 'SRT', '2020-06-03', '02:40:51', '2020-06-05', '09:33:11', 'Programmable modular open system', '3', 'Shishang', 0),
('916', 'Judy', '2019-11-17', '21:20:24', '2019-12-10', '13:30:43', 'Networked eco-centric framework', '4', '', 0),
('917', 'take 44046', '2020-08-03', '18:19:32', '2020-08-27', '01:28:27', 'Customizable real-time standardization', '2', '', 1),
('918', 'GSA Contracting', '2020-02-10', '00:13:01', '2020-02-24', '00:03:54', 'Exclusive coherent installation', '1', '', 0),
('919', 'Glassfish', '2020-09-13', '12:59:10', '2020-10-06', '18:42:17', 'De-engineered actuating archive', '2', '', 0),
('920', 'Meet Kerluke Inc', '2019-11-02', '15:15:53', '2019-11-22', '11:04:04', 'Profit-focused logistical orchestration', '1', '', 0),
('921', 'HFC', '2020-03-29', '10:26:51', '2020-04-07', '01:28:35', 'Inverse human-resource archive', '0', '', 0),
('922', 'Testing Types', '2020-01-28', '10:14:09', '2020-01-28', '08:42:21', '', '1', '', 1),
('923', 'Special Effects Makeup', '2020-08-26', '12:16:35', '2020-09-06', '19:53:53', 'Robust impactful extranet', '4', '', 1),
('924', 'Tortoise CVS', '2019-12-27', '00:34:38', '2020-01-14', '11:51:50', 'Seamless coherent open system', '3', '', 1),
('925', 'CQ', '2020-04-08', '02:17:08', '2020-04-30', '04:36:56', '', '4', '', 1),
('926', 'Enim.ppt', '2020-07-17', '22:48:16', '2020-07-29', '17:06:09', '', '2', '', 1),
('927', 'Meeting at Windler-Bartoletti', '2020-02-24', '02:40:33', '2020-03-05', '13:50:25', '', '4', '', 0),
('928', 'CRM', '2020-07-21', '03:31:15', '2020-08-07', '04:54:23', '', '5', '', 1),
('929', 'Meet O\'Keefe Group', '2020-06-13', '21:38:25', '2020-06-14', '20:00:32', 'Devolved foreground project', '3', 'El Porvenir', 0),
('930', 'Early Childhood Development', '2020-07-12', '18:46:46', '2020-07-30', '05:57:00', '', '5', '', 1),
('931', '21 CFR', '2020-08-28', '02:55:53', '2020-09-08', '12:11:05', 'Self-enabling logistical projection', '5', '', 1),
('932', 'Rusk', '2020-02-25', '06:58:28', '2020-03-03', '23:53:03', 'Enhanced coherent hierarchy', '0', '', 1),
('933', 'Brand Development', '2020-01-22', '23:50:06', '2020-02-16', '00:09:09', 'Persistent 3rd generation array', '0', '', 1),
('934', 'Twitter Marketing', '2020-08-21', '16:11:21', '2020-09-01', '13:58:19', 'Front-line directional project', '0', '', 1),
('935', 'Meet Aufderhar LLC', '2020-06-27', '16:33:26', '2020-07-16', '22:19:34', 'Future-proofed 5th generation support', '1', '', 0),
('936', 'take 43788', '2019-11-19', '19:53:40', '2019-12-06', '03:07:18', '', '2', '', 1),
('937', 'take 44120', '2020-10-16', '21:03:48', '2020-11-13', '06:26:29', 'Horizontal analyzing flexibility', '1', '', 1),
('938', 'Meet Hamill, Barton and Gislason', '2020-07-21', '07:36:10', '2020-08-02', '01:27:02', 'Customizable intermediate capacity', '2', 'Itaugua', 1),
('939', 'Loftsgordon', '2019-12-09', '02:20:56', '2019-12-31', '11:29:20', 'Ergonomic incremental artificial intelligence', '4', '', 1),
('940', 'TLM', '2020-01-23', '01:14:54', '2020-02-18', '10:38:20', 'Total hybrid framework', '5', 'Farsta', 0),
('941', 'Meeting at Hayes-Prosacco', '2019-11-15', '18:21:13', '2019-12-11', '19:15:41', 'Distributed encompassing support', '3', '', 0),
('942', 'Smarty', '2020-05-19', '08:01:42', '2020-06-06', '16:14:27', 'Customer-focused fresh-thinking implementation', '1', '', 0),
('943', 'Heffernan', '2020-02-17', '10:43:49', '2020-03-13', '05:18:49', 'Streamlined zero tolerance monitoring', '0', '', 0),
('944', 'Dayton', '2020-05-26', '13:33:29', '2020-06-04', '22:56:55', 'Progressive leading edge strategy', '2', '', 0),
('945', 'Start-ups', '2020-06-12', '08:37:38', '2020-06-15', '04:02:09', 'Assimilated asymmetric website', '3', '', 0),
('946', 'Myofascial Release', '2020-03-11', '05:12:28', '2020-04-07', '08:44:06', 'Persistent systematic circuit', '2', '', 1),
('947', 'Bridge', '2020-09-02', '18:36:45', '2020-09-16', '07:40:26', 'Proactive non-volatile capacity', '0', '', 0),
('948', 'HMRC enquiries', '2020-03-27', '15:21:33', '2020-04-24', '03:58:42', 'Future-proofed background secured line', '5', '', 0),
('949', 'Classroom Management', '2020-04-10', '20:25:56', '2020-04-29', '02:43:31', 'Managed value-added implementation', '5', '', 0),
('950', 'MDI', '2020-02-28', '08:47:26', '2020-03-15', '17:44:08', 'Function-based bandwidth-monitored structure', '2', '', 1),
('951', 'Pharetra.doc', '2020-02-26', '04:53:29', '2020-02-29', '00:57:36', '', '4', '', 1),
('952', 'Hiring', '2020-02-18', '23:58:09', '2020-02-23', '08:40:56', 'Programmable high-level solution', '5', 'Kapitanivka', 0),
('953', 'Natural Resource Management', '2020-08-20', '12:59:44', '2020-09-04', '12:29:23', 'Synergized value-added secured line', '3', 'Las Vegas', 1),
('954', 'Bonner', '2020-08-14', '23:25:05', '2020-09-08', '19:45:17', 'Cross-group asymmetric standardization', '1', '', 0),
('955', 'Working Abroad', '2019-12-30', '18:53:02', '2020-01-21', '23:47:25', 'Enterprise-wide even-keeled firmware', '5', '', 1),
('956', 'Saint Paul', '2020-06-19', '17:42:08', '2020-07-16', '00:19:54', 'Multi-channelled intangible knowledge base', '0', '', 1),
('957', 'NecDui.ppt', '2020-02-21', '22:41:38', '2020-03-19', '13:15:47', 'Polarised 24/7 knowledge base', '1', '', 0),
('958', 'Meeting with Reilly-Hahn', '2020-06-17', '23:39:23', '2020-06-30', '11:15:34', 'Integrated systematic success', '1', '', 1),
('959', 'Meeting with Murphy Inc', '2019-11-02', '13:59:13', '2019-11-04', '06:05:32', 'Innovative zero administration success', '4', 'Sabinopolis', 0),
('960', 'HBA', '2020-05-02', '08:15:18', '2020-05-23', '07:46:10', '', '2', '', 0),
('961', 'LiberoQuis.avi', '2020-06-19', '02:22:50', '2020-07-02', '15:22:28', 'Quality-focused 3rd generation pricing structure', '1', '', 1),
('962', 'Career Counseling', '2020-01-28', '15:30:39', '2020-02-03', '05:51:50', 'Down-sized homogeneous frame', '1', '', 1),
('963', 'Historical Research', '2020-01-15', '16:41:48', '2020-01-23', '09:54:00', 'Organized methodical application', '5', '', 1),
('964', 'HMI Configuration', '2020-04-13', '01:45:05', '2020-05-05', '18:51:10', 'Open-source disintermediate groupware', '4', '', 0),
('965', 'Meeting at Dach-Franecki', '2020-05-27', '13:44:41', '2020-06-03', '20:04:34', 'Face to face 6th generation leverage', '2', 'Wawa', 0),
('966', 'Corporate Real Estate', '2019-11-14', '10:23:36', '2019-12-11', '05:27:29', 'Pre-emptive regional challenge', '4', '', 1),
('967', 'Delaware', '2020-08-14', '03:05:09', '2020-08-14', '22:10:03', 'Up-sized demand-driven product', '4', 'Wotsogo', 0),
('968', 'PIX', '2020-04-13', '22:49:59', '2020-04-15', '03:22:06', 'Distributed tangible groupware', '1', '', 0),
('969', 'Melby', '2019-12-31', '00:57:12', '2020-01-25', '23:20:43', 'Customizable foreground firmware', '1', '', 0),
('970', 'BPCS', '2019-11-09', '12:36:12', '2019-11-17', '09:56:32', 'Devolved executive parallelism', '0', '', 1),
('971', 'Power Electronics', '2020-09-24', '09:12:47', '2020-10-04', '15:06:30', 'Ergonomic maximized capacity', '1', '', 0),
('972', 'Meeting at O\'Hara Inc', '2020-03-09', '18:49:05', '2020-03-26', '17:17:13', 'Open-architected didactic benchmark', '1', '', 0),
('973', 'Neque.ppt', '2020-08-27', '12:03:26', '2020-09-15', '10:08:39', 'Reverse-engineered background collaboration', '2', 'Sucre', 1),
('974', 'USB', '2020-01-12', '13:12:56', '2020-01-30', '00:18:05', '', '5', '', 0),
('975', 'MPLAB', '2020-05-24', '21:44:44', '2020-06-11', '14:24:16', 'Up-sized full-range system engine', '1', '', 1),
('976', 'Class III Medical Devices', '2020-05-05', '10:33:02', '2020-05-12', '00:18:03', 'Intuitive static matrix', '3', '', 0),
('977', 'Meet Murphy, Lueilwitz and Kunde', '2019-12-25', '21:44:55', '2020-01-23', '11:34:19', 'Cloned directional leverage', '5', '', 1),
('978', 'Medication Therapy Management', '2020-01-29', '22:00:25', '2020-01-30', '19:28:25', 'Monitored disintermediate info-mediaries', '2', '', 0),
('979', 'FBA', '2020-04-18', '00:30:22', '2020-05-12', '08:21:44', 'Profound content-based conglomeration', '1', '', 0),
('980', 'SQL*Plus', '2020-04-19', '10:32:24', '2020-05-13', '10:53:55', 'Inverse dynamic focus group', '5', '', 1),
('981', 'take 44022', '2020-07-10', '23:17:36', '2020-07-11', '22:13:09', 'Up-sized maximized adapter', '2', '', 1),
('982', 'take 43872', '2020-02-11', '22:43:55', '2020-02-16', '02:46:38', 'Down-sized actuating website', '3', '', 0),
('983', 'Meeting with Gottlieb LLC', '2020-04-27', '06:31:52', '2020-05-09', '16:58:44', 'Function-based fault-tolerant collaboration', '4', '', 1),
('984', 'Azerbaijani', '2020-07-25', '12:05:22', '2020-07-26', '05:28:41', 'Automated non-volatile toolset', '2', '', 0),
('985', 'Equity Derivatives', '2020-10-08', '22:19:29', '2020-10-29', '08:12:28', '', '1', '', 1),
('986', 'Pneumatic Tools', '2020-02-24', '23:05:10', '2020-03-19', '20:19:37', 'Compatible real-time hardware', '5', '', 0),
('987', 'take 44125', '2020-10-21', '02:12:28', '2020-11-12', '14:58:24', '', '1', 'Bom Jesus dos Perdoes', 1),
('988', 'First Time Home Sellers', '2020-09-27', '23:29:48', '2020-10-12', '00:17:29', 'Balanced attitude-oriented conglomeration', '0', '', 1),
('989', 'ITIL Certified', '2020-01-27', '21:38:58', '2020-01-28', '04:27:03', 'Intuitive disintermediate collaboration', '3', 'Kousa', 1),
('990', 'Velit.tiff', '2019-11-19', '11:15:55', '2019-11-28', '11:18:29', 'Versatile upward-trending open system', '0', '', 1),
('991', 'XFP', '2020-02-10', '19:53:00', '2020-03-04', '22:51:05', 'Synchronised secondary function', '3', '', 0),
('992', 'Biomass', '2020-09-15', '20:32:02', '2020-09-19', '05:22:06', '', '3', 'Qingshanhu', 1),
('993', 'SSOP', '2020-04-20', '15:05:09', '2020-04-29', '09:04:51', 'Distributed human-resource software', '2', 'Dijon', 0),
('994', 'At.mp3', '2019-11-05', '18:04:50', '2019-11-24', '03:18:20', 'Ameliorated tangible infrastructure', '0', '', 0),
('995', 'take 44035', '2020-07-23', '15:28:30', '2020-07-31', '12:51:45', 'Face to face systematic product', '2', '', 1),
('996', 'Meet Stracke, Mosciski and Paucek', '2020-05-01', '01:58:02', '2020-05-13', '08:35:50', 'Versatile web-enabled ability', '5', '', 1),
('997', 'Lake View', '2020-06-19', '01:04:35', '2020-07-04', '05:47:36', 'Polarised context-sensitive instruction set', '5', '', 1),
('998', 'Mendota', '2020-07-28', '22:15:56', '2020-07-31', '00:51:43', '', '3', '', 0),
('999', 'Forest', '2019-11-12', '16:48:19', '2019-11-14', '19:05:20', 'Vision-oriented multimedia migration', '3', 'Llalli', 0),
('1000', 'Bonner', '2020-02-29', '19:30:21', '2020-03-03', '15:11:40', 'Multi-lateral clear-thinking projection', '0', 'Kolochava', 1);

-- --------------------------------------------------------

--
-- Table structure for table `task_list`
--

CREATE TABLE `task_list` (
  `taskID` decimal(10,0) NOT NULL DEFAULT '0',
  `listID` decimal(10,0) NOT NULL DEFAULT '0'
) ENGINE=InnoDB DEFAULT CHARSET=latin1;

--
-- Dumping data for table `task_list`
--

INSERT INTO `task_list` (`taskID`, `listID`) VALUES
('1', '137'),
('2', '31'),
('2', '80'),
('3', '195'),
('5', '404'),
('6', '149'),
('7', '230'),
('7', '404'),
('7', '407'),
('8', '3'),
('8', '187'),
('9', '80'),
('9', '163'),
('10', '128'),
('10', '184'),
('11', '137'),
('11', '426'),
('12', '253'),
('12', '260'),
('13', '195'),
('14', '228'),
('14', '303'),
('16', '170'),
('16', '339'),
('16', '395'),
('17', '333'),
('18', '30'),
('19', '26'),
('21', '414'),
('22', '212'),
('24', '109'),
('24', '334'),
('25', '33'),
('25', '99'),
('25', '125'),
('26', '61'),
('26', '287'),
('26', '375'),
('26', '409'),
('26', '429'),
('27', '2'),
('29', '383'),
('31', '209'),
('33', '306'),
('34', '189'),
('34', '212'),
('36', '187'),
('36', '279'),
('37', '398'),
('38', '35'),
('38', '163'),
('38', '372'),
('40', '16'),
('40', '312'),
('41', '120'),
('41', '185'),
('42', '264'),
('43', '222'),
('44', '407'),
('45', '103'),
('45', '141'),
('45', '243'),
('45', '268'),
('46', '49'),
('46', '272'),
('46', '371'),
('47', '245'),
('51', '230'),
('51', '282'),
('51', '381'),
('51', '421'),
('53', '247'),
('53', '308'),
('54', '284'),
('54', '336'),
('55', '22'),
('55', '437'),
('56', '96'),
('56', '257'),
('56', '427'),
('57', '213'),
('58', '92'),
('58', '201'),
('58', '393'),
('59', '277'),
('59', '399'),
('60', '145'),
('60', '248'),
('60', '356'),
('60', '360'),
('61', '110'),
('61', '414'),
('62', '5'),
('62', '110'),
('62', '368'),
('62', '413'),
('63', '134'),
('63', '284'),
('63', '388'),
('64', '173'),
('64', '232'),
('64', '381'),
('65', '222'),
('65', '225'),
('65', '430'),
('66', '313'),
('67', '327'),
('68', '175'),
('70', '21'),
('70', '297'),
('70', '298'),
('71', '298'),
('71', '428'),
('73', '14'),
('73', '63'),
('73', '68'),
('74', '90'),
('74', '130'),
('74', '413'),
('75', '22'),
('75', '200'),
('76', '74'),
('76', '364'),
('77', '114'),
('78', '161'),
('79', '200'),
('79', '282'),
('81', '111'),
('82', '31'),
('82', '93'),
('82', '272'),
('84', '50'),
('85', '90'),
('85', '226'),
('85', '376'),
('85', '396'),
('86', '48'),
('86', '94'),
('87', '423'),
('88', '331'),
('89', '292'),
('89', '343'),
('90', '369'),
('90', '392'),
('93', '101'),
('93', '382'),
('95', '100'),
('96', '277'),
('96', '393'),
('97', '98'),
('97', '213'),
('97', '289'),
('98', '150'),
('98', '315'),
('101', '400'),
('102', '190'),
('104', '220'),
('106', '63'),
('106', '124'),
('107', '17'),
('107', '55'),
('107', '91'),
('107', '306'),
('107', '315'),
('109', '241'),
('110', '36'),
('110', '328'),
('111', '185'),
('111', '196'),
('111', '234'),
('111', '317'),
('113', '357'),
('115', '278'),
('117', '12'),
('118', '425'),
('121', '45'),
('122', '147'),
('122', '243'),
('122', '292'),
('123', '4'),
('123', '153'),
('123', '251'),
('123', '338'),
('124', '303'),
('125', '68'),
('125', '167'),
('126', '37'),
('126', '362'),
('129', '159'),
('130', '4'),
('131', '366'),
('134', '188'),
('134', '233'),
('135', '348'),
('136', '60'),
('136', '425'),
('137', '210'),
('138', '190'),
('140', '306'),
('141', '195'),
('142', '336'),
('142', '340'),
('142', '343'),
('142', '376'),
('144', '2'),
('144', '85'),
('144', '437'),
('145', '2'),
('145', '120'),
('145', '125'),
('145', '195'),
('148', '107'),
('148', '340'),
('148', '424'),
('150', '66'),
('150', '337'),
('150', '408'),
('151', '207'),
('153', '17'),
('156', '270'),
('156', '333'),
('159', '86'),
('159', '89'),
('160', '246'),
('160', '351'),
('160', '435'),
('161', '62'),
('161', '377'),
('162', '100'),
('163', '27'),
('165', '143'),
('165', '336'),
('168', '271'),
('168', '332'),
('168', '335'),
('169', '4'),
('169', '267'),
('171', '51'),
('171', '113'),
('171', '129'),
('171', '239'),
('172', '147'),
('173', '22'),
('173', '228'),
('173', '284'),
('177', '132'),
('177', '155'),
('177', '169'),
('177', '263'),
('180', '129'),
('180', '350'),
('181', '9'),
('181', '366'),
('182', '394'),
('183', '347'),
('183', '392'),
('184', '368'),
('185', '413'),
('188', '261'),
('189', '300'),
('190', '35'),
('190', '39'),
('192', '386'),
('193', '39'),
('193', '241'),
('194', '43'),
('194', '185'),
('195', '281'),
('196', '28'),
('197', '376'),
('198', '286'),
('199', '85'),
('200', '175'),
('201', '206'),
('201', '280'),
('201', '283'),
('201', '389'),
('202', '252'),
('203', '414'),
('203', '417'),
('204', '124'),
('204', '254'),
('207', '65'),
('207', '77'),
('207', '79'),
('207', '397'),
('209', '269'),
('209', '343'),
('210', '357'),
('211', '11'),
('211', '72'),
('211', '104'),
('212', '396'),
('213', '11'),
('213', '72'),
('213', '75'),
('213', '398'),
('214', '153'),
('214', '162'),
('214', '422'),
('215', '103'),
('215', '166'),
('216', '337'),
('217', '52'),
('217', '109'),
('218', '105'),
('219', '98'),
('219', '226'),
('219', '277'),
('220', '153'),
('220', '381'),
('222', '30'),
('222', '112'),
('222', '117'),
('222', '174'),
('223', '33'),
('223', '135'),
('223', '161'),
('223', '166'),
('224', '151'),
('224', '409'),
('225', '54'),
('225', '396'),
('227', '104'),
('227', '253'),
('228', '174'),
('229', '154'),
('229', '341'),
('229', '352'),
('229', '405'),
('230', '135'),
('230', '193'),
('231', '299'),
('232', '206'),
('233', '61'),
('233', '218'),
('233', '422'),
('234', '19'),
('234', '29'),
('234', '309'),
('236', '367'),
('237', '27'),
('238', '239'),
('238', '271'),
('238', '363'),
('239', '91'),
('239', '436'),
('241', '252'),
('242', '72'),
('242', '89'),
('242', '204'),
('244', '366'),
('244', '374'),
('246', '272'),
('246', '333'),
('247', '114'),
('247', '229'),
('248', '24'),
('248', '64'),
('248', '65'),
('249', '192'),
('249', '345'),
('251', '48'),
('251', '331'),
('253', '223'),
('253', '336'),
('254', '4'),
('254', '24'),
('254', '51'),
('254', '357'),
('257', '41'),
('257', '134'),
('257', '227'),
('258', '87'),
('258', '123'),
('258', '201'),
('259', '139'),
('259', '213'),
('260', '395'),
('261', '279'),
('261', '289'),
('262', '190'),
('262', '438'),
('263', '363'),
('266', '101'),
('266', '110'),
('266', '133'),
('266', '252'),
('267', '274'),
('267', '370'),
('268', '50'),
('269', '2'),
('269', '104'),
('271', '131'),
('271', '278'),
('273', '319'),
('274', '111'),
('274', '131'),
('274', '374'),
('275', '24'),
('275', '271'),
('275', '382'),
('276', '346'),
('277', '59'),
('277', '134'),
('277', '207'),
('277', '303'),
('279', '353'),
('280', '394'),
('281', '220'),
('283', '220'),
('285', '139'),
('285', '412'),
('286', '397'),
('288', '158'),
('288', '182'),
('289', '27'),
('289', '424'),
('294', '200'),
('294', '395'),
('296', '28'),
('297', '3'),
('297', '72'),
('297', '153'),
('297', '397'),
('298', '237'),
('300', '45'),
('300', '131'),
('301', '2'),
('301', '142'),
('301', '318'),
('302', '264'),
('303', '166'),
('305', '41'),
('305', '188'),
('307', '28'),
('307', '117'),
('307', '304'),
('307', '330'),
('308', '9'),
('308', '10'),
('308', '54'),
('309', '240'),
('309', '390'),
('310', '254'),
('310', '276'),
('310', '291'),
('310', '334'),
('310', '433'),
('311', '243'),
('311', '310'),
('313', '58'),
('313', '380'),
('313', '431'),
('315', '103'),
('315', '367'),
('315', '409'),
('316', '81'),
('316', '224'),
('317', '7'),
('317', '19'),
('318', '121'),
('318', '145'),
('319', '218'),
('320', '35'),
('320', '306'),
('321', '186'),
('322', '270'),
('322', '430'),
('324', '32'),
('325', '78'),
('325', '85'),
('325', '114'),
('325', '392'),
('326', '403'),
('326', '413'),
('327', '113'),
('327', '185'),
('327', '326'),
('328', '33'),
('328', '239'),
('329', '344'),
('330', '38'),
('330', '358'),
('331', '162'),
('332', '253'),
('333', '241'),
('335', '172'),
('335', '420'),
('337', '146'),
('337', '161'),
('337', '251'),
('337', '313'),
('337', '395'),
('338', '418'),
('338', '429'),
('340', '32'),
('340', '135'),
('340', '246'),
('340', '295'),
('341', '68'),
('343', '51'),
('343', '58'),
('343', '87'),
('343', '248'),
('345', '351'),
('346', '196'),
('347', '370'),
('350', '129'),
('351', '65'),
('352', '227'),
('353', '140'),
('353', '270'),
('353', '282'),
('354', '352'),
('355', '128'),
('356', '125'),
('356', '134'),
('356', '142'),
('357', '2'),
('357', '98'),
('357', '339'),
('357', '421'),
('358', '116'),
('359', '409'),
('360', '158'),
('360', '242'),
('361', '338'),
('362', '296'),
('365', '176'),
('365', '240'),
('366', '187'),
('368', '224'),
('369', '225'),
('370', '4'),
('371', '418'),
('372', '169'),
('373', '234'),
('374', '350'),
('375', '320'),
('376', '34'),
('377', '346'),
('377', '408'),
('378', '243'),
('378', '310'),
('378', '390'),
('381', '83'),
('381', '282'),
('381', '389'),
('382', '11'),
('382', '59'),
('383', '146'),
('383', '196'),
('383', '250'),
('384', '112'),
('384', '256'),
('385', '322'),
('386', '28'),
('386', '115'),
('387', '41'),
('387', '79'),
('387', '189'),
('389', '55'),
('389', '296'),
('390', '92'),
('390', '201'),
('390', '269'),
('390', '270'),
('390', '340'),
('391', '10'),
('391', '103'),
('391', '416'),
('393', '60'),
('394', '37'),
('394', '384'),
('395', '329'),
('395', '341'),
('395', '348'),
('395', '394'),
('396', '171'),
('396', '211'),
('397', '315'),
('397', '408'),
('398', '426'),
('399', '18'),
('399', '328'),
('400', '227'),
('401', '160'),
('401', '207'),
('401', '320'),
('402', '54'),
('402', '416'),
('403', '102'),
('403', '263'),
('404', '306'),
('405', '70'),
('406', '219'),
('406', '345'),
('407', '385'),
('409', '122'),
('412', '274'),
('412', '281'),
('413', '285'),
('414', '95'),
('414', '118'),
('414', '345'),
('415', '367'),
('416', '76'),
('416', '126'),
('417', '13'),
('418', '46'),
('418', '315'),
('418', '331'),
('418', '337'),
('419', '36'),
('419', '398'),
('420', '178'),
('421', '252'),
('422', '80'),
('423', '122'),
('424', '315'),
('425', '371'),
('426', '216'),
('426', '337'),
('426', '377'),
('431', '349'),
('432', '156'),
('432', '245'),
('433', '339'),
('435', '369'),
('436', '56'),
('436', '157'),
('436', '169'),
('436', '407'),
('437', '225'),
('438', '77'),
('439', '26'),
('441', '121'),
('441', '138'),
('441', '161'),
('441', '390'),
('442', '315'),
('443', '3'),
('443', '6'),
('443', '15'),
('443', '249'),
('444', '123'),
('444', '152'),
('445', '23'),
('445', '383'),
('446', '88'),
('446', '346'),
('447', '240'),
('447', '417'),
('447', '436'),
('448', '36'),
('448', '403'),
('449', '74'),
('449', '352'),
('450', '207'),
('450', '237'),
('450', '315'),
('451', '13'),
('452', '21'),
('452', '132'),
('452', '337'),
('453', '9'),
('453', '173'),
('454', '116'),
('454', '412'),
('456', '44'),
('456', '274'),
('457', '25'),
('459', '21'),
('459', '113'),
('459', '288'),
('460', '85'),
('460', '219'),
('461', '399'),
('462', '140'),
('462', '388'),
('463', '269'),
('464', '49'),
('464', '360'),
('464', '361'),
('465', '157'),
('466', '222'),
('466', '353'),
('467', '180'),
('467', '250'),
('467', '264'),
('467', '267'),
('469', '109'),
('469', '135'),
('470', '94'),
('470', '278'),
('471', '226'),
('472', '99'),
('472', '302'),
('472', '339'),
('473', '402'),
('474', '2'),
('474', '209'),
('475', '244'),
('476', '147'),
('477', '324'),
('477', '350'),
('478', '45'),
('478', '71'),
('478', '93'),
('479', '15'),
('479', '288'),
('479', '311'),
('479', '390'),
('480', '286'),
('480', '338'),
('482', '210'),
('482', '213'),
('484', '327'),
('485', '148'),
('486', '36'),
('486', '128'),
('487', '15'),
('487', '334'),
('488', '80'),
('488', '148'),
('490', '29'),
('490', '83'),
('490', '165'),
('490', '247'),
('491', '392'),
('492', '93'),
('493', '55'),
('493', '109'),
('493', '263'),
('493', '369'),
('494', '336'),
('495', '3'),
('496', '298'),
('497', '402'),
('498', '26'),
('499', '317'),
('500', '255'),
('500', '297'),
('500', '340'),
('501', '148'),
('502', '57'),
('502', '126'),
('502', '400'),
('503', '314'),
('504', '13'),
('504', '191'),
('506', '72'),
('506', '177'),
('507', '158'),
('507', '238'),
('508', '432'),
('509', '250'),
('510', '76'),
('510', '398'),
('511', '393'),
('512', '77'),
('513', '32'),
('514', '279'),
('515', '52'),
('516', '73'),
('517', '129'),
('517', '408'),
('517', '425'),
('518', '24'),
('518', '416'),
('519', '87'),
('520', '113'),
('521', '72'),
('522', '151'),
('523', '47'),
('523', '109'),
('524', '164'),
('525', '206'),
('525', '287'),
('525', '293'),
('525', '371'),
('526', '211'),
('526', '329'),
('527', '258'),
('527', '406'),
('528', '219'),
('530', '259'),
('530', '350'),
('532', '50'),
('532', '360'),
('533', '269'),
('533', '285'),
('533', '290'),
('534', '318'),
('534', '361'),
('534', '381'),
('535', '388'),
('536', '234'),
('538', '122'),
('538', '311'),
('538', '422'),
('539', '259'),
('540', '111'),
('541', '159'),
('541', '181'),
('541', '307'),
('541', '353'),
('544', '233'),
('544', '411'),
('545', '11'),
('545', '48'),
('545', '107'),
('545', '358'),
('545', '380'),
('545', '390'),
('546', '21'),
('547', '186'),
('549', '359'),
('550', '408'),
('551', '49'),
('551', '195'),
('551', '415'),
('552', '75'),
('552', '90'),
('552', '248'),
('553', '139'),
('554', '224'),
('554', '349'),
('555', '240'),
('556', '256'),
('557', '210'),
('558', '42'),
('560', '34'),
('561', '58'),
('561', '69'),
('562', '436'),
('563', '233'),
('564', '265'),
('564', '301'),
('565', '263'),
('566', '126'),
('567', '58'),
('567', '109'),
('568', '172'),
('568', '242'),
('568', '343'),
('569', '96'),
('569', '174'),
('569', '368'),
('570', '140'),
('570', '276'),
('570', '277'),
('571', '351'),
('571', '414'),
('572', '114'),
('573', '246'),
('573', '255'),
('576', '327'),
('576', '421'),
('577', '402'),
('579', '313'),
('579', '432'),
('580', '113'),
('580', '243'),
('581', '72'),
('581', '399'),
('582', '158'),
('583', '18'),
('587', '60'),
('587', '192'),
('588', '139'),
('588', '221'),
('590', '265'),
('590', '301'),
('591', '406'),
('592', '396'),
('595', '6'),
('595', '304'),
('595', '307'),
('596', '65'),
('596', '236'),
('596', '402'),
('599', '83'),
('601', '3'),
('601', '272'),
('603', '156'),
('603', '235'),
('605', '245'),
('605', '400'),
('608', '267'),
('608', '397'),
('610', '27'),
('610', '341'),
('611', '207'),
('613', '165'),
('613', '299'),
('614', '132'),
('614', '268'),
('614', '390'),
('614', '420'),
('615', '1'),
('618', '50'),
('619', '201'),
('620', '398'),
('621', '426'),
('622', '6'),
('622', '86'),
('622', '376'),
('622', '386'),
('623', '304'),
('624', '60'),
('624', '140'),
('625', '177'),
('625', '248'),
('625', '389'),
('631', '418'),
('634', '438'),
('635', '63'),
('635', '281'),
('636', '95'),
('636', '137'),
('636', '240'),
('637', '113'),
('637', '217'),
('638', '16'),
('638', '261'),
('638', '297'),
('640', '104'),
('641', '175'),
('642', '88'),
('643', '121'),
('644', '95'),
('644', '107'),
('646', '45'),
('648', '241'),
('648', '407'),
('649', '236'),
('649', '243'),
('650', '218'),
('650', '245'),
('650', '430'),
('651', '14'),
('651', '310'),
('652', '203'),
('653', '206'),
('653', '302'),
('653', '428'),
('654', '117'),
('655', '332'),
('655', '407'),
('658', '6'),
('658', '102'),
('658', '204'),
('659', '125'),
('659', '152'),
('660', '222'),
('661', '177'),
('661', '352'),
('663', '412'),
('664', '128'),
('664', '199'),
('665', '71'),
('665', '163'),
('666', '118'),
('667', '136'),
('667', '213'),
('667', '245'),
('668', '102'),
('668', '338'),
('669', '115'),
('670', '214'),
('670', '300'),
('671', '248'),
('671', '270'),
('671', '361'),
('672', '18'),
('672', '36'),
('672', '412'),
('673', '103'),
('673', '158'),
('673', '241'),
('674', '290'),
('674', '333'),
('675', '164'),
('676', '247'),
('676', '334'),
('677', '107'),
('677', '309'),
('678', '33'),
('678', '356'),
('678', '399'),
('680', '131'),
('680', '137'),
('680', '267'),
('680', '270'),
('681', '339'),
('681', '426'),
('682', '45'),
('682', '288'),
('683', '205'),
('684', '128'),
('685', '63'),
('686', '44'),
('686', '221'),
('686', '312'),
('687', '402'),
('688', '17'),
('688', '99'),
('689', '358'),
('692', '65'),
('693', '125'),
('694', '169'),
('694', '190'),
('694', '381'),
('695', '214'),
('697', '259'),
('698', '415'),
('700', '19'),
('701', '85'),
('702', '70'),
('703', '270'),
('703', '346'),
('704', '100'),
('705', '433'),
('706', '10'),
('706', '167'),
('707', '299'),
('707', '376'),
('711', '264'),
('711', '394'),
('712', '7'),
('712', '363'),
('713', '269'),
('713', '288'),
('714', '59'),
('715', '95'),
('715', '124'),
('716', '162'),
('716', '343'),
('716', '355'),
('717', '17'),
('717', '46'),
('717', '223'),
('718', '316'),
('719', '285'),
('719', '389'),
('720', '43'),
('720', '215'),
('721', '233'),
('723', '1'),
('723', '432'),
('724', '3'),
('724', '6'),
('724', '175'),
('724', '315'),
('725', '22'),
('725', '401'),
('726', '60'),
('726', '292'),
('727', '306'),
('727', '316'),
('729', '159'),
('730', '44'),
('730', '329'),
('731', '121'),
('731', '249'),
('731', '311'),
('732', '263'),
('734', '195'),
('734', '246'),
('734', '261'),
('735', '254'),
('735', '398'),
('738', '37'),
('738', '89'),
('738', '90'),
('738', '191'),
('740', '61'),
('741', '396'),
('742', '11'),
('742', '382'),
('743', '179'),
('743', '403'),
('744', '17'),
('744', '144'),
('744', '317'),
('746', '79'),
('747', '59'),
('747', '147'),
('747', '229'),
('748', '189'),
('748', '415'),
('750', '270'),
('750', '370'),
('750', '377'),
('751', '73'),
('751', '375'),
('752', '377'),
('753', '268'),
('753', '416'),
('754', '90'),
('755', '22'),
('755', '51'),
('756', '16'),
('756', '387'),
('757', '259'),
('757', '279'),
('758', '20'),
('758', '90'),
('758', '331'),
('760', '313'),
('760', '328'),
('761', '63'),
('762', '400'),
('763', '289'),
('765', '156'),
('765', '430'),
('767', '40'),
('767', '411'),
('768', '115'),
('769', '68'),
('770', '77'),
('770', '106'),
('773', '109'),
('775', '56'),
('775', '402'),
('779', '71'),
('780', '9'),
('782', '89'),
('782', '227'),
('782', '313'),
('782', '349'),
('783', '419'),
('785', '21'),
('785', '69'),
('785', '251'),
('785', '296'),
('786', '60'),
('786', '384'),
('788', '96'),
('789', '112'),
('789', '150'),
('790', '33'),
('790', '155'),
('790', '378'),
('793', '332'),
('794', '390'),
('795', '67'),
('795', '178'),
('795', '199'),
('797', '421'),
('798', '177'),
('799', '80'),
('799', '325'),
('800', '186'),
('800', '416'),
('801', '240'),
('803', '9'),
('803', '143'),
('805', '67'),
('805', '252'),
('806', '89'),
('806', '285'),
('807', '47'),
('807', '132'),
('807', '432'),
('808', '408'),
('809', '235'),
('810', '176'),
('811', '60'),
('812', '48'),
('812', '131'),
('816', '167'),
('817', '226'),
('819', '238'),
('820', '314'),
('821', '276'),
('822', '81'),
('822', '161'),
('822', '190'),
('822', '337'),
('822', '425'),
('823', '109'),
('824', '253'),
('824', '378'),
('825', '125'),
('826', '221'),
('826', '281'),
('827', '211'),
('831', '67'),
('831', '112'),
('831', '332'),
('831', '406'),
('837', '85'),
('837', '334'),
('837', '339'),
('837', '371'),
('837', '375'),
('838', '25'),
('838', '43'),
('838', '280'),
('839', '43'),
('841', '63'),
('841', '346'),
('842', '230'),
('842', '336'),
('843', '27'),
('843', '91'),
('843', '351'),
('845', '340'),
('846', '73'),
('846', '81'),
('847', '29'),
('848', '84'),
('848', '205'),
('848', '310'),
('849', '63'),
('849', '221'),
('849', '295'),
('850', '96'),
('850', '222'),
('851', '347'),
('852', '107'),
('852', '289'),
('852', '342'),
('853', '22'),
('854', '252'),
('854', '400'),
('855', '202'),
('858', '199'),
('858', '227'),
('859', '208'),
('861', '357'),
('863', '409'),
('864', '88'),
('864', '408'),
('865', '141'),
('865', '211'),
('865', '344'),
('866', '51'),
('866', '254'),
('866', '367'),
('867', '302'),
('868', '56'),
('868', '407'),
('868', '436'),
('869', '417'),
('870', '210'),
('872', '219'),
('872', '343'),
('873', '191'),
('873', '221'),
('874', '182'),
('874', '188'),
('874', '286'),
('874', '409'),
('875', '124'),
('877', '208'),
('879', '351'),
('879', '428'),
('880', '8'),
('881', '428'),
('882', '23'),
('882', '88'),
('883', '183'),
('883', '356'),
('884', '163'),
('885', '140'),
('886', '82'),
('886', '116'),
('886', '200'),
('886', '258'),
('887', '273'),
('888', '320'),
('888', '426'),
('889', '276'),
('890', '172'),
('891', '72'),
('892', '112'),
('892', '352'),
('893', '29'),
('896', '41'),
('896', '189'),
('897', '121'),
('897', '181'),
('897', '189'),
('897', '213'),
('898', '12'),
('898', '57'),
('898', '252'),
('898', '266'),
('899', '172'),
('899', '336'),
('901', '5'),
('902', '74'),
('902', '143'),
('903', '126'),
('904', '385'),
('905', '17'),
('905', '233'),
('907', '75'),
('908', '15'),
('908', '381'),
('909', '27'),
('910', '117'),
('911', '272'),
('914', '325'),
('914', '373'),
('915', '93'),
('915', '94'),
('915', '407'),
('916', '86'),
('916', '199'),
('917', '255'),
('918', '428'),
('919', '19'),
('919', '188'),
('920', '424'),
('921', '62'),
('922', '162'),
('923', '54'),
('923', '265'),
('924', '396'),
('926', '74'),
('927', '42'),
('927', '162'),
('927', '198'),
('927', '400'),
('928', '304'),
('929', '153'),
('929', '167'),
('929', '219'),
('930', '10'),
('931', '106'),
('931', '231'),
('931', '350'),
('931', '386'),
('932', '201'),
('932', '263'),
('933', '332'),
('933', '383'),
('933', '392'),
('934', '121'),
('934', '155'),
('934', '170'),
('935', '162'),
('935', '229'),
('936', '4'),
('936', '198'),
('937', '185'),
('938', '129'),
('938', '393'),
('938', '409'),
('939', '144'),
('939', '339'),
('941', '68'),
('941', '81'),
('941', '120'),
('941', '156'),
('942', '179'),
('943', '139'),
('943', '148'),
('944', '438'),
('945', '156'),
('945', '178'),
('945', '226'),
('946', '305'),
('946', '311'),
('946', '330'),
('949', '89'),
('949', '301'),
('950', '114'),
('950', '350'),
('951', '197'),
('952', '100'),
('952', '409'),
('953', '145'),
('954', '7'),
('954', '147'),
('954', '314'),
('954', '335'),
('956', '142'),
('956', '182'),
('957', '396'),
('958', '12'),
('958', '91'),
('958', '190'),
('958', '420'),
('959', '127'),
('960', '426'),
('962', '79'),
('962', '178'),
('962', '329'),
('964', '301'),
('967', '42'),
('967', '408'),
('969', '325'),
('969', '428'),
('970', '49'),
('970', '346'),
('971', '301'),
('972', '310'),
('973', '29'),
('975', '251'),
('975', '289'),
('975', '309'),
('975', '425'),
('976', '21'),
('976', '35'),
('976', '214'),
('976', '391'),
('978', '371'),
('979', '97'),
('980', '40'),
('980', '228'),
('980', '372'),
('982', '50'),
('982', '181'),
('982', '218'),
('982', '268'),
('983', '243'),
('983', '324'),
('984', '65'),
('984', '138'),
('984', '204'),
('985', '215'),
('986', '311'),
('986', '319'),
('988', '13'),
('988', '38'),
('988', '203'),
('989', '328'),
('990', '378'),
('991', '339'),
('992', '83'),
('993', '95'),
('993', '207'),
('995', '323'),
('996', '84'),
('997', '17'),
('997', '94'),
('997', '156'),
('998', '85'),
('998', '124'),
('998', '206'),
('998', '241'),
('999', '241');

-- --------------------------------------------------------

--
-- Table structure for table `tdlist`
--

CREATE TABLE `tdlist` (
  `listID` decimal(10,0) NOT NULL DEFAULT '0',
  `list_name` varchar(255) NOT NULL DEFAULT '(No title)',
  `description` varchar(255) DEFAULT NULL,
  `completed` tinyint(1) NOT NULL DEFAULT '0'
) ENGINE=InnoDB DEFAULT CHARSET=latin1;

--
-- Dumping data for table `tdlist`
--

INSERT INTO `tdlist` (`listID`, `list_name`, `description`, `completed`) VALUES
('1', 'MEGACE', 'pede justo eu massa donec dapibus duis at velit eu est', 0),
('2', 'Sweet Clover Mixture', '', 0),
('3', 'Lower Back Complex', 'turpis nec euismod scelerisque quam turpis adipiscing lorem vitae mattis nibh ligula nec sem', 0),
('4', 'Aminophylline', 'magnis dis parturient montes nascetur ridiculus mus vivamus vestibulum sagittis sapien cum sociis natoque penatibus et magnis', 1),
('5', '2 in 1', 'etiam vel augue vestibulum rutrum rutrum neque aenean auctor gravida sem praesent id massa id nisl', 0),
('6', 'Microgestin', 'sed tristique in tempus sit amet sem fusce consequat nulla nisl nunc nisl duis bibendum felis sed interdum', 1),
('7', 'Lactulose', 'dignissim vestibulum vestibulum ante ipsum primis in faucibus orci luctus et ultrices posuere cubilia curae', 0),
('8', 'Bio Willow', 'sed justo pellentesque viverra pede ac diam cras pellentesque volutpat dui maecenas tristique', 1),
('9', 'CLONIDINE HYDROCHLORIDE', 'magna at nunc commodo placerat praesent blandit nam nulla integer pede justo lacinia eget tincidunt eget tempus', 0),
('10', 'Citalopram', '', 0),
('11', 'Cultivated Oat', 'gravida nisi at nibh in hac habitasse platea dictumst aliquam augue quam sollicitudin vitae consectetuer eget rutrum', 1),
('12', 'Zonisamide', '', 0),
('13', 'Carvedilol', 'cum sociis natoque penatibus et magnis dis parturient montes nascetur ridiculus mus vivamus vestibulum sagittis sapien cum sociis', 1),
('14', 'Tolazamide', '', 0),
('15', 'Black Walnut', 'sed justo pellentesque viverra pede ac diam cras pellentesque volutpat dui maecenas tristique est et', 0),
('16', 'Clonazepam', '', 0),
('17', 'Amidate', 'eu tincidunt in leo maecenas pulvinar lobortis est phasellus sit amet erat', 0),
('18', 'LBEL NATURAL FINISH MOISTURIZING FOUNDATION SPF 25', '', 1),
('19', 'Dove Men plus Care', 'suscipit a feugiat et eros vestibulum ac est lacinia nisi venenatis tristique', 1),
('20', 'Terrasil Cold Sore Treatment', '', 0),
('21', 'Lorazepam', 'in faucibus orci luctus et ultrices posuere cubilia curae duis faucibus accumsan', 1),
('22', 'CareOne loperamide hydrochloride', 'eget vulputate ut ultrices vel augue vestibulum ante ipsum primis in faucibus orci luctus et ultrices posuere cubilia', 1),
('23', 'donepezil hydrochloride', 'eget eros elementum pellentesque quisque porta volutpat erat quisque erat eros viverra eget congue eget semper rutrum nulla', 0),
('24', 'DEXAMETHASONE SODIUM PHOSPHATE', 'nulla elit ac nulla sed vel enim sit amet nunc', 0),
('25', 'Aurum 30 Special Order', 'tempus semper est quam pharetra magna ac consequat metus sapien ut', 0),
('26', 'Lexapro', '', 0),
('27', 'Allscale', 'primis in faucibus orci luctus et ultrices posuere cubilia curae nulla dapibus dolor vel est donec', 0),
('28', 'Cefuroxime Axetil', 'tortor id nulla ultrices aliquet maecenas leo odio condimentum id luctus nec molestie sed justo', 1),
('29', 'Hypercalm - Mental Focus', 'suscipit a feugiat et eros vestibulum ac est lacinia nisi venenatis tristique fusce congue', 1),
('30', 'PLANTAGO LANCEOLATA POLLEN', 'ultricies eu nibh quisque id justo sit amet sapien dignissim vestibulum vestibulum ante ipsum primis in', 0),
('31', 'Ibuprofen', '', 1),
('32', 'ED-A-HIST PSE', 'sollicitudin vitae consectetuer eget rutrum at lorem integer tincidunt ante vel', 1),
('33', 'Medi-First', 'quisque arcu libero rutrum ac lobortis vel dapibus at diam nam tristique tortor eu pede', 0),
('34', 'Paroxetine', '', 1),
('35', 'EQUUS CABALLUS SKIN', '', 1),
('36', 'Ibuprofen', 'eu orci mauris lacinia sapien quis libero nullam sit amet turpis elementum ligula vehicula consequat morbi a ipsum integer', 1),
('37', 'Acetaminophen, Dextromethorphan Hydrobromide, Guaifenesin, Phenylephrine Hydrochloride', 'suscipit ligula in lacus curabitur at ipsum ac tellus semper interdum mauris ullamcorper purus sit amet nulla quisque arcu libero', 0),
('38', 'Antipyrine and Benzocaine', '', 0),
('39', 'Levaquin', 'tempor convallis nulla neque libero convallis eget eleifend luctus ultricies eu nibh quisque id justo', 0),
('40', 'Humco Gentian Violet 2%', 'congue vivamus metus arcu adipiscing molestie hendrerit at vulputate vitae nisl aenean lectus pellentesque eget nunc donec quis', 1),
('41', 'RUE21 Ocean Breeze Antibacterial Hand Sanitizer', 'mauris non ligula pellentesque ultrices phasellus id sapien in sapien iaculis congue vivamus metus arcu adipiscing', 0),
('42', 'Actonel', 'in lectus pellentesque at nulla suspendisse potenti cras in purus eu magna', 0),
('43', 'Clearasil Daily Clear', 'ut nulla sed accumsan felis ut at dolor quis odio consequat varius integer ac leo pellentesque ultrices', 1),
('44', 'Softlips Salted Caramel', '', 0),
('45', 'ASACOL', 'tortor sollicitudin mi sit amet lobortis sapien sapien non mi integer ac neque', 1),
('46', 'Pink Eye Relief', 'vivamus metus arcu adipiscing molestie hendrerit at vulputate vitae nisl aenean lectus pellentesque eget nunc donec quis orci', 0),
('47', 'Spinach', 'curabitur at ipsum ac tellus semper interdum mauris ullamcorper purus', 1),
('48', 'Nifedipine', '', 1),
('49', 'Softlips', '', 1),
('50', 'Cisplatin', 'amet turpis elementum ligula vehicula consequat morbi a ipsum integer a nibh', 0),
('51', 'Nabumetone', 'vehicula consequat morbi a ipsum integer a nibh in quis justo maecenas rhoncus aliquam lacus morbi quis tortor id nulla', 0),
('52', 'IMAGE ESSENTIALS', 'ac tellus semper interdum mauris ullamcorper purus sit amet nulla quisque arcu libero rutrum ac lobortis vel dapibus at', 0),
('53', 'Head and Shoulders', 'justo eu massa donec dapibus duis at velit eu est congue elementum in hac habitasse', 0),
('54', 'Gabapentin', '', 0),
('55', 'Up and Up infants acetaminophen', 'sed vel enim sit amet nunc viverra dapibus nulla suscipit ligula in lacus curabitur at ipsum ac tellus semper', 1),
('56', 'chewable', 'lectus pellentesque at nulla suspendisse potenti cras in purus eu magna vulputate', 0),
('57', 'Sterile Water', '', 0),
('58', 'Carbidopa and Levodopa', 'pretium nisl ut volutpat sapien arcu sed augue aliquam erat volutpat in congue etiam', 1),
('59', 'VITALUMIERE AQUA', '', 1),
('60', 'cortisone', 'pulvinar nulla pede ullamcorper augue a suscipit nulla elit ac nulla sed vel enim', 0),
('61', 'Cefprozil', '', 1),
('62', 'HYDROCORTISONE', '', 0),
('63', 'Molds, Penicillium Mix', 'quam fringilla rhoncus mauris enim leo rhoncus sed vestibulum sit amet cursus', 0),
('64', 'Irbesartan and Hydrochlorothiazide', '', 1),
('65', 'FIRMING DAY', 'eu est congue elementum in hac habitasse platea dictumst morbi vestibulum velit id pretium', 0),
('66', 'Metoclopramide', 'luctus ultricies eu nibh quisque id justo sit amet sapien dignissim vestibulum vestibulum ante ipsum primis', 1),
('67', 'Dextroamphetamine Sulfate', 'cras non velit nec nisi vulputate nonummy maecenas tincidunt lacus at velit vivamus vel nulla eget eros elementum', 1),
('68', 'Oily SK Cleansing', '', 1),
('69', 'ALCOHOL FREE HAND SANITIZER', 'sem praesent id massa id nisl venenatis lacinia aenean sit amet justo morbi ut odio cras mi pede', 1),
('70', 'Hydrocortisone', '', 1),
('71', 'Ciclopirox Olamine', '', 0),
('72', 'Clarithromycin', 'quis augue luctus tincidunt nulla mollis molestie lorem quisque ut erat curabitur gravida nisi at', 0),
('73', 'Food - Animal Products and Poultry Products, Beef Bovine spp.', 'lectus vestibulum quam sapien varius ut blandit non interdum in ante vestibulum ante ipsum primis in faucibus orci luctus', 1),
('74', 'Sorine', 'iaculis justo in hac habitasse platea dictumst etiam faucibus cursus urna ut tellus nulla ut erat id mauris vulputate', 0),
('75', 'Hydrate', '', 1),
('76', 'zidovudine', 'potenti in eleifend quam a odio in hac habitasse platea dictumst maecenas ut massa', 1),
('77', 'Mata Balm', 'vestibulum quam sapien varius ut blandit non interdum in ante vestibulum ante', 1),
('78', 'Night Time Cherry', 'nulla neque libero convallis eget eleifend luctus ultricies eu nibh quisque id justo', 0),
('79', 'Mango papaya anti-bacterial SCENTED HAND SANITIZER', '', 0),
('80', 'Hydrocortisone Acetate', '', 0),
('81', 'HEALTHY ACCENTS', 'at turpis a pede posuere nonummy integer non velit donec diam neque vestibulum eget vulputate', 1),
('82', 'Metaxalone', 'velit nec nisi vulputate nonummy maecenas tincidunt lacus at velit vivamus vel nulla eget', 1),
('83', 'Atorvastatin Calcium', 'aliquet pulvinar sed nisl nunc rhoncus dui vel sem sed', 1),
('84', 'Risperidone', 'sit amet cursus id turpis integer aliquet massa id lobortis convallis tortor risus dapibus augue vel accumsan tellus nisi eu', 1),
('85', 'doxycycline hyclate', 'nisi eu orci mauris lacinia sapien quis libero nullam sit amet turpis elementum', 1),
('86', 'Deb InstantFoam Alcohol Sanitizer', 'augue luctus tincidunt nulla mollis molestie lorem quisque ut erat curabitur gravida nisi at nibh', 1),
('87', 'Papaya', 'in leo maecenas pulvinar lobortis est phasellus sit amet erat nulla tempus vivamus', 1),
('88', 'Diphenoxylate Hydrochloride and Atropine Sulfate', 'proin at turpis a pede posuere nonummy integer non velit donec', 1),
('89', 'Cleocin', '', 1),
('90', 'restorsea Rejuvenating Day SPF 30 Broad Spectrum UVA UVB with Vibransea Complex', '', 0),
('91', 'Flu Relief Therapy Day Time', '', 1),
('92', 'Ibuprofen', '', 1),
('93', 'Cyclobenzaprine Hydrochloride', '', 0),
('94', 'LEADER iNTENSE COUGH RELIEVER', 'viverra pede ac diam cras pellentesque volutpat dui maecenas tristique est et tempus semper est quam', 0),
('95', 'Ampicillin and Sulbactam', 'dapibus nulla suscipit ligula in lacus curabitur at ipsum ac tellus semper interdum', 1),
('96', 'Epstein Barr Virus Remedy', 'consequat in consequat ut nulla sed accumsan felis ut at dolor quis odio consequat varius', 1),
('97', 'Stannum 5', 'justo aliquam quis turpis eget elit sodales scelerisque mauris sit amet', 0),
('98', 'MOXEZA', '', 1),
('99', 'ACYCLOVIR', 'ligula suspendisse ornare consequat lectus in est risus auctor sed tristique in', 0),
('100', 'CLARINS SKIN ILLUSION Mineral and Plant Extracts SPF 10 Titanium Dioxide- Sunscreen - Natural Radiance Foundation Tint 105', '', 1),
('101', 'Acetaminophen PM', 'augue vel accumsan tellus nisi eu orci mauris lacinia sapien quis libero nullam sit amet turpis elementum', 1),
('102', 'PHENDIMETRAZINE TARTRATE', 'phasellus sit amet erat nulla tempus vivamus in felis eu sapien cursus vestibulum proin eu mi nulla ac enim in', 0),
('103', 'Xpect First aid Buffered Eye and Skin', '', 0),
('104', 'Lantiseptic', 'rhoncus mauris enim leo rhoncus sed vestibulum sit amet cursus id turpis integer aliquet massa id lobortis', 0),
('105', 'NATURAL SUN AQ TOTAL ANTI-AGING ESSENCE SUN', '', 0),
('106', 'Naturasil', '', 0),
('107', 'Parathyreoidea Aurum Special Order', 'libero nam dui proin leo odio porttitor id consequat in consequat', 0),
('108', 'Venlafaxine Hydrochloride', 'ultrices posuere cubilia curae duis faucibus accumsan odio curabitur convallis duis consequat dui nec nisi volutpat eleifend', 1),
('109', 'Serdaen', '', 1),
('110', 'Phenytoin', 'praesent blandit nam nulla integer pede justo lacinia eget tincidunt eget', 0),
('111', 'Depakote', 'quis augue luctus tincidunt nulla mollis molestie lorem quisque ut erat curabitur', 0),
('112', 'Chlorthalidone', 'dis parturient montes nascetur ridiculus mus etiam vel augue vestibulum rutrum rutrum neque aenean auctor gravida sem praesent id', 0),
('113', 'Bonogen Activator', 'in est risus auctor sed tristique in tempus sit amet sem fusce consequat nulla', 1),
('114', 'Cold Sore Treatment', '', 1),
('115', 'SAFEWAY', '', 1),
('116', 'Isopropyl Alcohol', 'ipsum integer a nibh in quis justo maecenas rhoncus aliquam lacus morbi quis tortor id nulla ultrices', 1),
('117', 'LANEIGE SNOW CRYSTAL', 'risus semper porta volutpat quam pede lobortis ligula sit amet eleifend pede libero quis orci nullam molestie nibh in lectus', 0),
('118', 'CELLBOOSTING HOMME', 'velit nec nisi vulputate nonummy maecenas tincidunt lacus at velit vivamus', 1),
('119', 'Rivastigmine Tartrate', 'justo sollicitudin ut suscipit a feugiat et eros vestibulum ac est lacinia nisi venenatis tristique fusce congue diam id ornare', 1),
('120', 'Ionite R', 'eleifend quam a odio in hac habitasse platea dictumst maecenas ut massa quis augue luctus', 1),
('121', 'ADVATE', 'tortor duis mattis egestas metus aenean fermentum donec ut mauris eget massa tempor', 0),
('122', 'Amoxicillin and Clavulanate Potassium', 'ut rhoncus aliquet pulvinar sed nisl nunc rhoncus dui vel sem sed', 0),
('123', 'TOLNAFTATE ANTIFUNGAL', 'id mauris vulputate elementum nullam varius nulla facilisi cras non velit nec nisi', 0),
('124', 'Lenscale', '', 0),
('125', 'ACNE SOLUTIONS CLEARING CONCEALER', 'in porttitor pede justo eu massa donec dapibus duis at velit eu', 1),
('126', 'Ibuprofen', 'phasellus sit amet erat nulla tempus vivamus in felis eu sapien cursus vestibulum proin eu mi nulla', 0),
('127', 'Hepatatox', 'duis mattis egestas metus aenean fermentum donec ut mauris eget massa tempor convallis nulla neque libero convallis', 1),
('128', 'Chicken Pox Symptom Relief', 'massa tempor convallis nulla neque libero convallis eget eleifend luctus ultricies eu nibh quisque id justo sit amet sapien', 1),
('129', 'fexofenadine hydrochloride', 'neque sapien placerat ante nulla justo aliquam quis turpis eget elit sodales scelerisque mauris sit amet eros suspendisse accumsan tortor', 0),
('130', 'All Day Allergy', 'posuere metus vitae ipsum aliquam non mauris morbi non lectus aliquam', 1),
('131', 'Amlodipine Besylate', 'ac nibh fusce lacus purus aliquet at feugiat non pretium', 0),
('132', 'Head and Shoulders Conditioner', 'turpis a pede posuere nonummy integer non velit donec diam neque vestibulum eget vulputate', 0),
('133', 'Levitra', 'eu magna vulputate luctus cum sociis natoque penatibus et magnis dis parturient montes nascetur ridiculus', 0),
('134', 'OBAGI-C RX SYSTEM NORMAL-OILY', 'leo odio condimentum id luctus nec molestie sed justo pellentesque viverra pede ac diam', 0),
('135', 'Pleo Ex', 'habitasse platea dictumst aliquam augue quam sollicitudin vitae consectetuer eget', 1),
('136', 'AILANTHUS GLANDULOSUS', '', 1),
('137', 'Ibuprofen', '', 1),
('138', 'E.O.L.', '', 1),
('139', 'Petrolatum', '', 0),
('140', 'Melatonin Forte', 'vitae quam suspendisse potenti nullam porttitor lacus at turpis donec posuere', 0),
('141', 'Rapamune', 'ac enim in tempor turpis nec euismod scelerisque quam turpis adipiscing lorem vitae mattis nibh ligula nec sem', 0),
('142', 'NICORETTE', '', 0),
('143', 'MAGNESIA PHOS', 'eget elit sodales scelerisque mauris sit amet eros suspendisse accumsan tortor quis turpis sed ante vivamus', 1),
('144', 'CEFTRIAXONE', 'primis in faucibus orci luctus et ultrices posuere cubilia curae donec pharetra magna vestibulum aliquet ultrices erat tortor sollicitudin', 1),
('145', 'Peppermint Ice anti-bacterial SCENTED HAND SANITIZER', 'pulvinar nulla pede ullamcorper augue a suscipit nulla elit ac nulla', 0),
('146', 'BAC-D Antibacterial Wound sanitizer', '', 1),
('147', 'Humulin', 'morbi ut odio cras mi pede malesuada in imperdiet et commodo vulputate justo in blandit ultrices enim lorem', 1),
('148', 'Verapamil Hydrochloride', 'duis at velit eu est congue elementum in hac habitasse platea', 1),
('149', 'Oil-Free Foaming Acne Wash', 'justo in blandit ultrices enim lorem ipsum dolor sit amet consectetuer adipiscing elit proin interdum mauris non ligula pellentesque', 0),
('150', 'Loperamide Hydrochloride', 'ut odio cras mi pede malesuada in imperdiet et commodo vulputate justo in blandit ultrices enim lorem ipsum', 0),
('151', 'Cumin', 'pharetra magna ac consequat metus sapien ut nunc vestibulum ante ipsum primis in faucibus orci', 1),
('152', 'Carvedilol', 'lorem quisque ut erat curabitur gravida nisi at nibh in', 1),
('153', 'ShopRite Childrens Multi Symptom Cold Relief', 'ipsum primis in faucibus orci luctus et ultrices posuere cubilia curae mauris viverra diam vitae quam suspendisse potenti nullam porttitor', 1),
('154', 'Clindamycin in 5 Percent Dextrose', '', 1),
('155', 'Doxycycline Hyclate', 'lacus at velit vivamus vel nulla eget eros elementum pellentesque quisque porta volutpat', 1),
('156', 'Imipramine Hydrochloride', 'sem duis aliquam convallis nunc proin at turpis a pede posuere nonummy integer non velit donec diam neque', 0),
('157', 'Nighttime Cold Flu Relief', '', 0),
('158', 'Atenolol', '', 0),
('159', 'Propranolol Hydrochloride', 'dolor sit amet consectetuer adipiscing elit proin interdum mauris non ligula pellentesque ultrices phasellus id', 1),
('160', 'Topcare Nicotine', '', 1),
('161', 'Personal Cloth Wipes', 'morbi vel lectus in quam fringilla rhoncus mauris enim leo rhoncus sed', 1),
('162', 'ESIKA Extreme Moisturizing SPF 16', '', 0),
('163', 'Aero Florafree Antibacterial', 'natoque penatibus et magnis dis parturient montes nascetur ridiculus mus vivamus vestibulum', 0),
('164', 'BabyGanics Sunscreen', '', 1),
('165', 'healthy accents clear lax', 'viverra eget congue eget semper rutrum nulla nunc purus phasellus in felis', 0),
('166', 'Pore Rescue Acne', '', 0),
('167', 'Bystolic', 'ipsum praesent blandit lacinia erat vestibulum sed magna at nunc commodo placerat praesent blandit nam nulla integer pede justo lacinia', 1),
('168', 'Kadian ER', '', 1),
('169', 'Maximum Strength PMS Formula', 'commodo vulputate justo in blandit ultrices enim lorem ipsum dolor sit amet consectetuer adipiscing elit proin interdum mauris non', 0),
('170', 'Irbesartan', 'vestibulum aliquet ultrices erat tortor sollicitudin mi sit amet lobortis sapien sapien non mi integer', 0),
('171', 'Womens Gentle Laxative', 'elementum eu interdum eu tincidunt in leo maecenas pulvinar lobortis', 0),
('172', 'Duloxetine', 'nonummy integer non velit donec diam neque vestibulum eget vulputate', 1),
('173', 'amlodipine besylate', 'lectus pellentesque at nulla suspendisse potenti cras in purus eu magna vulputate luctus cum sociis natoque penatibus et magnis dis', 0),
('174', 'Lobster', 'vel lectus in quam fringilla rhoncus mauris enim leo rhoncus sed vestibulum sit amet cursus id turpis integer aliquet', 1),
('175', 'Food - Plant Source, Pea, Green or English Pisum sativum', 'dis parturient montes nascetur ridiculus mus vivamus vestibulum sagittis sapien cum sociis natoque penatibus et magnis dis parturient', 1),
('176', 'Stimulant laxative plus stool softener', 'tellus semper interdum mauris ullamcorper purus sit amet nulla quisque arcu libero rutrum ac lobortis vel dapibus at diam', 0),
('177', 'Oxygen', '', 0),
('178', 'XENADERM', 'odio condimentum id luctus nec molestie sed justo pellentesque viverra pede ac diam', 1),
('179', 'Hydrogen Peroxide', '', 0),
('180', 'Medical Provider Single Use EZ Flu Shot Fluvirin 2014-2015', '', 0),
('181', 'Myxcin-C', '', 0),
('182', 'Ropinirole Hydrochloride', '', 0),
('183', 'Tramadol Hydrochloride', 'at dolor quis odio consequat varius integer ac leo pellentesque ultrices mattis odio donec vitae', 1),
('184', 'Ceftriaxone', '', 0),
('185', 'TOFRANIL', 'duis consequat dui nec nisi volutpat eleifend donec ut dolor morbi vel lectus in quam fringilla rhoncus', 1),
('186', 'HYDROCODONE BITARTRATE AND ACETAMINOPHEN', 'nisi venenatis tristique fusce congue diam id ornare imperdiet sapien urna pretium nisl ut volutpat sapien', 1),
('187', 'Glipizide', 'tortor duis mattis egestas metus aenean fermentum donec ut mauris eget massa tempor', 1),
('188', 'PsoCleer', 'rutrum nulla nunc purus phasellus in felis donec semper sapien a libero nam dui proin leo odio porttitor', 1),
('189', 'Hydrocodone Bitartrate and Acetaminophen', '', 0),
('190', 'Epicoccum nigrum', '', 0),
('191', 'MAX', 'nisi eu orci mauris lacinia sapien quis libero nullam sit amet turpis elementum ligula vehicula consequat morbi', 1),
('192', 'SPF 30 Sunscreen Tottle', 'potenti nullam porttitor lacus at turpis donec posuere metus vitae ipsum aliquam non mauris morbi non lectus', 0),
('193', 'Naproxen Sodium', 'non quam nec dui luctus rutrum nulla tellus in sagittis dui vel nisl duis ac', 0),
('194', 'Injury Topical', '', 1),
('195', 'Sheep Sorrel', 'cubilia curae mauris viverra diam vitae quam suspendisse potenti nullam porttitor lacus at turpis', 0),
('196', 'Treatment Set TS331413', 'ante ipsum primis in faucibus orci luctus et ultrices posuere cubilia curae mauris viverra', 1),
('197', 'Ampicillin and Sulbactam', 'sit amet sapien dignissim vestibulum vestibulum ante ipsum primis in faucibus orci luctus et ultrices posuere cubilia curae nulla', 1),
('198', 'ProBLEN Libido', 'amet cursus id turpis integer aliquet massa id lobortis convallis tortor', 1),
('199', 'Citrus Urtica comp. Special Order', 'vestibulum sagittis sapien cum sociis natoque penatibus et magnis dis parturient montes nascetur ridiculus mus etiam vel augue vestibulum rutrum', 1),
('200', 'Losartan Potassium', 'cubilia curae nulla dapibus dolor vel est donec odio justo sollicitudin ut suscipit', 1),
('201', 'Aplicare Antiseptic Perineal Wash II', '', 1),
('202', 'PECAN', 'aliquet ultrices erat tortor sollicitudin mi sit amet lobortis sapien sapien non mi integer ac', 0),
('203', 'headache relief', '', 1),
('204', 'azithromycin', 'imperdiet nullam orci pede venenatis non sodales sed tincidunt eu felis fusce posuere felis sed lacus morbi sem mauris', 1),
('205', 'Yellow Pine', 'lacus at velit vivamus vel nulla eget eros elementum pellentesque quisque porta volutpat erat quisque', 1),
('206', 'SOL LEON Sunscreen SPF 15', '', 0),
('207', 'kirkland signature aller fex', '', 0),
('208', 'Eve Lom Brilliant Cover Concealer Broad Spectrum SPF 15 Sunscreen', 'arcu sed augue aliquam erat volutpat in congue etiam justo etiam pretium', 0),
('209', 'Extra Strength Pain Reliever', 'nibh in quis justo maecenas rhoncus aliquam lacus morbi quis tortor id nulla ultrices aliquet maecenas leo odio condimentum id', 0),
('210', 'Up (and) Up Green Apple Scent', '', 1),
('211', 'Miconazole Nitrate', 'ultrices erat tortor sollicitudin mi sit amet lobortis sapien sapien non mi integer ac neque duis bibendum morbi non', 1),
('212', 'povidine iodine', 'nulla dapibus dolor vel est donec odio justo sollicitudin ut suscipit a feugiat et eros vestibulum ac est lacinia nisi', 1),
('213', 'Topiramate', 'sapien dignissim vestibulum vestibulum ante ipsum primis in faucibus orci luctus et ultrices posuere cubilia curae nulla dapibus dolor vel', 1),
('214', 'Neutrogena Rapid Clear', '', 0),
('215', 'Loratadine D', '', 1),
('216', 'Perphenazine and Amitriptyline Hydrochloride', 'sapien non mi integer ac neque duis bibendum morbi non quam nec', 1),
('217', 'CHLORZOXAZONE', '', 0),
('218', 'GOJO E2 Foam Handwash with PCMX', 'justo morbi ut odio cras mi pede malesuada in imperdiet et commodo vulputate justo', 1),
('219', 'Risperidone', 'aenean auctor gravida sem praesent id massa id nisl venenatis lacinia aenean sit', 0),
('220', 'Warfarin Sodium', '', 0),
('221', 'Ranitidine Hydrochloride', 'vulputate ut ultrices vel augue vestibulum ante ipsum primis in faucibus orci', 0),
('222', 'Hygienic Cleansing Pads', 'platea dictumst etiam faucibus cursus urna ut tellus nulla ut erat id mauris vulputate elementum', 0),
('223', 'Risperidone', 'est donec odio justo sollicitudin ut suscipit a feugiat et eros', 1),
('224', 'Hydralazine Hydrochloride', 'in est risus auctor sed tristique in tempus sit amet sem fusce consequat nulla', 1),
('225', 'Rite Aid', 'leo rhoncus sed vestibulum sit amet cursus id turpis integer aliquet massa id lobortis convallis tortor risus dapibus augue vel', 1),
('226', 'Nitroglycerin', 'duis at velit eu est congue elementum in hac habitasse platea dictumst morbi vestibulum velit id', 0),
('227', 'kirkland signature quit 4', 'turpis eget elit sodales scelerisque mauris sit amet eros suspendisse accumsan tortor quis', 0),
('228', 'Lisinopril', 'id ornare imperdiet sapien urna pretium nisl ut volutpat sapien arcu sed augue aliquam erat', 1),
('229', 'Enteric Coated Aspirin', 'posuere cubilia curae nulla dapibus dolor vel est donec odio justo sollicitudin', 1),
('230', 'Sulfamethoxazole and Trimethoprim', 'magna bibendum imperdiet nullam orci pede venenatis non sodales sed tincidunt eu', 0),
('231', 'Adapalene', 'eget rutrum at lorem integer tincidunt ante vel ipsum praesent blandit lacinia erat vestibulum sed magna at nunc commodo placerat', 0),
('232', 'risperidone', 'id turpis integer aliquet massa id lobortis convallis tortor risus dapibus augue vel accumsan tellus', 0),
('233', 'Tramadol Hydrochloride', 'in felis eu sapien cursus vestibulum proin eu mi nulla ac enim in', 0),
('234', 'Vineyard Grape Antibacterial Hand Wash', 'dapibus nulla suscipit ligula in lacus curabitur at ipsum ac tellus semper interdum mauris ullamcorper purus', 0),
('235', 'cilostazol', 'lacus morbi sem mauris laoreet ut rhoncus aliquet pulvinar sed nisl nunc rhoncus', 0),
('236', 'Wok Lok Pain Relieving Oil', '', 0),
('237', 'Melphalan Hydrochloride', 'lacus morbi quis tortor id nulla ultrices aliquet maecenas leo odio condimentum id luctus nec', 0),
('238', 'ANNUAL SALTBUSH POLLEN', 'eros suspendisse accumsan tortor quis turpis sed ante vivamus tortor duis mattis egestas metus aenean fermentum donec ut', 0),
('239', 'CREEPING BENT GRASS POLLEN', 'in lectus pellentesque at nulla suspendisse potenti cras in purus eu magna vulputate luctus', 1),
('240', 'TEETHING KIDS RELIEF', '', 0),
('241', 'Naproxen', 'viverra eget congue eget semper rutrum nulla nunc purus phasellus in felis donec semper sapien', 1),
('242', 'Paroxetine', '', 1),
('243', 'Oxygen', 'aliquet pulvinar sed nisl nunc rhoncus dui vel sem sed sagittis nam congue risus', 0),
('244', 'Aveeno Positively Ageless Complete Anti Aging System', 'fermentum donec ut mauris eget massa tempor convallis nulla neque libero convallis', 1),
('245', 'HYDROCODONE BITARTRATE AND ACETAMINOPHEN', 'ante ipsum primis in faucibus orci luctus et ultrices posuere cubilia curae mauris viverra diam vitae quam suspendisse potenti nullam', 1),
('246', 'Cephalexin', 'ipsum aliquam non mauris morbi non lectus aliquam sit amet diam in magna bibendum imperdiet', 0),
('247', 'Pluratuss', '', 0),
('248', 'LAMOTRIGINE', 'eget semper rutrum nulla nunc purus phasellus in felis donec semper sapien a libero nam dui proin leo odio porttitor', 1),
('249', 'YS Solution Ac control Skin Regular Mild', '', 1),
('250', 'Tobacco Leaf', 'nisl nunc rhoncus dui vel sem sed sagittis nam congue risus semper porta', 1),
('251', 'Oxcarbazepine', 'aliquet ultrices erat tortor sollicitudin mi sit amet lobortis sapien sapien non mi integer ac neque', 0),
('252', 'Zyprexa', 'vestibulum sagittis sapien cum sociis natoque penatibus et magnis dis parturient montes nascetur ridiculus', 0),
('253', 'nicotine', 'libero nullam sit amet turpis elementum ligula vehicula consequat morbi a ipsum integer a nibh', 1),
('254', 'HYDROCODONE BITARTRATE AND ACETAMINOPHEN', 'felis donec semper sapien a libero nam dui proin leo odio', 0),
('255', 'Miconazole Nitrate', 'a feugiat et eros vestibulum ac est lacinia nisi venenatis tristique fusce congue diam id ornare imperdiet sapien urna', 1),
('256', 'Cantaloupe', 'integer ac leo pellentesque ultrices mattis odio donec vitae nisi nam ultrices libero', 1),
('257', 'Penicillin V Potassium', 'nonummy integer non velit donec diam neque vestibulum eget vulputate ut ultrices', 0),
('258', 'Teveten', 'ut massa quis augue luctus tincidunt nulla mollis molestie lorem quisque ut', 1),
('259', 'Prednisone', 'lacus at turpis donec posuere metus vitae ipsum aliquam non mauris morbi non lectus aliquam sit amet', 0),
('260', 'UV ESSENTIEL', 'rutrum at lorem integer tincidunt ante vel ipsum praesent blandit lacinia erat vestibulum sed magna at nunc commodo', 0),
('261', 'Relpax', '', 1),
('262', 'ChapStick Classic Spearmint', 'vel enim sit amet nunc viverra dapibus nulla suscipit ligula in lacus curabitur at ipsum ac tellus', 0),
('263', 'zaleplon', 'sit amet consectetuer adipiscing elit proin interdum mauris non ligula pellentesque ultrices phasellus id', 0),
('264', 'NAPRELAN', 'tincidunt eu felis fusce posuere felis sed lacus morbi sem mauris laoreet ut', 1),
('265', 'Alprazolam', '', 1),
('266', 'Ginger Lime Hand Sanitizer', 'nam nulla integer pede justo lacinia eget tincidunt eget tempus vel pede morbi porttitor lorem id ligula suspendisse ornare consequat', 0),
('267', 'Enoxaparin Sodium', 'habitasse platea dictumst maecenas ut massa quis augue luctus tincidunt nulla mollis molestie lorem quisque ut erat curabitur gravida nisi', 0),
('268', 'Cetirizine Hydrochloride', '', 0),
('269', 'Primidone', '', 1),
('270', 'pain reliever', 'a suscipit nulla elit ac nulla sed vel enim sit', 1),
('271', 'Meprobamate', 'felis eu sapien cursus vestibulum proin eu mi nulla ac enim in', 1),
('272', 'Digoxin', '', 0),
('273', 'AMOXICILLIN', 'bibendum morbi non quam nec dui luctus rutrum nulla tellus in sagittis dui vel nisl duis ac nibh', 1),
('274', 'Morphine Sulfate', '', 1),
('275', 'Lotrimin', 'vitae ipsum aliquam non mauris morbi non lectus aliquam sit amet diam in magna bibendum imperdiet nullam orci pede venenatis', 0),
('276', 'Acetaminophen,Dextromethorphan,Phenylephrine', 'a libero nam dui proin leo odio porttitor id consequat in consequat ut nulla sed accumsan felis ut at dolor', 1),
('277', 'PreviDent', 'erat id mauris vulputate elementum nullam varius nulla facilisi cras non velit nec nisi', 1),
('278', 'Buspirone Hydrochloride', 'gravida nisi at nibh in hac habitasse platea dictumst aliquam augue quam sollicitudin', 0),
('279', 'APPLE', 'ut erat id mauris vulputate elementum nullam varius nulla facilisi cras non velit', 1),
('280', 'Nicotine', 'dignissim vestibulum vestibulum ante ipsum primis in faucibus orci luctus et ultrices posuere cubilia curae nulla dapibus dolor vel', 0),
('281', 'Extra Strength Gas Relief', 'in hac habitasse platea dictumst etiam faucibus cursus urna ut tellus nulla ut erat id', 0),
('282', 'DR. WALTONS COOL AND HOT ANALGESIC', 'curabitur gravida nisi at nibh in hac habitasse platea dictumst aliquam', 1),
('283', 'Herbalife SKIN', 'neque duis bibendum morbi non quam nec dui luctus rutrum nulla tellus in sagittis dui vel nisl duis ac nibh', 0),
('284', 'Risperidone', 'ac nulla sed vel enim sit amet nunc viverra dapibus nulla suscipit ligula in lacus curabitur at ipsum', 1),
('285', 'Etodolac', 'habitasse platea dictumst aliquam augue quam sollicitudin vitae consectetuer eget rutrum at lorem integer', 0),
('286', 'NovoSeven', 'tortor duis mattis egestas metus aenean fermentum donec ut mauris eget massa tempor convallis nulla', 1),
('287', 'Cargo Tinted Moisturizer SPF 20', 'nunc purus phasellus in felis donec semper sapien a libero', 1),
('288', 'Walgreens Sunscreen Sport', 'sed nisl nunc rhoncus dui vel sem sed sagittis nam congue', 0),
('289', 'HZ', 'orci luctus et ultrices posuere cubilia curae donec pharetra magna', 1),
('290', 'CELEBREX', 'tempor convallis nulla neque libero convallis eget eleifend luctus ultricies eu nibh quisque id justo sit amet sapien dignissim', 1),
('291', 'Lithium Carbonate', 'lobortis sapien sapien non mi integer ac neque duis bibendum morbi non quam', 0),
('292', 'CORTEF', 'turpis adipiscing lorem vitae mattis nibh ligula nec sem duis aliquam', 1),
('293', 'SHISEIDO PERFECT REFINING FOUNDATION', '', 1),
('294', 'smart sense acid reducer', 'pellentesque at nulla suspendisse potenti cras in purus eu magna vulputate luctus cum sociis natoque penatibus et magnis dis parturient', 1),
('295', 'Ciclopirox', 'elementum eu interdum eu tincidunt in leo maecenas pulvinar lobortis est phasellus sit amet erat nulla tempus vivamus in felis', 1),
('296', 'Ibuprofen', 'suscipit a feugiat et eros vestibulum ac est lacinia nisi venenatis tristique fusce congue diam id ornare imperdiet sapien', 1),
('297', 'SUPER BB', 'nulla neque libero convallis eget eleifend luctus ultricies eu nibh quisque id justo sit amet sapien dignissim vestibulum vestibulum ante', 0),
('298', 'VYTORIN', '', 1),
('299', 'Lisinopril', 'eu massa donec dapibus duis at velit eu est congue elementum', 0),
('300', 'Boscia Daily Defense Sunscreen Broad Spectrum SPF 50 PA', 'quis orci nullam molestie nibh in lectus pellentesque at nulla suspendisse potenti cras in purus eu magna vulputate luctus cum', 0),
('301', 'CLARINS Skin Illusion SPF 10 Natural Radiance Foundation Tint 118', 'sed tincidunt eu felis fusce posuere felis sed lacus morbi sem mauris laoreet ut rhoncus aliquet pulvinar', 0),
('302', 'QUALITY CHOICE OMEPRAZOLE', 'sagittis sapien cum sociis natoque penatibus et magnis dis parturient montes nascetur ridiculus mus etiam', 0),
('303', 'Disney PIXAR Cars Antibacterial Hand Wipes', '', 0),
('304', 'Neutrogena Ultimate Sport Sunblock', 'est lacinia nisi venenatis tristique fusce congue diam id ornare imperdiet sapien urna', 0),
('305', 'Mannitol', 'sapien arcu sed augue aliquam erat volutpat in congue etiam justo', 1),
('306', 'Cartilago Quartz', '', 0),
('307', 'Chapstick Moisturizer Raspberry Creme', 'turpis eget elit sodales scelerisque mauris sit amet eros suspendisse accumsan', 0),
('308', 'Vitamin B5 Velvet Mask', '', 1),
('309', 'VISIBLE DIFFERENCE SKIN BALANCING SUNSCREEN SPF 15', 'fermentum donec ut mauris eget massa tempor convallis nulla neque libero convallis', 1),
('310', 'PCMX with Emollient', 'dictumst aliquam augue quam sollicitudin vitae consectetuer eget rutrum at', 1),
('311', 'Topamax', 'maecenas pulvinar lobortis est phasellus sit amet erat nulla tempus vivamus in felis eu sapien cursus vestibulum proin eu', 1),
('312', 'BZK Plus Swabsticks', 'sed vel enim sit amet nunc viverra dapibus nulla suscipit ligula in lacus curabitur at ipsum ac tellus semper', 0),
('313', 'Nasal', 'ac enim in tempor turpis nec euismod scelerisque quam turpis adipiscing lorem vitae mattis nibh ligula nec sem', 0),
('314', 'MANICURE BY OPI - FINISHING BUTTER', '', 0),
('315', 'White Mulberry', 'a suscipit nulla elit ac nulla sed vel enim sit amet nunc viverra', 1),
('316', 'Viscumforce', 'proin leo odio porttitor id consequat in consequat ut nulla sed accumsan felis ut at', 1),
('317', 'Leukine', 'risus praesent lectus vestibulum quam sapien varius ut blandit non interdum in ante vestibulum', 1),
('318', 'Ciprofloxacin hydrochloride', 'mattis nibh ligula nec sem duis aliquam convallis nunc proin at turpis a pede posuere nonummy', 0),
('319', 'Topcare Stomach Relief', 'in eleifend quam a odio in hac habitasse platea dictumst maecenas ut massa quis augue luctus tincidunt nulla', 0),
('320', 'oxycodone hydrochloride', 'scelerisque quam turpis adipiscing lorem vitae mattis nibh ligula nec sem duis aliquam convallis nunc proin at turpis a pede', 0),
('321', 'Azithromycin Dihydrate', '', 1),
('322', 'NBE Cool Mint', 'nullam sit amet turpis elementum ligula vehicula consequat morbi a ipsum', 1),
('323', 'Cover Fx BB Gel Mattfying Anti-Blemish N Medium', 'quisque id justo sit amet sapien dignissim vestibulum vestibulum ante ipsum primis in faucibus orci', 1),
('324', 'triple antibiotic plus', '', 0),
('325', 'Minocycline hydrochloride', 'molestie lorem quisque ut erat curabitur gravida nisi at nibh in hac habitasse platea dictumst aliquam augue quam', 0),
('326', 'Rabbit Hair', 'duis faucibus accumsan odio curabitur convallis duis consequat dui nec nisi volutpat eleifend donec ut dolor morbi vel', 0),
('327', 'Hot Spot', '', 0),
('328', 'FENOFIBRATE', 'quis libero nullam sit amet turpis elementum ligula vehicula consequat morbi a ipsum integer a nibh in quis justo', 1),
('329', 'Pfizerpen', '', 1),
('330', 'CAREONE', 'nulla ac enim in tempor turpis nec euismod scelerisque quam turpis adipiscing lorem vitae mattis nibh ligula', 1),
('331', 'GAS AND COLIC KIDS RELIEF', 'sapien dignissim vestibulum vestibulum ante ipsum primis in faucibus orci luctus et ultrices posuere cubilia', 0),
('332', 'Magnesium Oxide', 'faucibus orci luctus et ultrices posuere cubilia curae donec pharetra magna vestibulum aliquet ultrices erat tortor sollicitudin mi', 0),
('333', 'dg health pain reliever', '', 1),
('334', 'Trihexyphenidyl Hydrochloride', 'molestie hendrerit at vulputate vitae nisl aenean lectus pellentesque eget nunc donec quis', 1),
('335', 'Trandolapril', 'fusce consequat nulla nisl nunc nisl duis bibendum felis sed interdum', 0),
('336', 'Anagrelide Hydrochloride', 'quis orci eget orci vehicula condimentum curabitur in libero ut', 0),
('337', 'BOTRYTIS CINEREA', 'vel enim sit amet nunc viverra dapibus nulla suscipit ligula in lacus curabitur at', 0),
('338', 'Hand Sanitizer', 'odio justo sollicitudin ut suscipit a feugiat et eros vestibulum ac est lacinia nisi', 0),
('339', 'Hydrogen Peroxide', '', 0),
('340', 'Salsalate', 'pede malesuada in imperdiet et commodo vulputate justo in blandit ultrices enim', 1),
('341', 'CVS PHARMACY', 'in imperdiet et commodo vulputate justo in blandit ultrices enim lorem ipsum dolor sit amet consectetuer', 0),
('342', 'Ciprofloxacin', 'ipsum primis in faucibus orci luctus et ultrices posuere cubilia curae donec pharetra magna vestibulum aliquet ultrices erat tortor', 0),
('343', 'Tiger Balm', 'morbi vel lectus in quam fringilla rhoncus mauris enim leo rhoncus sed vestibulum sit amet cursus id', 1),
('344', 'Kaopectate Regular Strength Peppermint Flavor Anti Diarrheal', '', 0),
('345', 'Apis ex animale 30', '', 0),
('346', 'Coconut Vanilla Hand Sanitizer', 'mauris enim leo rhoncus sed vestibulum sit amet cursus id turpis integer aliquet', 1),
('347', 'PROMETHEGAN', 'sapien arcu sed augue aliquam erat volutpat in congue etiam', 1),
('348', 'Burkhart', 'sit amet justo morbi ut odio cras mi pede malesuada in imperdiet et commodo vulputate justo in blandit', 1),
('349', 'methylphenidate hydrochloride CD', 'vestibulum ante ipsum primis in faucibus orci luctus et ultrices posuere cubilia', 0),
('350', 'Pain Relief PM', 'pulvinar sed nisl nunc rhoncus dui vel sem sed sagittis nam congue risus semper', 1),
('351', 'CVS Revitalift Complete with SPF-15', 'semper rutrum nulla nunc purus phasellus in felis donec semper sapien a libero nam dui', 0),
('352', 'Morgidox', 'sapien cum sociis natoque penatibus et magnis dis parturient montes nascetur ridiculus mus etiam vel augue vestibulum rutrum rutrum', 0),
('353', 'Valsartan and Hydrochlorothiazide', 'blandit lacinia erat vestibulum sed magna at nunc commodo placerat praesent blandit', 1),
('354', 'Vanos', 'justo lacinia eget tincidunt eget tempus vel pede morbi porttitor lorem id ligula suspendisse ornare consequat lectus in est', 1),
('355', 'Mucor racemosus', '', 0),
('356', 'Myrbetriq', 'nisi vulputate nonummy maecenas tincidunt lacus at velit vivamus vel nulla eget eros elementum pellentesque quisque porta volutpat', 1),
('357', 'Degree', 'fusce lacus purus aliquet at feugiat non pretium quis lectus suspendisse potenti in eleifend quam a', 0),
('358', 'Triamcinolone Acetonide', 'lorem ipsum dolor sit amet consectetuer adipiscing elit proin interdum mauris non ligula pellentesque', 1),
('359', 'Ethyl Rubbing Alcohol', 'pellentesque quisque porta volutpat erat quisque erat eros viverra eget congue eget semper rutrum', 0),
('360', 'BROMUS INERMIS POLLEN', 'eu orci mauris lacinia sapien quis libero nullam sit amet turpis elementum ligula', 1),
('361', 'METRONIDAZOLE', 'turpis integer aliquet massa id lobortis convallis tortor risus dapibus augue vel accumsan tellus nisi', 1),
('362', 'ROBINIA PSEUDOACACIA POLLEN', 'vivamus metus arcu adipiscing molestie hendrerit at vulputate vitae nisl aenean lectus pellentesque eget nunc donec quis', 0),
('363', 'acid reducer', 'mattis nibh ligula nec sem duis aliquam convallis nunc proin at turpis a pede posuere nonummy integer', 0),
('364', 'Amlodipine and Valsartan', 'sapien a libero nam dui proin leo odio porttitor id consequat', 0),
('365', 'Alendronate Sodium', 'aenean fermentum donec ut mauris eget massa tempor convallis nulla neque', 0),
('366', 'ERIVEDGE', 'luctus et ultrices posuere cubilia curae mauris viverra diam vitae quam suspendisse potenti nullam porttitor lacus at turpis donec', 0),
('367', 'Goat Epithelia', '', 1),
('368', 'Essential Shockeye and Lip', 'dignissim vestibulum vestibulum ante ipsum primis in faucibus orci luctus et ultrices posuere cubilia curae nulla dapibus dolor', 1),
('369', 'care one flu and severe cold and cough', 'a ipsum integer a nibh in quis justo maecenas rhoncus aliquam lacus morbi quis tortor id nulla', 1),
('370', 'Valium', 'sit amet eleifend pede libero quis orci nullam molestie nibh in', 0),
('371', 'Hydralazine Hydrochloride', 'et eros vestibulum ac est lacinia nisi venenatis tristique fusce congue diam id ornare imperdiet sapien urna pretium nisl ut', 0),
('372', 'Triple Antibiotic Ointment', 'felis donec semper sapien a libero nam dui proin leo odio porttitor id consequat in consequat ut nulla', 0),
('373', 'FOSAMAX PLUS D', 'semper interdum mauris ullamcorper purus sit amet nulla quisque arcu libero rutrum ac lobortis vel dapibus', 0),
('374', 'temazepam', 'congue vivamus metus arcu adipiscing molestie hendrerit at vulputate vitae nisl aenean lectus pellentesque eget nunc donec quis', 1),
('375', 'CareOne Adult Tussin DM', 'lacus morbi sem mauris laoreet ut rhoncus aliquet pulvinar sed', 0),
('376', 'GOLD CAVIAR BB', '', 1),
('377', 'Exuviance Sheer Refining Fluid SPF 35', 'imperdiet et commodo vulputate justo in blandit ultrices enim lorem ipsum dolor', 1),
('378', 'Metolazone', 'in libero ut massa volutpat convallis morbi odio odio elementum eu', 0),
('379', 'ISA KNOX WXII PLUS WHITENING REVOLUTION SERUM', 'sed tincidunt eu felis fusce posuere felis sed lacus morbi', 1),
('380', 'TIAZAC', '', 0),
('381', 'Alendronate Sodium', '', 1),
('382', 'RUNNY NOSE', 'vitae quam suspendisse potenti nullam porttitor lacus at turpis donec', 0),
('383', 'BencoCaine Topical Anesthetic', '', 1),
('384', 'Amitriptyline Hydrochloride', 'orci luctus et ultrices posuere cubilia curae duis faucibus accumsan odio curabitur convallis duis consequat dui nec', 1),
('385', 'Sword Fish', 'tempor convallis nulla neque libero convallis eget eleifend luctus ultricies eu', 1),
('386', 'Virginia Live Oak', 'velit nec nisi vulputate nonummy maecenas tincidunt lacus at velit vivamus vel nulla', 0),
('387', 'Gastritis - Ulcer', 'nonummy integer non velit donec diam neque vestibulum eget vulputate ut', 0),
('388', 'Bio Vervain', 'orci luctus et ultrices posuere cubilia curae duis faucibus accumsan odio curabitur convallis duis consequat dui', 1),
('389', 'SOLU-MEDROL', 'in ante vestibulum ante ipsum primis in faucibus orci luctus', 1),
('390', 'ATACAND HCT', '', 0),
('391', 'Pantoprazole Sodium', 'semper interdum mauris ullamcorper purus sit amet nulla quisque arcu libero rutrum ac lobortis vel dapibus at', 1),
('392', 'DOCUSATE SODIUM', 'morbi vel lectus in quam fringilla rhoncus mauris enim leo rhoncus', 0),
('393', 'Amoxicillin and Clavulanate Potassium', 'justo aliquam quis turpis eget elit sodales scelerisque mauris sit', 1),
('394', 'Topiramate', 'aliquet maecenas leo odio condimentum id luctus nec molestie sed justo pellentesque viverra', 1),
('395', 'Vecuronium', 'sociis natoque penatibus et magnis dis parturient montes nascetur ridiculus', 1),
('396', 'Ceftriaxone', 'sit amet cursus id turpis integer aliquet massa id lobortis convallis', 0),
('397', 'Purminerals 4 in 1 Makeup SPF 15 Deeper', 'ultrices posuere cubilia curae nulla dapibus dolor vel est donec odio justo sollicitudin ut suscipit a feugiat et eros', 1),
('398', 'Aconitum e tub. 6 Special Order', 'venenatis lacinia aenean sit amet justo morbi ut odio cras mi pede malesuada in imperdiet et commodo', 0),
('399', 'EXTRA STRENGTH WITH NATURAL MENTHOL GLACIER MINT COUGH SUPPRESSANT', 'mauris sit amet eros suspendisse accumsan tortor quis turpis sed ante vivamus tortor duis mattis', 0),
('400', 'Stool Softener', 'sapien arcu sed augue aliquam erat volutpat in congue etiam justo etiam pretium iaculis justo in hac habitasse platea dictumst', 1),
('401', 'Visco-Gel Medicated Round Callus Removers', 'orci eget orci vehicula condimentum curabitur in libero ut massa volutpat convallis morbi odio odio elementum eu interdum', 0),
('402', 'Brut Black Ice', 'quisque erat eros viverra eget congue eget semper rutrum nulla nunc purus phasellus in felis donec semper sapien', 1),
('403', 'EX-LAX', 'ac nibh fusce lacus purus aliquet at feugiat non pretium quis lectus suspendisse', 0),
('404', 'SuperPlus Beblesh Balm SPF25 PA 2Plus', '', 0),
('405', 'Carvedilol', 'imperdiet nullam orci pede venenatis non sodales sed tincidunt eu felis fusce posuere felis sed lacus', 1),
('406', 'Pollens - Trees, Mesquite, Prosopis juliflora', 'nisi nam ultrices libero non mattis pulvinar nulla pede ullamcorper augue a suscipit nulla elit ac nulla sed', 0),
('407', 'RG Sport Inv.Solid Antiperspirant Deodorant Cool', 'metus aenean fermentum donec ut mauris eget massa tempor convallis', 1),
('408', 'Firefly Angry Birds Fluoride', 'integer aliquet massa id lobortis convallis tortor risus dapibus augue vel accumsan tellus nisi eu orci mauris lacinia', 1),
('409', 'Eight Hour Cream Intensive Daily Moisturizer For Face SPF 15', '', 1),
('410', 'Indiclor', 'sapien sapien non mi integer ac neque duis bibendum morbi non quam nec dui luctus rutrum', 1),
('411', 'Buprenorphine HCl and Naloxone HCl', 'consequat varius integer ac leo pellentesque ultrices mattis odio donec vitae nisi nam ultrices libero non mattis pulvinar nulla', 1),
('412', 'Caffeine Citrate', '', 1),
('413', 'Bite Beauty SPF 15 Sheer Balm', '', 0),
('414', 'Viagra', 'pellentesque ultrices mattis odio donec vitae nisi nam ultrices libero', 1),
('415', 'Opana', '', 1),
('416', 'exotic cherry blossom kit', 'iaculis congue vivamus metus arcu adipiscing molestie hendrerit at vulputate vitae nisl aenean lectus pellentesque eget nunc donec', 0),
('417', 'CRIXIVAN', 'sed vestibulum sit amet cursus id turpis integer aliquet massa id lobortis convallis tortor risus', 0),
('418', 'Soothe and Cool Non-Caking', 'at nulla suspendisse potenti cras in purus eu magna vulputate', 0),
('419', 'Diltiazem Hydrochloride', 'felis ut at dolor quis odio consequat varius integer ac leo pellentesque ultrices mattis odio', 1),
('420', 'good sense acid reducer', '', 0),
('421', 'Leader Childrens Allergy Relief', 'lacinia erat vestibulum sed magna at nunc commodo placerat praesent blandit nam nulla', 0),
('422', 'Ramipril', 'sed lacus morbi sem mauris laoreet ut rhoncus aliquet pulvinar sed nisl nunc rhoncus', 0),
('423', 'Sulfamethoxazole and Trimethoprim', 'nulla tempus vivamus in felis eu sapien cursus vestibulum proin eu mi nulla ac enim in tempor turpis nec euismod', 0),
('424', 'MINTOX MAXIMUM STRENGTH', '', 1),
('425', 'Good Sense Nasal Decongestant', 'nullam varius nulla facilisi cras non velit nec nisi vulputate nonummy maecenas', 1),
('426', 'Montelukast Sodium', '', 0),
('427', 'Candida Alb', 'primis in faucibus orci luctus et ultrices posuere cubilia curae nulla dapibus dolor', 0),
('428', 'Kali bichromicum', '', 0),
('429', 'Trihexyphenidyl Hydrochloride', 'dolor quis odio consequat varius integer ac leo pellentesque ultrices mattis odio donec vitae nisi nam ultrices', 0),
('430', 'Alprazolam', 'molestie nibh in lectus pellentesque at nulla suspendisse potenti cras in purus eu magna vulputate luctus cum', 0),
('431', 'SEROQUEL', '', 1),
('432', 'Nimbex', 'sagittis dui vel nisl duis ac nibh fusce lacus purus aliquet at feugiat non pretium', 0),
('433', 'equate pain and fever', '', 1),
('434', 'good sense ibuprofen', '', 0),
('435', 'APIS MELLIFERA', 'laoreet ut rhoncus aliquet pulvinar sed nisl nunc rhoncus dui vel sem sed sagittis nam congue', 0),
('436', 'Diltiazem Hydrochloride', '', 0),
('437', 'flu and severe cold and cough', 'in felis donec semper sapien a libero nam dui proin', 1),
('438', 'Amoxicillin', '', 1),
('439', 'Namenda', 'accumsan tellus nisi eu orci mauris lacinia sapien quis libero', 1);

-- --------------------------------------------------------

--
-- Table structure for table `user`
--

CREATE TABLE `user` (
  `userID` varchar(32) NOT NULL DEFAULT '0',
  `first_name` varchar(255) NOT NULL,
  `last_name` varchar(255) NOT NULL,
  `password` varchar(256) NOT NULL,
  `email` varchar(32) NOT NULL,
  `phone` char(14) DEFAULT NULL
) ENGINE=InnoDB DEFAULT CHARSET=latin1;

--
-- Dumping data for table `user`
--

INSERT INTO `user` (`userID`, `first_name`, `last_name`, `password`, `email`, `phone`) VALUES
('aalekhov40', 'Austin', 'Alekhov', 'A9AE4E71DC4760E81D854BDC352419F8EA9A6D42E04120A730AF92995618B5A8', 'aalekhov40@wikispaces.com', '(269)-289-4670'),
('abitterton53', 'Anestassia', 'Bitterton', 'D0D2E6BA212682541FDA5C03A26C26E1BEE2262CD7A1290CF512560CD0F35E5D', 'abitterton53@fema.gov', '(473)-420-8565'),
('acheverton0', 'Aldous', 'Cheverton', 'E05F0889B84138BD8DF42DB442662D20A1223A94E0C05E68DEB1E18283AD96D3', 'acheverton0@admin.ch', ''),
('acrayden44', 'Anthia', 'Crayden', '1E15AD4738A6A449D045CDE83EA85AD3A7D10E12A5112D7FA098710EA0930119', 'acrayden44@prweb.com', ''),
('adipietro1h', 'Aubine', 'Di Pietro', '47936CACBF07169ACD76873482F2E6500F8361263BC34201F7258FF1BA07582D', 'adipietro1h@prweb.com', '(627)-088-4496'),
('aedmondson4l', 'Alister', 'Edmondson', 'ECAB94068BF46F821C9B65C559A0C1A16CAB927D9258DA4F400B7A6A29324400', 'aedmondson4l@moonfruit.com', '(490)-709-0495'),
('aenright20', 'Alexander', 'Enright', 'F4F0A86DEB2B236D445F0EF6D634FB3EED8CE2C27A16154FC6C99ED8586393BB', 'aenright20@pbs.org', '(154)-168-1239'),
('afeehely1o', 'Archaimbaud', 'Feehely', '7DF16A019CA1FB8E7282B85D37B1CDA7AFD713B1656A57D53D7525246BB3FAD3', 'afeehely1o@hp.com', ''),
('afihelly2l', 'Andie', 'Fihelly', 'CCCD06CA97823F8D51DC2EEA01B41D50B23E6CDE6AD9F814F8A0E9DDC002D00F', 'afihelly2l@moonfruit.com', '(880)-852-3249'),
('ahurnr', 'Alika', 'Hurn', 'EE4778232BCDF11E08AE61DED16A2DC6A38BB24755BD43F9876A361CDE861F2A', 'ahurnr@cargocollective.com', '(607)-781-4612'),
('alequesne4q', 'Alejoa', 'Le Quesne', 'BAA105293DE3C74AD6D7E8A3A91F915A8F128B4BE0F53C8DD15C6AFB73151E63', 'alequesne4q@fema.gov', ''),
('amicco42', 'Alexio', 'Micco', 'A008171B77B61E4164E13393E5A23F53C6DAB9268259D30649C5EDD5982C2BA3', 'amicco42@networkadvertising.org', '(944)-634-4588'),
('asnasdell3e', 'Angie', 'Snasdell', '2F52D592D1694EAF953F722BAF233734273D58A94055C82AA103E680FC63E6CB', 'asnasdell3e@amazon.co.jp', '(082)-257-9472'),
('astelfoxx', 'Antons', 'Stelfox', 'D6874F543500E69998B26245E575A21BAB9C753C7CC4B946798852F3E2448951', 'astelfoxx@plala.or.jp', '(714)-113-5634'),
('atassaker4j', 'Alie', 'Tassaker', '8AEC319E4F43C1731216FD601AE68F741711DEC265A9C42B2CB076EFE7120B26', 'atassaker4j@google.ru', '(007)-781-5666'),
('auppett11', 'Anselma', 'Uppett', 'F4B56191B1988C6670537CAC0671C7F292380012794B12D33A295E718D71880D', 'auppett11@reverbnation.com', '(146)-157-5314'),
('awilbors', 'Aubert', 'Wilbor', 'E8FEA4AB17AB1D56C7EE57AAD956D19B77F23870ABB3E74216129921A8E77168', 'awilbors@nba.com', '(449)-341-2633'),
('bandreazzi3s', 'Berte', 'Andreazzi', 'DD5454D1CDF83508D744351706AB634A0B811F7A96DFCC2766E9854B1328225E', 'bandreazzi3s@salon.com', '(068)-581-0465'),
('bbahike23', 'Bay', 'Bahike', 'A2E6E23D4565AD330F342BFEF90DEBB5D9B32D6ED60FF8BA56BC5801B6A0DC17', 'bbahike23@unc.edu', ''),
('bbaxstair1d', 'Bernete', 'Baxstair', 'BBDA14B1893D6BBA89C41E2737BADFC6E35440D36FF5BBEB3CBF27E8EBF226C5', 'bbaxstair1d@economist.com', ''),
('bbeminster5a', 'Bernita', 'Beminster', '78EA1C75729DCBD999848DF9FDFBE2450C7417F66901528CFF1A6616D1750583', 'bbeminster5a@rakuten.co.jp', '(315)-380-2263'),
('bfarbrotherq', 'Brewster', 'Farbrother', '1A9BF41D16A5C00A9B4308E4B5601B74BCEFC899C04498B600DE3E7FAC9CDEBE', 'bfarbrotherq@cafepress.com', ''),
('bflury1j', 'Brier', 'Flury', '8EB74026E31125A8543053E386851E20AEFE6DF8BEF6C7FAA29A83EC26B7AA05', 'bflury1j@npr.org', '(100)-644-6524'),
('bjurewicz4a', 'Barrie', 'Jurewicz', '17201EBE922F8CEACE990B3060661F776D440991321FBEF6A9E86E40AB016921', 'bjurewicz4a@sciencedaily.com', '(266)-090-6782'),
('bmaclaine3y', 'Bobinette', 'Maclaine', 'B8E250F6DC624EBA22C059E2F252BEC947551F1C889C406944C6463452796822', 'bmaclaine3y@seattletimes.com', '(749)-522-4282'),
('bpolak2b', 'Babita', 'Polak', 'DEC2153C0A381CF6878ACEC54422492B54E88E6F9ACD52CED7FAB660B7D7201F', 'bpolak2b@boston.com', ''),
('bprendiville1r', 'Bonnie', 'Prendiville', '70514CCFCF5B9601248454892FEF43157CB01CFB39191AE3394EF4B2634B0C16', 'bprendiville1r@gmpg.org', '(935)-543-3572'),
('bruddlesden5o', 'Brittaney', 'Ruddlesden', '80F863CB2654B1473AB7AE56947996E0A9F70E78D9CD55AE6733F20FD4C1ABFF', 'bruddlesden5o@ask.com', ''),
('bswiffan3x', 'Britteny', 'Swiffan', '82388DE8AFC336D9D86A91E5D87E6AE06783D338AFDD135FD43434AAEE93B706', 'bswiffan3x@miibeian.gov.cn', '(068)-149-9719'),
('bturgoose18', 'Bret', 'Turgoose', '7E440BDC2655954C30DA3062B3734FF8509AF845F1D2680AE4BC67826E42237D', 'bturgoose18@weebly.com', '(845)-387-4516'),
('carundel3g', 'Cassie', 'Arundel', '5A4AB54A53D72BEE96F732621C6425F6061131569D4AD7BA97A05F7BA100AD0C', 'carundel3g@cbsnews.com', ''),
('ccorpe14', 'Clarice', 'Corpe', 'D88FDF73184774DE1CF48E3739384CE8DA07C9D55F112701D09BE66035378517', 'ccorpe14@godaddy.com', '(587)-221-1208'),
('ccriple4t', 'Ceciley', 'Criple', '5D3D2BE98FD1B15E915A9A0DB6139CFBB5FBF1859A6ECAF5FBDDA59E1896C6FD', 'ccriple4t@who.int', '(663)-623-1289'),
('cetheringtonj', 'Crin', 'Etherington', 'FF4C1E3258C72588CEFD459DE3A95743648D0A2CB43AC72912BCD7BB5A7159F0', 'cetheringtonj@tamu.edu', '(042)-227-2064'),
('cgoforth17', 'Chester', 'Goforth', 'B72E6F93EC2C3931F57DE3D83D80EC57D56BABF931E4157A07CD4E69B16DDF83', 'cgoforth17@gov.uk', '(035)-331-2662'),
('chaddleston1', 'Cherin', 'Haddleston', 'FBB79FA88DCA98C100FA2B103C5C172F314A4DCD90F798762D9F0A9AEA4CF198', 'chaddleston1@cdc.gov', '(118)-703-3194'),
('cheskey1t', 'Carmita', 'Heskey', '7CBD0CB9A384963876276A1EEEB1DA43851B7B1207C7C38BE31546D054C781AB', 'cheskey1t@walmart.com', ''),
('ckobiera1l', 'Clint', 'Kobiera', 'D94A1DF4EBB9356B37EA67E42865E91488B204B779BF02D80BF96ECD34C64C3F', 'ckobiera1l@addthis.com', ''),
('cmacgilpatrick3t', 'Cris', 'MacGilpatrick', '1E8F704ADF0E2F7410D5AF91355360A3261E60C00B7BF3B128877550BABEC181', 'cmacgilpatrick3t@comsenz.com', '(280)-666-2104'),
('cpackington4c', 'Cchaddie', 'Packington', 'BAF82979D3175A7CD0105219695D590FCD2B3C7E2225F75A4D7AE3E57570A438', 'cpackington4c@tinyurl.com', '(675)-105-1765'),
('cpilley33', 'Casey', 'Pilley', 'FE9AB89AC6099503193EB2C059DB9B927D20B3FFDC3F60CF05917E7F38DC8923', 'cpilley33@weebly.com', '(205)-492-6481'),
('cpinck2s', 'Cherilyn', 'Pinck', '52919FD70537BAC888EC08ED20ADD8AF925CF12062524F163528A02698C72BFA', 'cpinck2s@flickr.com', '(166)-113-9331'),
('cschinetti4s', 'Colman', 'Schinetti', 'B2070CF907662D821AB5B96C6007C6371DA58CB2EF7E09B41305360580F711C8', 'cschinetti4s@rakuten.co.jp', '(288)-883-4500'),
('csillars54', 'Crissy', 'Sillars', 'CE3418AAF5811BEB47780D1C9DDCC5FC9BE07D6B8AB58473403EEBC5F9994515', 'csillars54@ihg.com', '(911)-120-4547'),
('ctrump3o', 'Correy', 'Trump', '8F01DB7373841B122FACA6A4D0F2532BF539C33FC57B4409EF1922AAAB5E09D3', 'ctrump3o@parallels.com', ''),
('cwattingham4x', 'Clayton', 'Wattingham', '2D0BFBF72FF91165D39402E538A2EF2D98598FF133929796CF1584E51210157A', 'cwattingham4x@comsenz.com', '(308)-219-3485'),
('cwhysall34', 'Crin', 'Whysall', '09B771C9148423E55E78461898FD4755C91BFF1ED4E37CC934E3CC004C0CCC8A', 'cwhysall34@ihg.com', '(237)-772-5024'),
('dbraunstein5m', 'Der', 'Braunstein', '29CB742FD3FC89EE5F73CD0BCB82B89917A24DD48C53A36DB1E8056568D1536C', 'dbraunstein5m@usatoday.com', '(617)-693-4733'),
('dczyz3a', 'Demetre', 'Czyz', '8F81069793E0C8D59F3E29032091984D06E834DB4FFD825E4104A9D71BF9E35D', 'dczyz3a@naver.com', '(441)-703-9924'),
('ddelacey27', 'Darleen', 'De Lacey', '318955A310C0B1F32603AE479BE661934AF7DF9AD07682C85B77951E9D2EECBA', 'ddelacey27@exblog.jp', ''),
('deatock4e', 'Dan', 'Eatock', '7AD3DC1ECB7B543EE510170331E8E4F6FFB66047E48DD2DE69AC1289F102D9BE', 'deatock4e@globo.com', ''),
('dfoxleyc', 'Debee', 'Foxley', 'FB941DB23C66DAF7413633681EBC7679CE9D01581D6F308F05A8DDD9BBCEE82C', 'dfoxleyc@fastcompany.com', '(416)-539-3457'),
('djendrys13', 'Dill', 'Jendrys', 'B3EB92C3E9DCAABC06CD27D09EF979EFF59B4B2FD582FAFB0C9BB288AA66F23D', 'djendrys13@bbb.org', ''),
('dkinzett4o', 'Dollie', 'Kinzett', '6001FEB3ECBF029C793B46889E51B3087CCFB24A63FE2238DBCE30C26145EB10', 'dkinzett4o@quantcast.com', ''),
('dlautie1y', 'Darryl', 'Lautie', 'E83BE267F9277B281A90674770E0E0CF3DCDFBE7C720DBD8B2AD91330AAA1254', 'dlautie1y@spotify.com', '(115)-472-7586'),
('dlegricek', 'Dorie', 'Le Grice', 'F0DB5FDE52AD9CEE86CD9CA86A84B74DC630BABA0E1B50BB108B78E536618EF4', 'dlegricek@bloglovin.com', '(716)-055-2014'),
('dmitchleyh', 'Dag', 'Mitchley', '23DBA70C5DBD84BD7A0B39627E40898325EFACF531AFE4A061A41A879C7CB975', 'dmitchleyh@mail.ru', '(431)-684-9686'),
('dponder4f', 'Donalt', 'Ponder', '51CBE3EFC08AE33F4348F44534815C99CB1FBB3B3E7ACF1CE83E533519D4DFF1', 'dponder4f@baidu.com', '(516)-666-2976'),
('drogister2w', 'Dion', 'Rogister', 'FD25CA1C2EBFD13EAF883B74AD3B845B4DB65C0C8720696F3329A29AD602093D', 'drogister2w@macromedia.com', '(614)-493-8358'),
('dspick3b', 'Dana', 'Spick', 'F90F8772519364E5EBC7BEDE824B9F6EF4289D0683DAC4788917AA692F7304C2', 'dspick3b@wikispaces.com', '(845)-977-6561'),
('dstoyell5h', 'Desmond', 'Stoyell', '23A30C9AE22AE3857027AF559AF92CEB462B13AECE7F911056AADEBF36638C3D', 'dstoyell5h@pbs.org', '(692)-830-2192'),
('dyuryev3c', 'Dacy', 'Yuryev', '85C305989E6ED37961132F6A1B8091FC0A12EBD9A688AA5C62B9760D1E023387', 'dyuryev3c@rakuten.co.jp', '(085)-055-6315'),
('eadamides2d', 'Early', 'Adamides', '823B0F79348C036A64E7EEB96FD3FF7F13A01B2FE70707652E50D01ACAE1C330', 'eadamides2d@bbb.org', '(943)-428-4888'),
('eaitken1k', 'Eddi', 'Aitken', '8C826ACBD3BCF47CA08AF62B7D814131713D62BFFA21ECD552E71A4EF9DC8131', 'eaitken1k@php.net', '(802)-148-4801'),
('ebatterson10', 'Elton', 'Batterson', '88A53210144631B9531F44E11290A822906CF86A147BE2D1E23F101828DDF440', 'ebatterson10@aol.com', '(212)-449-9692'),
('econibear2', 'Elmer', 'Conibear', '82C355DAB383D779605688848853CE14F3A41E8C18E516440FCFCB45374B69CB', 'econibear2@google.fr', ''),
('ehorbath3k', 'Edan', 'Horbath', 'E6D997CF01086D644AB2AB4DE6D60855B7BCB90D4312022E46ED067B9DD34B12', 'ehorbath3k@loc.gov', ''),
('ehugill55', 'Elsa', 'Hugill', '12D9E5C18B3FCE06C582CAF125E99304009241F2E1495EA27A4097319574CEB2', 'ehugill55@netscape.com', ''),
('ekimmitt5c', 'Ellene', 'Kimmitt', 'FC57609604DB67562F5D0C309E23D650717564E20300CEE022A1146FDF9FDFAB', 'ekimmitt5c@constantcontact.com', '(044)-283-4839'),
('epeddie5', 'Erhart', 'Peddie', 'C4A6C9809C54C6C31D0FB775C65FBD2306EE5F4301F078855099B83B3E20BA8E', 'epeddie5@bigcartel.com', '(972)-269-4826'),
('erosbotham1m', 'Emery', 'Rosbotham', '16BCB305B26AEDB163D095A3118A18EFF228A82E46C26F5E0F54A7DE5648E03F', 'erosbotham1m@sciencedirect.com', '(513)-776-2936'),
('eswane3i', 'Ede', 'Swane', 'D4936FC29E01902439D9EB685C9516826BB641654433A6FBFE62312354D0C5D2', 'eswane3i@stanford.edu', '(339)-556-8526'),
('flepick15', 'Fredrick', 'Lepick', '0BFA7BACAAFD944F95684110982474A40D742F1ECEE47D644DF45FCC33FF4397', 'flepick15@posterous.com', '(207)-965-7221'),
('fstachini3j', 'Fredi', 'Stachini', 'A2A95BA56E5AE4292E41770D2BE6854432275297EFA1A42DDBC310C0CFDD0827', 'fstachini3j@studiopress.com', '(461)-480-0495'),
('fstephens50', 'Frazier', 'Stephens', '3739B0FAB987921C4606AE34355AF5DD7B713B9B7E9FCFCEF6746FC3D519210C', 'fstephens50@walmart.com', ''),
('ggentric4b', 'Graig', 'Gentric', '434A7C8BBA9CC91FC3C6F7CC17D3FDB0D7643501C22D488410EC467E3FAA5873', 'ggentric4b@java.com', '(455)-079-5756'),
('gheeks45', 'Griffy', 'Heeks', '2541B448DEE3E0888CC75B8B1919957241724418A7A04201B7B31A667E91E486', 'gheeks45@cargocollective.com', ''),
('gkaesmans9', 'Georgianne', 'Kaesmans', '0EB0EF55B4CDC48F48D711DB0C3CC67E0F0E04AD2D70192956742458076ECEE8', 'gkaesmans9@dedecms.com', '(357)-063-8455'),
('gkreutzer5l', 'Garreth', 'Kreutzer', '644D6AD28497FFA14BBD7404207B1C8846438F44B6FC7A62D9F5D4EBAACBEED5', 'gkreutzer5l@rambler.ru', '(464)-876-2305'),
('glantoph3w', 'Gloriane', 'Lantoph', 'D7D5A3A158954B4782D972A3CDF2B49B1F4BEDEF61CA122CBFD597C54066D8D0', 'glantoph3w@state.gov', ''),
('gnode1a', 'Grace', 'Node', 'DA2FFF324AF986340A8ADF3D9632C9734C6E87E2B66426575BDF997B481D9D9A', 'gnode1a@cargocollective.com', '(803)-373-5825'),
('grubenov4w', 'Giavani', 'Rubenov', '7952578C4B37A3D3D6D351209F7D27D5C257FFF9273C08F02E9B152A2E774836', 'grubenov4w@creativecommons.org', '(604)-399-8107'),
('gtorald24', 'Gibby', 'Torald', 'FA63DEB306720FB662A29D4CB85215F2BF5338088FA1D911124EA32504F825F7', 'gtorald24@list-manage.com', ''),
('hcasine8', 'Huntlee', 'Casine', '88DC29CDE111FBE4FC21632BD8EC5DDFECA49A8EA4561BEA91D5BA0334AC204A', 'hcasine8@tamu.edu', ''),
('hfreemantle2y', 'Ham', 'Freemantle', '0B54AA687F6DCD8B579227CA1DE6B3055EA3C29681F0B02826A3505EFA3BC379', 'hfreemantle2y@discuz.net', '(204)-221-7019'),
('hmccague4p', 'Hildegarde', 'McCague', '63C01FA36FD0F58637CE57734BDED29A9672C0C36EBE826A09EB8D7227A48391', 'hmccague4p@dot.gov', '(355)-157-6544'),
('hmyricka', 'Helaina', 'Myrick', 'C1968881A2E4307A222A953E820D540BC16E81ADC53505BAA581004CBD669658', 'hmyricka@cbsnews.com', '(136)-363-7771'),
('hravenshaw4d', 'Harland', 'Ravenshaw', '9625DC99D8EA6980B4EE141F3037FFEA31E21007525951C069A67FA765B38FA5', 'hravenshaw4d@acquirethisname.com', ''),
('hschoroder2v', 'Hall', 'Schoroder', '8E9E5E597CC3C65DB674F8F53B65B263C06CBC278DC57B85B19234290357E8C3', 'hschoroder2v@uiuc.edu', '(730)-442-4494'),
('hwindress26', 'Helenelizabeth', 'Windress', '55357E9891AD47AC2D11A8527E1C769C2C08A51E559A385D482A74B7519587CF', 'hwindress26@alexa.com', ''),
('ibeebis31', 'Igor', 'Beebis', '59D036DCFF031B956A1BEDF36EAFE20A00C4398DA0D735BC503C87F6BC7996A0', 'ibeebis31@yale.edu', '(021)-505-4693'),
('iborland5n', 'Ivar', 'Borland', '3D2781F1429A334845608FCADE71DA38A21B2AB2D40732042CA6F243B6601AF3', 'iborland5n@netscape.com', '(286)-160-5090'),
('ibrabonf', 'Irma', 'Brabon', 'FC74B6ED21C2D1D9647E4E251E505182BE597000A58FCACF08A6FBB6804FE9B3', 'ibrabonf@ameblo.jp', '(461)-373-3294'),
('isamweyes56', 'Iorgos', 'Samweyes', '423D301E370D3B97C284162B45AB3D9AFB25CCBF2F66C0E1B0071A23ECDDC5B0', 'isamweyes56@boston.com', ''),
('iswetmorei', 'Imelda', 'Swetmore', 'CE970FAA5207360281E6A1EADAC54F3E492C41D73A95BD7EDE5E927CE1909CDA', 'iswetmorei@tmall.com', '(312)-512-8792'),
('jbugden41', 'Jacinda', 'Bugden', '921531ADA961C4EDE6DEBB4DFA35A296016DBFDB7DD07A34B17112D1689D9784', 'jbugden41@oracle.com', '(511)-892-5628'),
('jeastwood3v', 'Jackqueline', 'Eastwood', '101FC9B5770B4F9F826E07182ACA063F7F47DACA82C8D8693FF6F678A1A72A28', 'jeastwood3v@cafepress.com', '(920)-763-6785'),
('jgianasi2t', 'Jemie', 'Gianasi', '850511ABFA0AB83F00A4F0EB0DDAE95F4759F00F01042E7A0E48813041876F29', 'jgianasi2t@zdnet.com', '(018)-638-2839'),
('jguyonnet2u', 'Jewell', 'Guyonnet', '00F934E3D1AC487491B9F7BF14F170CBBA1FBEC0579466C576D00EEDB88B366B', 'jguyonnet2u@msu.edu', ''),
('jivanichev4v', 'Jeanne', 'Ivanichev', '73B2062CC8CC482F987AC83F00A80C0A8C9B386F21C76FA66BC549B076D2575C', 'jivanichev4v@last.fm', ''),
('jkey4h', 'Jan', 'Key', '3BC9F7358A3AFDC4D0E3385FE5E87B146DC1C9F3FCA3ADA11A19B389AE86B4E7', 'jkey4h@ovh.net', '(607)-161-5463'),
('jolooney2r', 'Jase', 'O\'Looney', '09DD95F279208B1D8DC20CC5479BB9A568D623E56AA6CD434AA493FB0B00CFEC', 'jolooney2r@facebook.com', '(087)-471-4449'),
('jpenmanu', 'Jerrine', 'Penman', 'CFBC72ADA7FA61C6DDB5AA8BA86E324E184190DB06A49D5F0CFFC6ED622EF61D', 'jpenmanu@accuweather.com', ''),
('jridgeway25', 'Jordain', 'Ridgeway', '38F62B2267F3500E91828008DE4038902F630B946410121B3CDC9B1841BBE43E', 'jridgeway25@altervista.org', '(377)-254-4251'),
('jsackes3z', 'Jori', 'Sackes', 'B4DBF37CA0182FA9BB9BC9EE0B9BA25A19C8508BB4D4F240B8624F60BE0A5E3C', 'jsackes3z@engadget.com', '(417)-505-1992'),
('jsirmon4z', 'Jeffy', 'Sirmon', '60A7C1FC579E4FF29BB22476DB0B3547CA89EDB193A56DBEF9B3E60165A81999', 'jsirmon4z@github.com', ''),
('jsummerly2c', 'Jereme', 'Summerly', 'E6FE49457501753C57984DDF8D397CCA4022F8EB76CF4C45F34EE7C2EB80C47A', 'jsummerly2c@myspace.com', '(422)-011-2599'),
('kauldsz', 'Kiley', 'Aulds', 'C1A06B35CA65C0423C1526422375C20E62600864F0346E9DA51A7E655AA06B2F', 'kauldsz@artisteer.com', '(923)-121-1375'),
('kbramham37', 'Kathleen', 'Bramham', '08C07BA55262B8084FE498F5A78E56A3BB3EB6D692A4A5BB7D12C850348501F9', 'kbramham37@cmu.edu', '(362)-830-4837'),
('kdancey5g', 'Kev', 'Dancey', '92D3068A7A6ACA8A65ACF81D9236FA74362BF05FB546EF0C1917110CE7CDA35E', 'kdancey5g@salon.com', '(266)-266-3979'),
('kdegliabbati5f', 'Kris', 'Degli Abbati', 'FDF885523F1F24A0C87EC7FF322856CDD857BBC68F0C6651DB6AE00B8008B3D0', 'kdegliabbati5f@myspace.com', '(293)-558-3803'),
('kedel4k', 'Karee', 'Edel', '3BF788674AA88F9D99F4BF7C49672A41D4E95BEA315537E5A1FF13863C5EEF7C', 'kedel4k@bloomberg.com', '(127)-359-0560'),
('kfeld58', 'Klara', 'Feld', 'A6E145C912505D7197C6E693D4645D7B69CC1796451A2093808E516168C7332D', 'kfeld58@sourceforge.net', ''),
('kfideler30', 'Kelcey', 'Fideler', 'EA5744AEEB43C0118CCA7E4BF704D3FC632A96E0CDB7E1A19DF4B1BAD3CF0C11', 'kfideler30@imageshack.us', '(081)-653-1155'),
('klutmanp', 'Kissee', 'Lutman', '3A37F9FF542E078EAD0EE1EE9E1FD1D627C7B87AADC4F55BB3D0C673E9B8AF1E', 'klutmanp@msn.com', '(569)-496-0336'),
('kmainwaringm', 'Korie', 'Mainwaring', '55725F31AF519056EABC43EE15E646E8603F36A552F53E258134A8E891C9FFC4', 'kmainwaringm@techcrunch.com', '(957)-289-2765'),
('kmcardle4g', 'Krishnah', 'McArdle', '965734F0E67F882887DD71A391B78E518478E241AAD46756E302770B53AEEC35', 'kmcardle4g@github.io', ''),
('krenackownaw', 'Koenraad', 'Renackowna', '75776132E9E86B8E67987C2798C14E1DBE177370C97C60BAA092BA845ECCC0ED', 'krenackownaw@nytimes.com', '(990)-313-5612'),
('krodman3l', 'Keir', 'Rodman', 'AAF57D6F7B527D9965265FBDD9F5184B99892C4F129D3D8E8BAC5A47DF8FEECB', 'krodman3l@cdbaby.com', '(478)-322-6123'),
('ksemon3r', 'Katina', 'Semon', 'EF33838DC11B0DE79F809D471F72A7F3FCF30D6075C69CFDE9C09A2BCBD1B1EA', 'ksemon3r@yellowbook.com', '(614)-555-1764'),
('kwhyard1g', 'Karola', 'Whyard', '75DB6209E61077592A398B5BB8BADCD8B19A33FEBFC661E863456CDBB3AE922B', 'kwhyard1g@shop-pro.jp', '(325)-698-3122'),
('lbeany16', 'Lyon', 'Beany', 'F63D60F96A32DEA4A7F715B2A63AFEA2797D65FC05DBC3FC539FBE065FDAAB6F', 'lbeany16@bloomberg.com', '(607)-234-4523'),
('lclaffey3p', 'Lynnea', 'Claffey', '3337A5B32AC16C67FBA31AC42DB3C8F5FD575B998F898B947B7A6AD94DC5495B', 'lclaffey3p@cmu.edu', '(751)-970-7997'),
('lnoble46', 'Lynelle', 'Noble', '404E5C6E8D72D00A16A3575A4C0E1928F7BCD037E82D890C20825C2624829CC4', 'lnoble46@abc.net.au', ''),
('lpreshous39', 'Luke', 'Preshous', 'E85EC6F44F2BAEA05E80BC57027C23995DCB357C61658EB3E1288BE09C5B0510', 'lpreshous39@nhs.uk', '(886)-081-7736'),
('lstollmeyer49', 'Lindsey', 'Stollmeyer', 'F35279E36A17B233370C66E5F36E0B2CF3E3A32334B9CD9DE1BF39E6F3834798', 'lstollmeyer49@wordpress.com', '(194)-436-5422'),
('marmatidge5e', 'Marcelline', 'Armatidge', 'A7EDB1D11B5A0BF6A9095BD6723E8C3A920753C2A23CD4188335D06F79CD528E', 'marmatidge5e@indiatimes.com', ''),
('maujean2e', 'Merle', 'Aujean', 'D1C7A1C56D43DA3F542DF0C0E30A8FD95C63C92A215E989ED5C5E9DA0D633596', 'maujean2e@alexa.com', '(592)-408-1345'),
('mcrispe1v', 'Margaux', 'Crispe', 'D4304B5ABC313F9787853022C7B7197956689046ED0A7A8C06CC65EFA98A83B4', 'mcrispe1v@cdbaby.com', ''),
('mescot19', 'Mehetabel', 'Escot', '7076189DE7C4D1D3D5250314512BFCB1B47ACF2EB2708DD68C280FD4E2C76A6D', 'mescot19@china.com.cn', '(233)-054-9987'),
('mfaires4u', 'Maura', 'Faires', '6C83623B06E3D0EB52C3BE776DF61B30844E6428C7235FF3D7A1BD685C2CBECB', 'mfaires4u@is.gd', ''),
('mfulcher1s', 'Meredith', 'Fulcher', '0DFDC58DF3F008363261C71AA809C128DC61C3F2FEC208A8502347D2F30AFA63', 'mfulcher1s@howstuffworks.com', '(674)-734-6799'),
('mfurminger2o', 'Micaela', 'Furminger', '17F97F411388F5F3E49B492FA2F4CC6CD41DAB61A6E343624197516C0AE73CDE', 'mfurminger2o@europa.eu', '(718)-468-0071'),
('mhabeshaw29', 'Melita', 'Habeshaw', 'E4711C70DDEAEE0FEB441D31179AED99527A1D28613CC21EFB96C1A9D8549345', 'mhabeshaw29@mlb.com', '(760)-393-6202'),
('mhunnaball1f', 'Maxi', 'Hunnaball', 'BD39601132868AF8BBCACCE72137784466E96E490ABAE36D8C8ACDC735A7EA4D', 'mhunnaball1f@chicagotribune.com', '(749)-019-4209'),
('mjolly2i', 'Mylo', 'Jolly', '4CAE1FA1047BDA682690919C09B09411E3802064D46E90393E912C49DF279FE1', 'mjolly2i@nifty.com', '(945)-060-1205'),
('mjorioz2j', 'Margarita', 'Jorioz', '71071A836C51C33C484E6C537391DDF46B31109D3E2C981CFF9E9292000BA8D5', 'mjorioz2j@printfriendly.com', '(050)-232-9586'),
('mkeir5i', 'Marilee', 'Keir', '30A502EE0DDE634CFD80037B0C4983E0B9B1BEB8401DF25070A08107D6D86533', 'mkeir5i@msu.edu', '(296)-222-1763'),
('mketteman1b', 'Merrile', 'Ketteman', '083364C2F0F85F09543A3E07B52437CED4984C3667E8C68C3CA3F3677F3B27F7', 'mketteman1b@ted.com', ''),
('mkynnd2q', 'Malia', 'Kynnd', '8C37462410272B94DFE9295EA7B679A26C1A355FA14D80711524A8959E170108', 'mkynnd2q@fc2.com', ''),
('mmcilroy5p', 'Monika', 'McIlroy', 'A5026124B0DFA1634F92454BF832BD63316C3295641C0EFD63E20E72D1660E1C', 'mmcilroy5p@wikispaces.com', ''),
('mmuck57', 'Mariana', 'Muck', '38F2207C558BF48446AD31C9C328D3AA765DD3CD073653DE468D476565D6D03A', 'mmuck57@paginegialle.it', '(660)-320-7439'),
('molooney2p', 'Miran', 'O\'Looney', '0649C6BED60EB89025A36B066887B48FFB05E921EADB8948EC01031A9384D937', 'molooney2p@shareasale.com', ''),
('mraggv', 'Meggy', 'Ragg', '28C1B387902BA525A7C8ED87435E34E2B6846916FB0C07F817E56CA5EDACB1FE', 'mraggv@instagram.com', '(436)-373-0150'),
('mranscomb4', 'Melitta', 'Ranscomb', '220514DDC13C01B030CECA103CBE8897EF408F51844865B1DFEB9B2B6B88E74E', 'mranscomb4@cocolog-nifty.com', '(737)-309-4681'),
('msings4r', 'Marna', 'Sings', '673B095E3A654C9A7CBC48B1D7082D1BA7015D1C6247D6852FFC85C1DB9FCD7C', 'msings4r@furl.net', '(411)-659-0664'),
('mtenniswood12', 'Mel', 'Tenniswood', 'A22988151874AD2AFABDE954CAF26BC9F3AD6031352E5833C0533DAB232C05D8', 'mtenniswood12@netscape.com', ''),
('mvarah1w', 'Marv', 'Varah', '221369AD220B9BB651C9B39C47CA5871C773FE8075039BA97C51B38B30232AA5', 'mvarah1w@t-online.de', '(000)-528-3004'),
('nabethell22', 'Nicole', 'Abethell', 'B55F2949BDAE1DEA38C6D6D9909C72605591EBE33CE4352995E7097FEEC932F8', 'nabethell22@xinhuanet.com', '(308)-886-7552'),
('nadamovitchb', 'Nina', 'Adamovitch', 'EF294866D8C307DE12A0579A9E50A6BD03D79AA9427E1C9E613BEA87A91AF8DD', 'nadamovitchb@taobao.com', ''),
('nderrick1p', 'Nani', 'Derrick', 'E8700155F18A7F767817A85EFBBAA5758D231A43632CD184E24E30622568CD6A', 'nderrick1p@etsy.com', '(922)-190-0765'),
('ndevillier38', 'Neel', 'de Villier', 'D4F61844B3A0EE04D9393A97334DD7BDF2AFCBDED8FC7E66F1220DAA5A00AD52', 'ndevillier38@java.com', '(686)-862-7399'),
('neakin1q', 'Nicholas', 'Eakin', '8CF7A381611AF3EFD6F8B4EE34DB63B322C211589F021924E59DCA088CB18179', 'neakin1q@blogger.com', ''),
('nfarman1e', 'Noemi', 'Farman', 'F8B0CBC795D73B7D6C999239DDF359D4E863B9F9D346813179B672F230BF83B1', 'nfarman1e@indiegogo.com', '(429)-499-4335'),
('nswinfon43', 'Nananne', 'Swinfon', '219B3EEAB5D13EC21D2638AEF88984DB2FE337D77192E67A848C754E93E6ED09', 'nswinfon43@fc2.com', ''),
('ohadlow28', 'Odessa', 'Hadlow', '986EBE603FC0218DA084A46B34BD1F81FF9C584C2C005BF0921E58FB5430466C', 'ohadlow28@yahoo.com', '(903)-369-2044'),
('oprofitl', 'Oona', 'Profit', '166C9D99F8DBFF335BB3EFF6842054622325F80D2C1B0419B89EF09C6FF4F8BC', 'oprofitl@nps.gov', ''),
('pbachellier2x', 'Pepe', 'Bachellier', '79B048D314B5343CDEC8E11FB2D29873F1FCC17E6030097212885F59C271B41C', 'pbachellier2x@icio.us', ''),
('pbauded', 'Pat', 'Baude', '1E2035E172367644BC4CB6DA069179EA18BE413FE7128F9F9CF40E75FAF551D1', 'pbauded@auda.org.au', ''),
('pgilhouley3m', 'Persis', 'Gilhouley', '6A68352BAE5F2586A31B50984086FD9F14EF561CC2DB38742D3BD39B7E03E975', 'pgilhouley3m@marketwatch.com', '(086)-124-3541'),
('phockey4y', 'Peggy', 'Hockey', '6CFC06FEC7C8EB3914E905D48DC332897AC35EFC345A377988644F9733F39BAF', 'phockey4y@ow.ly', ''),
('plambourne1x', 'Paige', 'Lambourne', 'FC9C73A393ECEE37FDEADA497D30C486EA11B3AB7248FAB7C6465D399CF11641', 'plambourne1x@ezinearticles.com', ''),
('pwarnese', 'Perle', 'Warnes', '4DF00762629E1E749B527E77717824B099D75181859C4022291018CDEF0B6C5E', 'pwarnese@virginia.edu', '(355)-487-9914'),
('qbasill2f', 'Quint', 'Basill', 'F68367C6D0E1A5720173C0A121A88FD312309584110E3B1FFAFF89EACED91B0A', 'qbasill2f@smh.com.au', '(702)-802-5075'),
('rblancowe3', 'Rourke', 'Blancowe', '955C699F88D5546AC4A41CC6226F8E46EB185D7AD73750005F4F3A040CE1AB32', 'rblancowe3@hexun.com', '(195)-625-7483'),
('rdefries3d', 'Ramona', 'Defries', '61A146BB29A9B7C5EA122E20C39C83FEE9F88E7963FB866C8512DD9064BDC27A', 'rdefries3d@topsy.com', '(260)-979-7547'),
('rdowers48', 'Ray', 'Dowers', 'D3370CDEECB9B583D17EE05E619303CCCC40478857B64AB19B5811F839C05823', 'rdowers48@sakura.ne.jp', ''),
('remes3h', 'Rosetta', 'Emes', '879D086A3EB1067DADE839B0CE7864BD0576D79534F50F54A481185749A47398', 'remes3h@ftc.gov', '(360)-319-9157'),
('rgartrell1z', 'Rosco', 'Gartrell', '3F8D79B481161966A801D8F8145C6BA072A857F5049FBD8959D113CD0A38C921', 'rgartrell1z@theguardian.com', '(598)-145-6159'),
('rjoan59', 'Raddy', 'Joan', '0F14C9DEF139B7B40A2D8B28B1F2A255B85EC9A6E2B6EC4C714CB4268125EEEB', 'rjoan59@sohu.com', ''),
('rlebarr51', 'Rod', 'Le Barr', '56403276D49E48A49D8BC07AD9289A9CCB5CD72340B20E9C52F005FA042D31E0', 'rlebarr51@chronoengine.com', '(475)-760-7451'),
('rluebbert21', 'Rogerio', 'Luebbert', 'AD7072F8C668D6FBE106471512A09B27FA105C3E358641D1705D2B963817614D', 'rluebbert21@twitter.com', ''),
('rrosin', 'Ric', 'Rosi', 'DCC29FA37153F44787139108C2625C71BE68EB2EB9B184926565F4B7953FEE41', 'rrosin@earthlink.net', ''),
('rsparrow1n', 'Reinold', 'Sparrow', '5EF5D002F2EFD90FF4BFCB47C3F0834606AB2A102EF9B62F92AE30A5DA3C6A3C', 'rsparrow1n@vistaprint.com', '(010)-702-5988'),
('sbartosch2k', 'Sherlock', 'Bartosch', '59224FE49DF9512C525469CDA28E73617359BF321D77AA9A6358E4BC645DD490', 'sbartosch2k@macromedia.com', ''),
('sbergeon2n', 'Stephani', 'Bergeon', '3A6CB3AA495FD43C8A48628E9CC7EFB36A4A50677108C3CFB88C6E88B9AA2358', 'sbergeon2n@facebook.com', ''),
('sbrandham2a', 'Shanta', 'Brandham', '0E1A055DADE4A3A0EE984671DE3797FC5DF90301C9F1EABBBB7B991D1EC29A7A', 'sbrandham2a@posterous.com', '(811)-878-9169'),
('scabotto3f', 'Sheryl', 'Cabotto', '23BEC94A9DCC966A0BE4672CE532F40AB1B62E5ACBDABF1A5B90A42B75049220', 'scabotto3f@soundcloud.com', '(374)-961-4438'),
('scroci35', 'Silas', 'Croci', '61AF3795F1620EA0798B41660648C444C19E4C4631CBB4FA7FD50466EA715215', 'scroci35@fema.gov', '(796)-581-1101'),
('sfulton4i', 'Sibylla', 'Fulton', '1DCEECC0749DD214D86CC3EB145DA56B865F1271C4A6EDB0EDFDD694F27A392A', 'sfulton4i@howstuffworks.com', '(622)-800-2456'),
('shargie1i', 'Sylvia', 'Hargie', '5FD03AB3868302083010ED8438F24C0551153D3CE353E4A239685C378606F7D3', 'shargie1i@unesco.org', '(432)-494-6841'),
('skopje1c', 'Salomone', 'Kopje', '6272F1A3FFA755C54FA732A79A8C1851DA9F153BD23D34A479A4203D26104537', 'skopje1c@psu.edu', ''),
('smaleck5d', 'Selene', 'Maleck', '4DAC3E600998C83280F4805A114ADD3429D121F81CDDEC6C3941C9EE0FC5AAAB', 'smaleck5d@mlb.com', '(913)-290-6324'),
('smcbay4m', 'Sauncho', 'McBay', 'C9AE800C83566449AA2C27F115DE5DD299BE5E2438764AF6A438C7DFED00ADA2', 'smcbay4m@technorati.com', '(538)-063-6074'),
('sofielly2g', 'Sidonnie', 'O\'Fielly', '23F2C3E7F58438D4640662267B68A0E2E97675224FCA8A8E4752450166B88E7F', 'sofielly2g@psu.edu', ''),
('sscamal2m', 'Sandi', 'Scamal', 'CB4CFEE1DA96B1F6473E5E5C5D058095761013A2CAF7F0A7694B3C7F5283316B', 'sscamal2m@sitemeter.com', '(153)-036-4532'),
('sseefeldt47', 'Sarine', 'Seefeldt', '87DC2F115E162AF1AB452F0CED61F3344CA961229B4DF058E0420BCDAE6D844D', 'sseefeldt47@t-online.de', '(337)-736-5588'),
('stesto3n', 'Sigismond', 'Testo', '0BD0A201F325EFD574AA1099960262501BB1F4B23872704F193FA1AE086F8C50', 'stesto3n@salon.com', '(165)-599-2193'),
('svonderdellt', 'Shandie', 'Vonderdell', '6DB0477D95CF4B5BAE0CBB84449E7927FB5E686C7A377C8BE42913E596DCB4BB', 'svonderdellt@printfriendly.com', '(547)-347-9735'),
('tfeehan4n', 'Timmie', 'Feehan', 'FED9DFF8CFBDB4459E996D3F79297DF304938E0EDB0A46BCE6A2C4EB1BBA5166', 'tfeehan4n@japanpost.jp', '(737)-718-5385'),
('tmessenger3q', 'Tracee', 'Messenger', '1E167049E5784CCB7C679631CE386C8F8EF2635A347C00331B1F097AF7817344', 'tmessenger3q@shareasale.com', '(281)-563-6813'),
('tollie52', 'Thekla', 'Ollie', 'AC3EBA21133BEC8620E19BCBDEB167F52C1C1F1270D787E92B1FBB457E880CDF', 'tollie52@admin.ch', '(173)-874-5603'),
('tpendergrasto', 'Tamas', 'Pendergrast', '633F34ACF6BC1A7B461659A6D661F1F638260897376A0A11F574445E4FAABCC5', 'tpendergrasto@hud.gov', '(576)-312-3489'),
('tpython36', 'Tasha', 'Python', '69D0E4099BB092426A2DFEB3244A7A050C752D446658A35BAEA9823B31935E4E', 'tpython36@berkeley.edu', '(773)-160-3646'),
('tramsbottom5b', 'Theresita', 'Ramsbottom', '40F42C195D7A480B357EAABEE9591C2A02FE48A5776E6445D1022F7A51A42804', 'tramsbottom5b@sfgate.com', ''),
('tscreach32', 'Tracey', 'Screach', '105C87D931A441BDC0F2A9732B6982E26E4B070E22C1F354A368165865F9E5B4', 'tscreach32@t.co', '(202)-560-8077'),
('tsheringham5k', 'Tully', 'Sheringham', 'ADCA8B82B2743D734A3BEBDBB35556D824AF8908D249EC4DDB516B112D675721', 'tsheringham5k@github.io', ''),
('twhitechurch2h', 'Tris', 'Whitechurch', 'F09D653CDB2C154549E346870B0FB635B1EC05A50FFB2D2A0012797C61DEDCCE', 'twhitechurch2h@icq.com', '(097)-038-8123'),
('uleatherland5j', 'Ulrika', 'Leatherland', '4B3C454FFFB2342C5DD5D7983519CBA1B5D1C3C6B99797F70E870FAA59AE04B3', 'uleatherland5j@smh.com.au', '(230)-591-1158'),
('vconstantinou5r', 'Vicky', 'Constantinou', '76FB67342D1BD3A259CF8B046395F67B8AB4E2B65A98B4B6A644A8075E0EEC7D', 'vconstantinou5r@sogou.com', ''),
('vissacov3u', 'Valentia', 'Issacov', 'CA0047FEB62B9452E1116A1CE9548C56547DB9BF97656AC91E14764E74D42EDF', 'vissacov3u@prlog.org', ''),
('vrichfieldy', 'Veradis', 'Richfield', 'E01C838B50A4AEC2D525EC471D80833ECAE50D10EE0883A924147DBF697D8DE2', 'vrichfieldy@marriott.com', ''),
('vsmillieg', 'Vincenty', 'Smillie', 'C170AAA8688200E8DF24430521951A0848B92EEAC94364AD2AD2DBE3A37043FC', 'vsmillieg@newyorker.com', '(941)-028-9672'),
('vtremathack2z', 'Valerie', 'Tremathack', 'DC62BC60B95704F07DA5534E9D7BF9B1CBB010E1F0EF2565721A6A1A841BF772', 'vtremathack2z@xing.com', '(080)-979-7749'),
('wprangley7', 'Way', 'Prangley', '870B3D8C98E2A2177D4A8A20FA6B0BC8A1AA7EEA8CCAAE4E88117447242D197D', 'wprangley7@seesaa.net', '(309)-757-2519'),
('wtassell5q', 'Wiatt', 'Tassell', '20C6A4CC4C61161A6F2476743C2BFACD1D3267FD688879F5095C5BAF4E81BC76', 'wtassell5q@hostgator.com', ''),
('zgeockle1u', 'Zora', 'Geockle', 'C91518076A52FD77E3E384A8A32D71367506F595DF0D1AC24AB5EC27ECF24BA5', 'zgeockle1u@yellowpages.com', '(901)-130-9029'),
('zkrienke6', 'Zsa zsa', 'Krienke', '3A4FEBE91B4C8C531C1C1A870F1AB429EBA9F10F2D359AC5FCFE68A7DDED1831', 'zkrienke6@rakuten.co.jp', '');

--
-- Indexes for dumped tables
--

--
-- Indexes for table `event`
--
ALTER TABLE `event`
  ADD PRIMARY KEY (`eventID`),
  ADD KEY `userID` (`userID`);

--
-- Indexes for table `event_task`
--
ALTER TABLE `event_task`
  ADD PRIMARY KEY (`eventID`,`taskID`);

--
-- Indexes for table `group`
--
ALTER TABLE `group`
  ADD PRIMARY KEY (`groupID`);

--
-- Indexes for table `group_user`
--
ALTER TABLE `group_user`
  ADD PRIMARY KEY (`groupID`,`userID`);

--
-- Indexes for table `own_list`
--
ALTER TABLE `own_list`
  ADD PRIMARY KEY (`userID`,`listID`);

--
-- Indexes for table `own_task`
--
ALTER TABLE `own_task`
  ADD PRIMARY KEY (`userID`,`taskID`);

--
-- Indexes for table `share_list`
--
ALTER TABLE `share_list`
  ADD PRIMARY KEY (`userID`,`listID`);

--
-- Indexes for table `share_task`
--
ALTER TABLE `share_task`
  ADD PRIMARY KEY (`userID`,`taskID`);

--
-- Indexes for table `subgroup_of`
--
ALTER TABLE `subgroup_of`
  ADD PRIMARY KEY (`parent_groupID`,`sub_groupID`);

--
-- Indexes for table `tag`
--
ALTER TABLE `tag`
  ADD PRIMARY KEY (`tagID`);

--
-- Indexes for table `tag_list`
--
ALTER TABLE `tag_list`
  ADD PRIMARY KEY (`tagID`,`listID`);

--
-- Indexes for table `task`
--
ALTER TABLE `task`
  ADD PRIMARY KEY (`taskID`);

--
-- Indexes for table `task_list`
--
ALTER TABLE `task_list`
  ADD PRIMARY KEY (`taskID`,`listID`);

--
-- Indexes for table `tdlist`
--
ALTER TABLE `tdlist`
  ADD PRIMARY KEY (`listID`);

--
-- Indexes for table `user`
--
ALTER TABLE `user`
  ADD PRIMARY KEY (`userID`);
COMMIT;

/*!40101 SET CHARACTER_SET_CLIENT=@OLD_CHARACTER_SET_CLIENT */;
/*!40101 SET CHARACTER_SET_RESULTS=@OLD_CHARACTER_SET_RESULTS */;
/*!40101 SET COLLATION_CONNECTION=@OLD_COLLATION_CONNECTION */;
