1,mranscomb4,2020-09-19,11:07,2020-10-15,1:50:37
2,epeddie5,2020-09-25,16:39,2020-10-13,1:30:54
3,zkrienke6,2020-09-29,18:23,2020-10-11,13:56:50
4,wprangley7,2020-09-24,7:35,2020-10-18,10:01:12
5,hcasine8,2020-09-24,19:42,2020-10-21,10:10:15
6,gkaesmans9,2020-09-21,0:11,2020-10-15,13:30:24
7,hmyricka,2020-09-18,5:09,2020-10-22,2:50:27
8,nadamovitchb,2020-09-16,1:46,2020-10-07,1:40:11
9,dfoxleyc,2020-09-17,23:53,2020-10-07,14:47:54
10,pbauded,2020-09-24,3:47,2020-10-03,2:42:34
11,pwarnese,2020-09-19,11:06,2020-10-02,4:10:33
12,ibrabonf,2020-09-29,9:40,2020-10-04,19:22:24
13,vsmillieg,2020-09-30,18:40,2020-10-14,20:30:25
14,kwhyard1g,2020-09-17,6:39,2020-10-20,18:48:04
15,adipietro1h,2020-09-27,7:39,2020-10-10,8:06:51
16,shargie1i,2020-09-30,22:31,2020-10-18,13:34:49
17,bflury1j,2020-09-23,8:44,2020-10-16,22:59:13
18,eaitken1k,2020-09-30,17:38,2020-10-19,20:40:46
19,ckobiera1l,2020-09-30,20:03,2020-10-13,22:06:42
20,erosbotham1m,2020-09-29,9:36,2020-10-06,15:19:49
21,rsparrow1n,2020-09-26,1:51,2020-10-08,0:08:57
22,afeehely1o,2020-09-25,13:58,2020-10-18,3:18:32
23,nderrick1p,2020-09-26,6:19,2020-10-11,1:43:04
24,neakin1q,2020-09-25,4:25,2020-10-17,14:25:36
25,bprendiville1r,2020-09-23,17:39,2020-10-09,7:29:26
26,mfulcher1s,2020-09-28,14:11,2020-10-10,9:45:11
27,cheskey1t,2020-09-25,9:08,2020-10-11,2:05:04
28,zgeockle1u,2020-09-15,11:33,2020-10-02,15:22:26
29,sbartosch2k,2020-09-17,10:10,2020-10-08,3:29:12
30,afihelly2l,2020-09-22,9:12,2020-10-14,4:44:34
31,sscamal2m,2020-09-28,3:26,2020-10-10,7:30:09
32,sbergeon2n,2020-09-29,7:35,2020-10-07,3:13:38
33,mfurminger2o,2020-09-21,19:07,2020-10-23,1:32:21
34,molooney2p,2020-09-28,22:10,2020-10-03,17:46:03
35,mkynnd2q,2020-09-19,10:15,2020-10-13,23:40:13
36,jolooney2r,2020-09-23,5:51,2020-10-10,18:35:32
37,cpinck2s,2020-09-19,4:19,2020-10-07,21:11:26
38,jgianasi2t,2020-09-26,10:17,2020-10-22,21:02:15
39,jguyonnet2u,2020-09-24,3:10,2020-10-01,22:40:53
40,hschoroder2v,2020-09-20,1:08,2020-10-06,14:20:04
41,drogister2w,2020-09-28,7:21,2020-10-04,16:22:32
42,pbachellier2x,2020-09-26,20:19,2020-10-22,0:38:19
43,hfreemantle2y,2020-09-17,20:50,2020-10-23,16:09:16
44,vtremathack2z,2020-09-28,21:29,2020-10-02,13:43:56
45,kfideler30,2020-09-30,18:22,2020-10-20,7:26:05
46,ibeebis31,2020-09-29,20:08,2020-10-01,20:44:16
47,tscreach32,2020-09-25,0:36,2020-10-07,4:51:13
48,cpilley33,2020-09-29,11:48,2020-10-07,3:32:38
49,cwhysall34,2020-09-27,21:11,2020-10-19,21:54:57
50,scroci35,2020-09-30,8:38,2020-10-04,6:57:03
51,tpython36,2020-09-20,5:56,2020-10-20,12:02:36
52,kbramham37,2020-09-28,11:10,2020-10-18,16:19:41
53,ndevillier38,2020-09-25,9:48,2020-10-08,19:27:08
54,lpreshous39,2020-09-16,18:57,2020-10-11,10:29:19
55,tmessenger3q,2020-09-15,15:43,2020-10-05,12:07:35
56,ksemon3r,2020-09-26,21:24,2020-10-18,15:07:30
57,bandreazzi3s,2020-09-17,20:18,2020-10-15,18:52:32
58,cmacgilpatrick3t,2020-09-29,23:51,2020-10-22,12:10:16
59,vissacov3u,2020-09-15,0:33,2020-10-20,9:55:39
60,jeastwood3v,2020-09-29,22:07,2020-10-02,11:59:42
61,glantoph3w,2020-09-23,12:08,2020-10-17,17:30:36
62,bswiffan3x,2020-09-16,10:34,2020-10-01,12:54:21
63,bmaclaine3y,2020-09-26,14:46,2020-10-18,19:31:27
64,jsackes3z,2020-09-27,16:42,2020-10-05,2:57:55
65,pbachellier2x,2020-09-21,5:04,2020-10-12,18:39:13
66,hfreemantle2y,2020-09-25,1:53,2020-10-01,5:30:08
67,vtremathack2z,2020-09-30,3:27,2020-10-21,6:30:20
68,kfideler30,2020-09-16,23:12,2020-10-01,17:25:02
69,ibeebis31,2020-09-28,17:25,2020-10-18,10:40:12
70,tscreach32,2020-09-29,12:06,2020-10-18,23:22:20
71,cpilley33,2020-09-19,7:08,2020-10-17,17:49:46
72,cwhysall34,2020-09-23,0:41,2020-10-10,15:48:58
73,scroci35,2020-09-24,4:18,2020-10-16,0:54:21
74,tpython36,2020-09-20,17:19,2020-10-05,7:15:00
75,kbramham37,2020-09-15,4:53,2020-10-05,11:32:33
76,ndevillier38,2020-09-25,4:46,2020-10-02,13:48:48
77,lpreshous39,2020-09-27,12:38,2020-10-12,23:07:45
78,dczyz3a,2020-09-21,15:21,2020-10-22,8:12:22
79,dspick3b,2020-09-26,9:56,2020-10-19,12:07:12
80,dyuryev3c,2020-09-24,3:28,2020-10-08,2:14:18
81,rdefries3d,2020-09-29,8:27,2020-10-16,3:24:16
82,asnasdell3e,2020-09-18,22:14,2020-10-12,19:17:16
83,scabotto3f,2020-09-27,18:34,2020-10-14,23:28:56
84,carundel3g,2020-09-17,0:42,2020-10-02,16:24:48
85,remes3h,2020-09-25,14:03,2020-10-20,8:19:04
86,eswane3i,2020-09-29,3:56,2020-10-11,9:03:26
87,rgartrell1z,2020-09-21,10:14,2020-10-08,23:03:29
88,aenright20,2020-09-18,15:36,2020-10-21,20:10:20
89,rluebbert21,2020-09-30,23:41,2020-10-05,14:33:34
90,nabethell22,2020-09-26,21:27,2020-10-09,10:46:02
91,bbahike23,2020-09-19,11:21,2020-10-08,17:54:26
92,gtorald24,2020-09-30,1:59,2020-10-22,20:37:30
93,jridgeway25,2020-09-30,10:27,2020-10-18,13:20:13
94,hwindress26,2020-09-21,11:17,2020-10-12,11:36:26
95,ddelacey27,2020-09-15,1:18,2020-10-01,3:16:12
96,ohadlow28,2020-09-24,17:51,2020-10-01,22:39:15
97,mhabeshaw29,2020-09-15,4:41,2020-10-21,14:43:07
98,sbrandham2a,2020-09-28,3:34,2020-10-04,17:26:15
99,bpolak2b,2020-09-22,11:00,2020-10-19,2:32:27
100,jsummerly2c,2020-09-23,1:28,2020-10-23,6:41:11
101,eadamides2d,2020-09-18,5:53,2020-10-11,10:14:27
102,maujean2e,2020-09-26,21:47,2020-10-17,23:28:16
103,qbasill2f,2020-09-24,9:22,2020-10-10,7:50:55
104,sofielly2g,2020-09-24,5:28,2020-10-18,13:37:31
105,twhitechurch2h,2020-09-30,17:01,2020-10-11,19:04:12
106,mjolly2i,2020-09-20,0:17,2020-10-18,3:59:45
107,mjorioz2j,2020-09-23,11:54,2020-10-19,0:53:03
108,sbartosch2k,2020-09-20,19:00,2020-10-05,11:24:30
109,afihelly2l,2020-09-17,5:01,2020-10-09,18:02:08
110,sscamal2m,2020-09-19,1:58,2020-10-13,4:32:53
111,sbergeon2n,2020-09-15,3:15,2020-10-05,16:29:47
112,mfurminger2o,2020-09-26,1:38,2020-10-10,21:35:46
113,molooney2p,2020-09-18,2:52,2020-10-10,7:20:58
114,mkynnd2q,2020-09-24,23:14,2020-10-12,8:47:09
115,jolooney2r,2020-09-28,15:13,2020-10-18,22:48:20
116,cpinck2s,2020-09-23,20:40,2020-10-11,1:29:20
117,jgianasi2t,2020-09-28,2:01,2020-10-11,3:21:00
118,jguyonnet2u,2020-09-30,3:41,2020-10-22,16:27:19
119,hschoroder2v,2020-09-19,22:55,2020-10-17,21:39:04
120,drogister2w,2020-09-25,14:59,2020-10-13,7:25:57
121,pbachellier2x,2020-09-16,11:01,2020-10-14,15:45:12
122,hfreemantle2y,2020-09-18,12:21,2020-10-08,3:44:44
123,vtremathack2z,2020-09-16,2:58,2020-10-17,23:53:29
124,kfideler30,2020-09-19,13:17,2020-10-07,19:33:03
125,ibeebis31,2020-09-17,6:44,2020-10-04,23:13:20
126,tscreach32,2020-09-23,1:57,2020-10-11,9:02:59
127,cpilley33,2020-09-25,17:29,2020-10-22,4:31:45
128,ccorpe14,2020-09-21,2:35,2020-10-02,0:24:38
129,flepick15,2020-09-15,6:45,2020-10-12,18:54:40
130,lbeany16,2020-09-28,2:27,2020-10-01,6:34:07
131,cgoforth17,2020-09-27,9:10,2020-10-03,23:58:36
132,bturgoose18,2020-09-22,3:01,2020-10-06,9:33:47
133,mescot19,2020-09-29,3:15,2020-10-01,17:38:08
134,gnode1a,2020-09-27,10:54,2020-10-11,20:24:04
135,mketteman1b,2020-09-22,7:08,2020-10-08,12:33:11
136,skopje1c,2020-09-25,1:38,2020-10-08,13:21:26
137,bbaxstair1d,2020-09-24,23:07,2020-10-08,8:57:54
138,nfarman1e,2020-09-19,8:19,2020-10-20,21:01:25
139,mhunnaball1f,2020-09-28,20:33,2020-10-13,15:09:31
140,kwhyard1g,2020-09-24,17:53,2020-10-13,13:50:52
141,adipietro1h,2020-09-30,19:43,2020-10-07,10:38:20
142,shargie1i,2020-09-17,23:17,2020-10-08,21:19:42
143,bflury1j,2020-09-20,15:27,2020-10-23,3:59:58
144,eaitken1k,2020-09-24,9:13,2020-10-11,16:11:11
145,ckobiera1l,2020-09-28,2:24,2020-10-03,1:39:15
146,erosbotham1m,2020-09-20,0:08,2020-10-20,5:41:22
147,rsparrow1n,2020-09-30,14:10,2020-10-17,3:28:45
148,afeehely1o,2020-09-18,2:45,2020-10-13,17:02:23
149,nderrick1p,2020-09-21,1:46,2020-10-08,19:13:08
150,neakin1q,2020-09-22,21:54,2020-10-01,8:01:25
151,bprendiville1r,2020-09-25,12:44,2020-10-19,7:52:44
152,mfulcher1s,2020-09-22,17:10,2020-10-11,13:32:00
153,smaleck5d,2020-09-30,23:03,2020-10-02,12:53:18
154,marmatidge5e,2020-09-30,15:12,2020-10-08,16:27:48
155,kdegliabbati5f,2020-09-16,0:54,2020-10-02,17:01:46
156,kdancey5g,2020-09-16,15:11,2020-10-01,5:57:31
157,dstoyell5h,2020-09-23,20:56,2020-10-12,18:23:40
158,mkeir5i,2020-09-26,21:36,2020-10-23,21:56:01
159,uleatherland5j,2020-09-29,19:01,2020-10-01,19:34:14
160,tsheringham5k,2020-09-23,19:12,2020-10-19,18:46:20
161,gkreutzer5l,2020-09-27,15:18,2020-10-17,1:47:56
162,dbraunstein5m,2020-09-28,23:15,2020-10-17,9:32:37
163,iborland5n,2020-09-16,16:00,2020-10-13,21:13:10
164,bruddlesden5o,2020-09-23,13:55,2020-10-21,9:22:26
165,mmcilroy5p,2020-09-19,6:57,2020-10-18,5:42:58
166,wtassell5q,2020-09-23,8:49,2020-10-06,21:06:45
167,mmcilroy5p,2020-09-26,12:52,2020-10-07,9:02:43
168,wtassell5q,2020-09-24,10:02,2020-10-14,2:22:04
169,vconstantinou5r,2020-09-25,6:00,2020-10-01,3:15:25
170,jgianasi2t,2020-09-28,5:24,2020-10-10,23:18:04
171,jguyonnet2u,2020-09-18,14:51,2020-10-14,20:01:11
172,hschoroder2v,2020-09-23,13:57,2020-10-10,10:07:16
173,drogister2w,2020-09-30,21:24,2020-10-13,9:26:28
174,pbachellier2x,2020-09-16,20:06,2020-10-04,15:29:48
175,hfreemantle2y,2020-09-18,8:03,2020-10-13,9:53:02
176,vtremathack2z,2020-09-23,16:10,2020-10-01,5:25:58
177,kfideler30,2020-09-17,7:26,2020-10-04,12:33:09
178,ibeebis31,2020-09-22,11:56,2020-10-08,20:26:42
179,tscreach32,2020-09-22,16:41,2020-10-15,6:08:26
180,cpilley33,2020-09-17,20:50,2020-10-06,14:20:55
181,cwhysall34,2020-09-21,19:52,2020-10-14,18:18:20
182,scroci35,2020-09-25,1:59,2020-10-20,15:21:05
183,tpython36,2020-09-16,21:52,2020-10-23,1:31:16
184,kbramham37,2020-09-19,0:14,2020-10-02,9:01:13
185,ndevillier38,2020-09-30,16:57,2020-10-14,22:29:51
186,lpreshous39,2020-09-26,19:28,2020-10-15,8:26:18
187,dczyz3a,2020-09-15,5:48,2020-10-01,20:42:53
188,dspick3b,2020-09-30,7:12,2020-10-22,6:08:52
189,dyuryev3c,2020-09-21,18:29,2020-10-19,13:53:31
190,rdefries3d,2020-09-30,7:33,2020-10-02,15:13:40
191,asnasdell3e,2020-09-24,9:37,2020-10-22,9:46:59
192,scabotto3f,2020-09-21,5:52,2020-10-14,17:44:54
193,carundel3g,2020-09-27,15:43,2020-10-21,5:17:28
194,remes3h,2020-09-28,6:04,2020-10-21,5:16:26
195,maujean2e,2020-09-18,7:46,2020-10-20,13:02:00
196,qbasill2f,2020-09-26,15:57,2020-10-11,0:37:49
197,sofielly2g,2020-09-21,16:16,2020-10-10,1:02:04
198,twhitechurch2h,2020-09-29,14:27,2020-10-05,9:12:58
199,mjolly2i,2020-09-21,21:52,2020-10-11,22:18:43
200,mjorioz2j,2020-09-27,14:02,2020-10-05,15:22:37
201,sbartosch2k,2020-09-22,22:57,2020-10-07,14:12:55
202,afihelly2l,2020-09-18,12:12,2020-10-04,3:31:11
203,sscamal2m,2020-09-17,16:11,2020-10-02,17:50:28
204,sbergeon2n,2020-09-30,8:49,2020-10-23,13:24:32
205,mfurminger2o,2020-09-23,0:59,2020-10-19,22:26:35
206,molooney2p,2020-09-29,2:05,2020-10-10,13:56:48
207,mkynnd2q,2020-09-29,18:23,2020-10-19,21:20:01
208,jolooney2r,2020-09-25,4:23,2020-10-03,1:12:48
209,cpinck2s,2020-09-25,7:54,2020-10-14,12:16:12
210,jgianasi2t,2020-09-25,13:36,2020-10-05,12:50:31
211,jguyonnet2u,2020-09-22,13:10,2020-10-21,2:09:08
212,hschoroder2v,2020-09-23,22:08,2020-10-08,23:53:03
213,drogister2w,2020-09-30,9:56,2020-10-02,11:40:15
214,pbachellier2x,2020-09-21,17:43,2020-10-10,0:46:20
215,hfreemantle2y,2020-09-23,22:18,2020-10-17,23:14:46
216,vtremathack2z,2020-09-29,21:28,2020-10-13,21:39:37
217,kfideler30,2020-09-18,23:39,2020-10-01,17:11:48
218,mescot19,2020-09-19,18:45,2020-10-13,9:26:35
219,gnode1a,2020-09-20,14:22,2020-10-06,9:26:20
220,mketteman1b,2020-09-18,6:53,2020-10-22,8:09:37
221,skopje1c,2020-09-17,14:55,2020-10-03,4:47:29
222,bbaxstair1d,2020-09-18,3:06,2020-10-04,15:53:16
223,nfarman1e,2020-09-28,11:56,2020-10-08,2:14:05
224,mhunnaball1f,2020-09-28,6:39,2020-10-03,15:08:50
225,kwhyard1g,2020-09-16,11:08,2020-10-07,16:12:15
226,adipietro1h,2020-09-16,11:32,2020-10-04,6:21:11
227,shargie1i,2020-09-20,13:40,2020-10-11,9:17:26
228,bflury1j,2020-09-21,22:43,2020-10-02,12:40:06
229,eaitken1k,2020-09-28,4:48,2020-10-21,19:23:51
230,ckobiera1l,2020-09-18,15:23,2020-10-16,16:10:01
231,erosbotham1m,2020-09-25,22:18,2020-10-06,21:37:15
232,rsparrow1n,2020-09-23,10:52,2020-10-23,21:07:17
233,afeehely1o,2020-09-28,7:20,2020-10-22,15:06:05
234,nderrick1p,2020-09-21,22:25,2020-10-11,2:20:36
235,neakin1q,2020-09-17,19:23,2020-10-14,15:52:58
236,bprendiville1r,2020-09-21,22:09,2020-10-01,6:14:05
237,mfulcher1s,2020-09-15,14:18,2020-10-14,9:09:14
238,cheskey1t,2020-09-25,16:44,2020-10-23,7:39:40
239,zgeockle1u,2020-09-23,4:58,2020-10-22,6:40:16
240,mcrispe1v,2020-09-29,8:46,2020-10-23,18:11:53
241,mvarah1w,2020-09-29,9:16,2020-10-23,23:42:37
242,kwhyard1g,2020-09-16,10:20,2020-10-16,13:05:49
243,adipietro1h,2020-09-25,20:53,2020-10-17,9:28:16
244,shargie1i,2020-09-19,13:00,2020-10-03,23:34:34
245,bflury1j,2020-09-24,8:09,2020-10-10,2:08:48
246,eaitken1k,2020-09-24,6:18,2020-10-05,9:41:27
247,ckobiera1l,2020-09-21,12:07,2020-10-09,17:31:05
248,erosbotham1m,2020-09-22,11:13,2020-10-12,14:03:38
249,rsparrow1n,2020-09-29,19:37,2020-10-16,11:37:53
250,afeehely1o,2020-09-28,4:30,2020-10-23,19:57:28
251,nderrick1p,2020-09-19,18:57,2020-10-07,2:43:47
252,neakin1q,2020-09-29,22:10,2020-10-02,6:22:14
253,bprendiville1r,2020-09-25,0:17,2020-10-02,20:56:05
254,mfulcher1s,2020-09-21,0:29,2020-10-10,6:44:36
