1,acheverton0,2020-09-19,11:07,2020-10-15,1:50:37
2,chaddleston1,2020-09-25,16:39,2020-10-13,1:30:54
3,econibear2,2020-09-29,18:23,2020-10-11,13:56:50
4,rblancowe3,2020-09-24,7:35,2020-10-18,10:01:12
5,mranscomb4,2020-09-24,19:42,2020-10-21,10:10:15
6,epeddie5,2020-09-21,0:11,2020-10-15,13:30:24
7,zkrienke6,2020-09-18,5:09,2020-10-22,2:50:27
8,wprangley7,2020-09-16,1:46,2020-10-07,1:40:11
9,hcasine8,2020-09-17,23:53,2020-10-07,14:47:54
10,gkaesmans9,2020-09-24,3:47,2020-10-03,2:42:34
11,hmyricka,2020-09-19,11:06,2020-10-02,4:10:33
12,nadamovitchb,2020-09-29,9:40,2020-10-04,19:22:24
13,dfoxleyc,2020-09-30,18:40,2020-10-14,20:30:25
14,pbauded,2020-09-17,6:39,2020-10-20,18:48:04
15,pwarnese,2020-09-27,7:39,2020-10-10,8:06:51
16,ibrabonf,2020-09-30,22:31,2020-10-18,13:34:49
17,vsmillieg,2020-09-23,8:44,2020-10-16,22:59:13
18,dmitchleyh,2020-09-30,17:38,2020-10-19,20:40:46
19,iswetmorei,2020-09-30,20:03,2020-10-13,22:06:42
20,cetheringtonj,2020-09-29,9:36,2020-10-06,15:19:49
21,dlegricek,2020-09-26,1:51,2020-10-08,0:08:57
22,oprofitl,2020-09-25,13:58,2020-10-18,3:18:32
23,kmainwaringm,2020-09-26,6:19,2020-10-11,1:43:04
24,rrosin,2020-09-25,4:25,2020-10-17,14:25:36
25,tpendergrasto,2020-09-23,17:39,2020-10-09,7:29:26
26,klutmanp,2020-09-28,14:11,2020-10-10,9:45:11
27,bfarbrotherq,2020-09-25,9:08,2020-10-11,2:05:04
28,ahurnr,2020-09-15,11:33,2020-10-02,15:22:26
29,awilbors,2020-09-17,10:10,2020-10-08,3:29:12
30,svonderdellt,2020-09-22,9:12,2020-10-14,4:44:34
31,jpenmanu,2020-09-28,3:26,2020-10-10,7:30:09
32,mraggv,2020-09-29,7:35,2020-10-07,3:13:38
33,krenackownaw,2020-09-21,19:07,2020-10-23,1:32:21
34,astelfoxx,2020-09-28,22:10,2020-10-03,17:46:03
35,vrichfieldy,2020-09-19,10:15,2020-10-13,23:40:13
36,kauldsz,2020-09-23,5:51,2020-10-10,18:35:32
37,ebatterson10,2020-09-19,4:19,2020-10-07,21:11:26
38,auppett11,2020-09-26,10:17,2020-10-22,21:02:15
39,mtenniswood12,2020-09-24,3:10,2020-10-01,22:40:53
40,djendrys13,2020-09-20,1:08,2020-10-06,14:20:04
41,ccorpe14,2020-09-28,7:21,2020-10-04,16:22:32
42,flepick15,2020-09-26,20:19,2020-10-22,0:38:19
43,lbeany16,2020-09-17,20:50,2020-10-23,16:09:16
44,cgoforth17,2020-09-28,21:29,2020-10-02,13:43:56
45,bturgoose18,2020-09-30,18:22,2020-10-20,7:26:05
46,mescot19,2020-09-29,20:08,2020-10-01,20:44:16
47,gnode1a,2020-09-25,0:36,2020-10-07,4:51:13
48,mketteman1b,2020-09-29,11:48,2020-10-07,3:32:38
49,skopje1c,2020-09-27,21:11,2020-10-19,21:54:57
50,bbaxstair1d,2020-09-30,8:38,2020-10-04,6:57:03
51,nfarman1e,2020-09-20,5:56,2020-10-20,12:02:36
52,mhunnaball1f,2020-09-28,11:10,2020-10-18,16:19:41
53,kwhyard1g,2020-09-25,9:48,2020-10-08,19:27:08
54,adipietro1h,2020-09-16,18:57,2020-10-11,10:29:19
55,shargie1i,2020-09-15,15:43,2020-10-05,12:07:35
56,bflury1j,2020-09-26,21:24,2020-10-18,15:07:30
57,eaitken1k,2020-09-17,20:18,2020-10-15,18:52:32
58,ckobiera1l,2020-09-29,23:51,2020-10-22,12:10:16
59,erosbotham1m,2020-09-15,0:33,2020-10-20,9:55:39
60,rsparrow1n,2020-09-29,22:07,2020-10-02,11:59:42
61,afeehely1o,2020-09-23,12:08,2020-10-17,17:30:36
62,nderrick1p,2020-09-16,10:34,2020-10-01,12:54:21
63,neakin1q,2020-09-26,14:46,2020-10-18,19:31:27
64,bprendiville1r,2020-09-27,16:42,2020-10-05,2:57:55
65,mfulcher1s,2020-09-21,5:04,2020-10-12,18:39:13
66,cheskey1t,2020-09-25,1:53,2020-10-01,5:30:08
67,zgeockle1u,2020-09-30,3:27,2020-10-21,6:30:20
68,mcrispe1v,2020-09-16,23:12,2020-10-01,17:25:02
69,mvarah1w,2020-09-28,17:25,2020-10-18,10:40:12
70,plambourne1x,2020-09-29,12:06,2020-10-18,23:22:20
71,dlautie1y,2020-09-19,7:08,2020-10-17,17:49:46
72,rgartrell1z,2020-09-23,0:41,2020-10-10,15:48:58
73,aenright20,2020-09-24,4:18,2020-10-16,0:54:21
74,rluebbert21,2020-09-20,17:19,2020-10-05,7:15:00
75,nabethell22,2020-09-15,4:53,2020-10-05,11:32:33
76,bbahike23,2020-09-25,4:46,2020-10-02,13:48:48
77,gtorald24,2020-09-27,12:38,2020-10-12,23:07:45
78,jridgeway25,2020-09-21,15:21,2020-10-22,8:12:22
79,hwindress26,2020-09-26,9:56,2020-10-19,12:07:12
80,ddelacey27,2020-09-24,3:28,2020-10-08,2:14:18
81,ohadlow28,2020-09-29,8:27,2020-10-16,3:24:16
82,mhabeshaw29,2020-09-18,22:14,2020-10-12,19:17:16
83,sbrandham2a,2020-09-27,18:34,2020-10-14,23:28:56
84,bpolak2b,2020-09-17,0:42,2020-10-02,16:24:48
85,jsummerly2c,2020-09-25,14:03,2020-10-20,8:19:04
86,eadamides2d,2020-09-29,3:56,2020-10-11,9:03:26
87,maujean2e,2020-09-21,10:14,2020-10-08,23:03:29
88,qbasill2f,2020-09-18,15:36,2020-10-21,20:10:20
89,sofielly2g,2020-09-30,23:41,2020-10-05,14:33:34
90,twhitechurch2h,2020-09-26,21:27,2020-10-09,10:46:02
91,mjolly2i,2020-09-19,11:21,2020-10-08,17:54:26
92,mjorioz2j,2020-09-30,1:59,2020-10-22,20:37:30
93,sbartosch2k,2020-09-30,10:27,2020-10-18,13:20:13
94,afihelly2l,2020-09-21,11:17,2020-10-12,11:36:26
95,sscamal2m,2020-09-15,1:18,2020-10-01,3:16:12
96,sbergeon2n,2020-09-24,17:51,2020-10-01,22:39:15
97,mfurminger2o,2020-09-15,4:41,2020-10-21,14:43:07
98,molooney2p,2020-09-28,3:34,2020-10-04,17:26:15
99,mkynnd2q,2020-09-22,11:00,2020-10-19,2:32:27
100,jolooney2r,2020-09-23,1:28,2020-10-23,6:41:11
101,cpinck2s,2020-09-18,5:53,2020-10-11,10:14:27
102,jgianasi2t,2020-09-26,21:47,2020-10-17,23:28:16
103,jguyonnet2u,2020-09-24,9:22,2020-10-10,7:50:55
104,hschoroder2v,2020-09-24,5:28,2020-10-18,13:37:31
105,drogister2w,2020-09-30,17:01,2020-10-11,19:04:12
106,pbachellier2x,2020-09-20,0:17,2020-10-18,3:59:45
107,hfreemantle2y,2020-09-23,11:54,2020-10-19,0:53:03
108,vtremathack2z,2020-09-20,19:00,2020-10-05,11:24:30
109,kfideler30,2020-09-17,5:01,2020-10-09,18:02:08
110,ibeebis31,2020-09-19,1:58,2020-10-13,4:32:53
111,tscreach32,2020-09-15,3:15,2020-10-05,16:29:47
112,cpilley33,2020-09-26,1:38,2020-10-10,21:35:46
113,cwhysall34,2020-09-18,2:52,2020-10-10,7:20:58
114,scroci35,2020-09-24,23:14,2020-10-12,8:47:09
115,tpython36,2020-09-28,15:13,2020-10-18,22:48:20
116,kbramham37,2020-09-23,20:40,2020-10-11,1:29:20
117,ndevillier38,2020-09-28,2:01,2020-10-11,3:21:00
118,lpreshous39,2020-09-30,3:41,2020-10-22,16:27:19
119,dczyz3a,2020-09-19,22:55,2020-10-17,21:39:04
120,dspick3b,2020-09-25,14:59,2020-10-13,7:25:57
121,dyuryev3c,2020-09-16,11:01,2020-10-14,15:45:12
122,rdefries3d,2020-09-18,12:21,2020-10-08,3:44:44
123,asnasdell3e,2020-09-16,2:58,2020-10-17,23:53:29
124,scabotto3f,2020-09-19,13:17,2020-10-07,19:33:03
125,carundel3g,2020-09-17,6:44,2020-10-04,23:13:20
126,remes3h,2020-09-23,1:57,2020-10-11,9:02:59
127,eswane3i,2020-09-25,17:29,2020-10-22,4:31:45
128,fstachini3j,2020-09-21,2:35,2020-10-02,0:24:38
129,ehorbath3k,2020-09-15,6:45,2020-10-12,18:54:40
130,krodman3l,2020-09-28,2:27,2020-10-01,6:34:07
131,pgilhouley3m,2020-09-27,9:10,2020-10-03,23:58:36
132,stesto3n,2020-09-22,3:01,2020-10-06,9:33:47
133,ctrump3o,2020-09-29,3:15,2020-10-01,17:38:08
134,lclaffey3p,2020-09-27,10:54,2020-10-11,20:24:04
135,tmessenger3q,2020-09-22,7:08,2020-10-08,12:33:11
136,ksemon3r,2020-09-25,1:38,2020-10-08,13:21:26
137,bandreazzi3s,2020-09-24,23:07,2020-10-08,8:57:54
138,cmacgilpatrick3t,2020-09-19,8:19,2020-10-20,21:01:25
139,vissacov3u,2020-09-28,20:33,2020-10-13,15:09:31
140,jeastwood3v,2020-09-24,17:53,2020-10-13,13:50:52
141,glantoph3w,2020-09-30,19:43,2020-10-07,10:38:20
142,bswiffan3x,2020-09-17,23:17,2020-10-08,21:19:42
143,bmaclaine3y,2020-09-20,15:27,2020-10-23,3:59:58
144,jsackes3z,2020-09-24,9:13,2020-10-11,16:11:11
145,aalekhov40,2020-09-28,2:24,2020-10-03,1:39:15
146,jbugden41,2020-09-20,0:08,2020-10-20,5:41:22
147,amicco42,2020-09-30,14:10,2020-10-17,3:28:45
148,nswinfon43,2020-09-18,2:45,2020-10-13,17:02:23
149,acrayden44,2020-09-21,1:46,2020-10-08,19:13:08
150,gheeks45,2020-09-22,21:54,2020-10-01,8:01:25
151,lnoble46,2020-09-25,12:44,2020-10-19,7:52:44
152,sseefeldt47,2020-09-22,17:10,2020-10-11,13:32:00
153,rdowers48,2020-09-30,23:03,2020-10-02,12:53:18
154,lstollmeyer49,2020-09-30,15:12,2020-10-08,16:27:48
155,bjurewicz4a,2020-09-16,0:54,2020-10-02,17:01:46
156,ggentric4b,2020-09-16,15:11,2020-10-01,5:57:31
157,cpackington4c,2020-09-23,20:56,2020-10-12,18:23:40
158,hravenshaw4d,2020-09-26,21:36,2020-10-23,21:56:01
159,deatock4e,2020-09-29,19:01,2020-10-01,19:34:14
160,dponder4f,2020-09-23,19:12,2020-10-19,18:46:20
161,kmcardle4g,2020-09-27,15:18,2020-10-17,1:47:56
162,jkey4h,2020-09-28,23:15,2020-10-17,9:32:37
163,sfulton4i,2020-09-16,16:00,2020-10-13,21:13:10
164,atassaker4j,2020-09-23,13:55,2020-10-21,9:22:26
165,kedel4k,2020-09-19,6:57,2020-10-18,5:42:58
166,aedmondson4l,2020-09-23,8:49,2020-10-06,21:06:45
167,smcbay4m,2020-09-26,12:52,2020-10-07,9:02:43
168,tfeehan4n,2020-09-24,10:02,2020-10-14,2:22:04
169,dkinzett4o,2020-09-25,6:00,2020-10-01,3:15:25
170,hmccague4p,2020-09-28,5:24,2020-10-10,23:18:04
171,alequesne4q,2020-09-18,14:51,2020-10-14,20:01:11
172,msings4r,2020-09-23,13:57,2020-10-10,10:07:16
173,cschinetti4s,2020-09-30,21:24,2020-10-13,9:26:28
174,ccriple4t,2020-09-16,20:06,2020-10-04,15:29:48
175,mfaires4u,2020-09-18,8:03,2020-10-13,9:53:02
176,jivanichev4v,2020-09-23,16:10,2020-10-01,5:25:58
177,grubenov4w,2020-09-17,7:26,2020-10-04,12:33:09
178,cwattingham4x,2020-09-22,11:56,2020-10-08,20:26:42
179,phockey4y,2020-09-22,16:41,2020-10-15,6:08:26
180,jsirmon4z,2020-09-17,20:50,2020-10-06,14:20:55
181,fstephens50,2020-09-21,19:52,2020-10-14,18:18:20
182,rlebarr51,2020-09-25,1:59,2020-10-20,15:21:05
183,tollie52,2020-09-16,21:52,2020-10-23,1:31:16
184,abitterton53,2020-09-19,0:14,2020-10-02,9:01:13
185,csillars54,2020-09-30,16:57,2020-10-14,22:29:51
186,ehugill55,2020-09-26,19:28,2020-10-15,8:26:18
187,isamweyes56,2020-09-15,5:48,2020-10-01,20:42:53
188,mmuck57,2020-09-30,7:12,2020-10-22,6:08:52
189,kfeld58,2020-09-21,18:29,2020-10-19,13:53:31
190,rjoan59,2020-09-30,7:33,2020-10-02,15:13:40
191,bbeminster5a,2020-09-24,9:37,2020-10-22,9:46:59
192,tramsbottom5b,2020-09-21,5:52,2020-10-14,17:44:54
193,ekimmitt5c,2020-09-27,15:43,2020-10-21,5:17:28
194,smaleck5d,2020-09-28,6:04,2020-10-21,5:16:26
195,marmatidge5e,2020-09-18,7:46,2020-10-20,13:02:00
196,kdegliabbati5f,2020-09-26,15:57,2020-10-11,0:37:49
197,kdancey5g,2020-09-21,16:16,2020-10-10,1:02:04
198,dstoyell5h,2020-09-29,14:27,2020-10-05,9:12:58
199,mkeir5i,2020-09-21,21:52,2020-10-11,22:18:43
200,uleatherland5j,2020-09-27,14:02,2020-10-05,15:22:37
201,tsheringham5k,2020-09-22,22:57,2020-10-07,14:12:55
202,gkreutzer5l,2020-09-18,12:12,2020-10-04,3:31:11
203,dbraunstein5m,2020-09-17,16:11,2020-10-02,17:50:28
204,iborland5n,2020-09-30,8:49,2020-10-23,13:24:32
205,bruddlesden5o,2020-09-23,0:59,2020-10-19,22:26:35
206,mmcilroy5p,2020-09-29,2:05,2020-10-10,13:56:48
207,wtassell5q,2020-09-29,18:23,2020-10-19,21:20:01
208,vconstantinou5r,2020-09-25,4:23,2020-10-03,1:12:48
209,mquinby5s,2020-09-25,7:54,2020-10-14,12:16:12
210,mtranter5t,2020-09-25,13:36,2020-10-05,12:50:31
211,drogers5u,2020-09-22,13:10,2020-10-21,2:09:08
212,jbrafield5v,2020-09-23,22:08,2020-10-08,23:53:03
213,lnewsham5w,2020-09-30,9:56,2020-10-02,11:40:15
214,kennever5x,2020-09-21,17:43,2020-10-10,0:46:20
215,ideeley5y,2020-09-23,22:18,2020-10-17,23:14:46
216,pbyres5z,2020-09-29,21:28,2020-10-13,21:39:37
217,thanhart60,2020-09-18,23:39,2020-10-01,17:11:48
218,esambeck61,2020-09-19,18:45,2020-10-13,9:26:35
219,ogettens62,2020-09-20,14:22,2020-10-06,9:26:20
220,covershott63,2020-09-18,6:53,2020-10-22,8:09:37
221,sabeles64,2020-09-17,14:55,2020-10-03,4:47:29
222,ddoiley65,2020-09-18,3:06,2020-10-04,15:53:16
223,vdenore66,2020-09-28,11:56,2020-10-08,2:14:05
224,pivanyushkin67,2020-09-28,6:39,2020-10-03,15:08:50
225,twearne68,2020-09-16,11:08,2020-10-07,16:12:15
226,dwort69,2020-09-16,11:32,2020-10-04,6:21:11
227,vstart6a,2020-09-20,13:40,2020-10-11,9:17:26
228,rwiddowson6b,2020-09-21,22:43,2020-10-02,12:40:06
229,wrubinow6c,2020-09-28,4:48,2020-10-21,19:23:51
230,lfosdike6d,2020-09-18,15:23,2020-10-16,16:10:01
231,mverrell6e,2020-09-25,22:18,2020-10-06,21:37:15
232,hhadcock6f,2020-09-23,10:52,2020-10-23,21:07:17
233,kjersh6g,2020-09-28,7:20,2020-10-22,15:06:05
234,ggillson6h,2020-09-21,22:25,2020-10-11,2:20:36
235,adavidoff6i,2020-09-17,19:23,2020-10-14,15:52:58
236,iskeat6j,2020-09-21,22:09,2020-10-01,6:14:05
237,klortzing6k,2020-09-15,14:18,2020-10-14,9:09:14
238,ajefferd6l,2020-09-25,16:44,2020-10-23,7:39:40
239,ainnett6m,2020-09-23,4:58,2020-10-22,6:40:16
240,bpearse6n,2020-09-29,8:46,2020-10-23,18:11:53
241,druspine6o,2020-09-29,9:16,2020-10-23,23:42:37
242,mungerecht6p,2020-09-16,10:20,2020-10-16,13:05:49
243,estubbert6q,2020-09-25,20:53,2020-10-17,9:28:16
244,cdimitrijevic6r,2020-09-19,13:00,2020-10-03,23:34:34
245,ggoves6s,2020-09-24,8:09,2020-10-10,2:08:48
246,tgummow6t,2020-09-24,6:18,2020-10-05,9:41:27
247,dyeliashev6u,2020-09-21,12:07,2020-10-09,17:31:05
248,pbadby6v,2020-09-22,11:13,2020-10-12,14:03:38
249,rminors6w,2020-09-29,19:37,2020-10-16,11:37:53
250,gdicker6x,2020-09-28,4:30,2020-10-23,19:57:28
251,gsartin6y,2020-09-19,18:57,2020-10-07,2:43:47
252,mstigell6z,2020-09-29,22:10,2020-10-02,6:22:14
253,kvasyutin70,2020-09-25,0:17,2020-10-02,20:56:05
254,hhanshaw71,2020-09-21,0:29,2020-10-10,6:44:36
255,ctopling72,2020-09-30,19:43,2020-10-15,7:19:04
256,dcarvilla73,2020-09-29,13:22,2020-10-01,11:12:28
257,wdanilewicz74,2020-09-23,19:23,2020-10-09,13:20:51
258,kmilburn75,2020-09-29,18:04,2020-10-14,20:15:50
259,jhuckin76,2020-09-18,19:19,2020-10-05,10:57:14
260,dwildsmith77,2020-09-17,0:11,2020-10-19,14:18:21
261,gmarusic78,2020-09-25,2:22,2020-10-20,13:56:03
262,ccorten79,2020-09-15,17:31,2020-10-16,3:49:56
263,asanchiz7a,2020-09-24,7:03,2020-10-01,14:22:54
264,gtownes7b,2020-09-18,6:20,2020-10-19,7:42:32
265,mtoombs7c,2020-09-22,2:06,2020-10-04,18:53:33
266,spoulsum7d,2020-09-16,1:49,2020-10-22,19:11:19
267,wgilcriest7e,2020-09-23,4:22,2020-10-06,4:03:10
268,nghidoli7f,2020-09-28,14:06,2020-10-19,7:45:57
269,rcaunt7g,2020-09-29,12:40,2020-10-01,22:06:10
270,cbeelby7h,2020-09-24,13:22,2020-10-01,10:53:05
271,dpentland7i,2020-09-22,1:00,2020-10-17,2:45:32
272,rkinvan7j,2020-09-18,0:45,2020-10-01,12:17:51
273,kstollsteiner7k,2020-09-15,21:24,2020-10-07,1:38:42
274,pcrimp7l,2020-09-19,20:18,2020-10-11,20:23:56
275,mkibblewhite7m,2020-09-29,20:10,2020-10-16,16:13:53
276,gmansour7n,2020-09-28,8:54,2020-10-19,7:53:52
277,rsaint7o,2020-09-27,3:28,2020-10-03,0:11:16
278,cjosefs7p,2020-09-27,7:48,2020-10-02,22:33:40
279,hbendley7q,2020-09-29,3:07,2020-10-14,15:28:01
280,aleggis7r,2020-09-29,23:53,2020-10-18,4:42:11
281,wtoolan7s,2020-09-20,9:29,2020-10-13,23:18:54
282,sdessent7t,2020-09-21,7:10,2020-10-19,5:32:01
283,isteljes7u,2020-09-24,21:19,2020-10-12,15:49:42
284,epeever7v,2020-09-23,7:27,2020-10-23,18:20:08
285,aladd7w,2020-09-19,19:58,2020-10-18,20:49:06
286,mshory7x,2020-09-29,16:02,2020-10-17,23:56:49
287,bjekyll7y,2020-09-23,11:05,2020-10-12,19:20:28
288,swiltshaw7z,2020-09-21,16:38,2020-10-01,17:29:50
289,xschaffel80,2020-09-23,5:11,2020-10-18,4:23:14
290,jexroll81,2020-09-16,16:44,2020-10-18,19:56:47
291,mambroisin82,2020-09-29,7:58,2020-10-23,12:11:18
292,fruggier83,2020-09-18,22:51,2020-10-19,12:08:37
293,ebottjer84,2020-09-19,21:07,2020-10-22,19:55:19
294,pburd85,2020-09-19,2:15,2020-10-22,15:15:25
295,cbroinlich86,2020-09-15,8:48,2020-10-12,19:24:19
296,mstiggers87,2020-09-20,7:59,2020-10-09,16:39:35
297,ejacklin88,2020-09-15,4:35,2020-10-10,8:22:38
298,hfleischmann89,2020-09-19,6:13,2020-10-03,21:25:48
299,smorrissey8a,2020-09-20,19:34,2020-10-05,7:59:18
300,ikopacek8b,2020-09-26,23:48,2020-10-08,13:00:13
301,ciacoboni8c,2020-09-26,23:05,2020-10-04,8:12:25
302,ndaunay8d,2020-09-17,18:55,2020-10-11,23:08:52
303,dantunez8e,2020-09-27,5:08,2020-10-07,13:54:24
304,ppoate8f,2020-09-17,7:15,2020-10-21,14:52:08
305,odavidman8g,2020-09-21,9:43,2020-10-06,16:04:54
306,csendall8h,2020-09-20,21:12,2020-10-14,6:38:26
307,atonbye8i,2020-09-21,0:39,2020-10-08,3:21:58
308,lreddlesden8j,2020-09-22,14:46,2020-10-19,21:48:05
309,blambie8k,2020-09-25,4:38,2020-10-04,4:06:50
310,dguidi8l,2020-09-30,15:05,2020-10-06,11:45:36
311,spreist8m,2020-09-25,8:05,2020-10-11,5:51:14
312,nharriss8n,2020-09-21,23:53,2020-10-10,10:37:40
313,tmactimpany8o,2020-09-28,8:48,2020-10-16,10:56:27
314,rbonnell8p,2020-09-18,22:39,2020-10-04,12:04:13
315,cgaraway8q,2020-09-18,23:48,2020-10-10,11:01:43
316,pkleinstern8r,2020-09-30,21:10,2020-10-04,13:38:06
317,aovenden8s,2020-09-24,22:00,2020-10-18,7:26:20
318,bpiggrem8t,2020-09-15,9:10,2020-10-06,14:17:13
319,dbaskwell8u,2020-09-18,2:58,2020-10-04,21:39:38
320,jcobley8v,2020-09-28,14:14,2020-10-14,20:02:48
321,fslaughter8w,2020-09-26,7:30,2020-10-11,2:19:49
322,hgutridge8x,2020-09-15,6:58,2020-10-17,10:01:01
323,lmacknocker8y,2020-09-25,11:07,2020-10-14,6:30:07
324,bchasney8z,2020-09-20,16:11,2020-10-12,10:13:24
325,wchecketts90,2020-09-23,15:38,2020-10-22,1:30:16
326,mduncklee91,2020-09-21,3:53,2020-10-15,2:19:43
327,chammerman92,2020-09-22,19:15,2020-10-15,7:03:05
328,ocrame93,2020-09-21,1:27,2020-10-16,4:57:42
329,laldred94,2020-09-25,19:44,2020-10-07,13:57:36
330,lbrisson95,2020-09-20,13:03,2020-10-04,17:12:57
331,fgolbourn96,2020-09-20,2:00,2020-10-20,3:27:12
332,nenstone97,2020-09-21,17:22,2020-10-01,18:28:18
333,thassen98,2020-09-30,21:17,2020-10-13,5:31:56
334,ceringey99,2020-09-27,9:40,2020-10-14,8:13:41
335,vperico9a,2020-09-26,20:00,2020-10-06,21:52:43
336,mgirardey9b,2020-09-28,1:26,2020-10-11,10:41:02
337,cconeley9c,2020-09-26,18:39,2020-10-05,13:13:11
338,ekauble9d,2020-09-22,21:51,2020-10-18,12:41:48
339,hklassmann9e,2020-09-20,2:44,2020-10-14,16:00:43
340,hfoucar9f,2020-09-22,9:40,2020-10-14,3:28:55
341,gkellar9g,2020-09-22,3:38,2020-10-17,15:42:41
342,cstandley9h,2020-09-27,3:31,2020-10-02,13:37:42
343,aedds9i,2020-09-26,10:50,2020-10-18,20:47:08
344,fcankett9j,2020-09-29,19:55,2020-10-13,20:45:39
345,lkose9k,2020-09-23,4:33,2020-10-20,1:16:54
346,ctremeer9l,2020-09-25,2:28,2020-10-16,19:58:53
347,gdaventry9m,2020-09-30,8:37,2020-10-06,22:42:14
348,jfeehan9n,2020-09-24,15:25,2020-10-15,23:33:24
349,tthiem9o,2020-09-27,22:37,2020-10-10,8:36:34
350,ldemattia9p,2020-09-24,19:04,2020-10-16,8:12:46
351,tdelmonti9q,2020-09-28,0:59,2020-10-02,2:07:12
352,etweedie9r,2020-09-23,16:05,2020-10-15,20:52:43
353,bparadin9s,2020-09-21,14:54,2020-10-10,9:22:09
354,ericciardo9t,2020-09-23,23:03,2020-10-07,16:35:53
355,lweond9u,2020-09-29,10:35,2020-10-18,9:02:24
356,candreichik9v,2020-09-30,18:47,2020-10-06,21:10:01
357,dtunnicliff9w,2020-09-28,18:40,2020-10-15,13:04:17
358,hyukhnevich9x,2020-09-18,5:18,2020-10-15,6:38:10
359,atrollope9y,2020-09-17,22:59,2020-10-05,7:35:19
360,bhelks9z,2020-09-16,12:28,2020-10-12,0:54:42
361,cmalinga0,2020-09-15,1:47,2020-10-17,22:59:36
362,tobraya1,2020-09-16,17:29,2020-10-06,18:23:27
363,rhaslegravea2,2020-09-28,20:08,2020-10-02,6:01:47
364,sfrekea3,2020-09-23,18:11,2020-10-06,15:47:17
365,rduprea4,2020-09-16,13:43,2020-10-22,14:38:57
366,fjouninga5,2020-09-25,7:01,2020-10-04,3:12:41
367,pwarbysa6,2020-09-18,8:40,2020-10-13,22:33:45
368,stravisa7,2020-09-26,2:42,2020-10-18,17:21:01
369,lbeaumonta8,2020-09-22,15:52,2020-10-09,10:45:17
370,awhatmana9,2020-09-21,6:29,2020-10-20,1:49:42
371,ldowallaa,2020-09-29,2:14,2020-10-11,20:40:53
372,lfellmanab,2020-09-30,6:48,2020-10-22,9:04:16
373,eesseryac,2020-09-24,2:14,2020-10-02,18:55:52
374,kroppad,2020-09-26,18:52,2020-10-04,10:54:50
375,nsaffonae,2020-09-29,0:30,2020-10-15,3:59:34
376,gstermanaf,2020-09-24,3:26,2020-10-17,19:16:50
377,bbollisag,2020-09-16,17:43,2020-10-10,5:16:39
378,scostarah,2020-09-18,17:38,2020-10-02,15:17:25
379,laudreyai,2020-09-15,7:51,2020-10-13,15:30:58
380,awardhawaj,2020-09-18,5:23,2020-10-21,13:22:24
381,spetcheyak,2020-09-16,4:09,2020-10-04,14:49:07
382,osymsal,2020-09-30,17:08,2020-10-20,7:34:07
383,alinnockam,2020-09-22,10:21,2020-10-04,0:22:26
384,lantoniakan,2020-09-26,1:58,2020-10-19,10:35:50
385,fgiannasiao,2020-09-21,15:35,2020-10-10,6:50:15
386,cgronoap,2020-09-25,19:05,2020-10-03,0:45:34
387,edagostinoaq,2020-09-22,19:26,2020-10-12,0:56:44
388,scaulcuttar,2020-09-16,9:59,2020-10-14,16:12:26
389,vmerricksas,2020-09-28,7:37,2020-10-23,2:53:34
390,vmaddyat,2020-09-19,15:46,2020-10-11,10:43:06
391,lpeattau,2020-09-25,14:47,2020-10-02,0:30:47
392,ascullardav,2020-09-15,22:39,2020-10-04,6:36:00
393,rgergeaw,2020-09-17,9:54,2020-10-15,4:41:38
394,jparissax,2020-09-29,17:50,2020-10-04,17:37:35
395,mshuteray,2020-09-18,22:24,2020-10-14,8:47:20
396,gmerryaz,2020-09-29,1:15,2020-10-07,4:07:31
397,tbrickb0,2020-09-19,9:23,2020-10-11,2:49:06
398,thoulstonb1,2020-09-27,11:05,2020-10-14,20:30:46
399,emycockb2,2020-09-18,11:25,2020-10-08,19:40:16
400,rcreaghb3,2020-09-17,20:30,2020-10-22,2:11:55
401,nbarbrickb4,2020-09-30,12:20,2020-10-20,12:08:03
402,ksextoneb5,2020-09-26,23:36,2020-10-21,4:32:27
403,teddowesb6,2020-09-15,23:50,2020-10-20,7:25:25
404,jgareb7,2020-09-18,23:54,2020-10-11,12:27:56
405,ncoxheadb8,2020-09-16,9:44,2020-10-12,17:58:55
406,rpetriellob9,2020-09-19,22:40,2020-10-20,4:01:58
407,atommeoba,2020-09-21,3:23,2020-10-04,17:32:47
408,apickburnbb,2020-09-18,3:14,2020-10-20,0:43:57
409,bwatkinbc,2020-09-23,4:32,2020-10-06,18:09:44
410,cjirucabd,2020-09-23,18:52,2020-10-01,1:55:03
411,sjochenbe,2020-09-21,11:57,2020-10-14,12:03:37
412,beastambf,2020-09-22,14:26,2020-10-01,20:02:07
413,rsobieskibg,2020-09-28,14:43,2020-10-05,8:49:18
414,oladbrookebh,2020-09-21,22:59,2020-10-04,17:37:51
415,mzuanellibi,2020-09-28,4:14,2020-10-06,15:45:09
416,kaldusbj,2020-09-21,21:16,2020-10-17,12:03:14
417,myansonbk,2020-09-18,19:42,2020-10-18,22:17:39
418,bewbanckbl,2020-09-15,6:46,2020-10-05,19:09:00
419,dhuckebm,2020-09-25,22:37,2020-10-03,4:05:40
420,tmcgonaglebn,2020-09-15,17:48,2020-10-08,20:12:31
421,rmadgwickbo,2020-09-28,13:41,2020-10-07,11:03:07
422,jlegallebp,2020-09-23,0:39,2020-10-11,23:30:08
423,mewanbq,2020-09-28,15:56,2020-10-18,22:26:48
424,cetteridgebr,2020-09-15,5:08,2020-10-12,19:20:22
425,tsumblerbs,2020-09-15,13:02,2020-10-22,16:43:49
426,jgilhouleybt,2020-09-23,9:02,2020-10-03,3:04:38
427,rfouldsbu,2020-09-16,4:20,2020-10-12,14:53:19
428,avennerbv,2020-09-17,13:36,2020-10-03,1:43:55
429,kdeluciabw,2020-09-23,6:10,2020-10-01,3:20:46
430,kspickbx,2020-09-21,2:48,2020-10-23,15:36:37
431,clagenby,2020-09-18,11:04,2020-10-01,7:02:22
432,rmarranbz,2020-09-20,23:26,2020-10-18,19:24:29
433,earnaoc0,2020-09-17,2:48,2020-10-21,12:50:04
434,daykroydc1,2020-09-17,17:43,2020-10-07,18:43:09
435,dkinsellac2,2020-09-21,12:14,2020-10-02,11:23:47
436,mmatisc3,2020-09-28,7:10,2020-10-17,4:09:16
437,rkitchinerc4,2020-09-25,5:17,2020-10-19,11:08:37
438,knertneyc5,2020-09-29,19:14,2020-10-21,15:39:22
439,rsteerec6,2020-09-24,9:43,2020-10-16,19:58:43
440,jperaccoc7,2020-09-25,16:31,2020-10-14,21:55:51
441,mdarreec8,2020-09-15,19:38,2020-10-17,13:20:52
442,rpercifullc9,2020-09-18,16:13,2020-10-21,3:35:54
443,pmclaneca,2020-09-22,23:28,2020-10-17,23:54:33
444,bconnichiecb,2020-09-30,6:06,2020-10-06,7:26:29
445,glawrancecc,2020-09-16,5:52,2020-10-05,12:24:52
446,ckivellecd,2020-09-20,22:40,2020-10-09,15:32:54
447,kshackladyce,2020-09-27,22:48,2020-10-08,2:13:46
448,vorpencf,2020-09-26,23:10,2020-10-16,14:46:30
449,maverillcg,2020-09-23,9:43,2020-10-05,5:01:49
450,lsokalech,2020-09-20,16:45,2020-10-21,20:45:00
451,rmannionci,2020-09-21,11:38,2020-10-05,0:40:53
452,afearneycj,2020-09-24,18:11,2020-10-10,17:31:30
453,lchallissck,2020-09-18,3:53,2020-10-15,5:07:17
454,hwernercl,2020-09-28,13:51,2020-10-10,4:56:17
455,sbeckleycm,2020-09-28,23:17,2020-10-12,4:40:29
456,fdezuanicn,2020-09-24,16:58,2020-10-16,17:05:35
457,spendrickco,2020-09-15,5:42,2020-10-14,4:14:34
458,adominighicp,2020-09-15,0:06,2020-10-19,8:42:44
459,kwalerancq,2020-09-16,10:05,2020-10-06,14:29:30
460,docarrancr,2020-09-28,19:50,2020-10-17,12:29:27
461,rdelacourcs,2020-09-20,0:14,2020-10-17,4:18:43
462,bgrigorianct,2020-09-20,7:04,2020-10-16,1:16:56
463,shallencu,2020-09-30,5:27,2020-10-09,21:23:52
464,hconkaycv,2020-09-19,11:27,2020-10-10,23:50:55
465,ajozsikacw,2020-09-18,13:47,2020-10-06,13:27:45
466,bstandringcx,2020-09-27,13:31,2020-10-13,3:08:19
467,kberthcy,2020-09-16,19:08,2020-10-22,18:21:24
468,sbowkleycz,2020-09-24,4:44,2020-10-10,5:58:55
469,cgoodricked0,2020-09-26,4:21,2020-10-03,2:42:15
470,jvicard1,2020-09-21,12:08,2020-10-04,16:18:15
471,jchalcroftd2,2020-09-30,2:57,2020-10-15,1:53:42
472,omcaughtryd3,2020-09-29,4:25,2020-10-06,6:19:43
473,cmallardd4,2020-09-23,13:48,2020-10-08,7:09:24
474,lcamdend5,2020-09-15,10:32,2020-10-11,7:48:17
475,jtoutd6,2020-09-16,11:43,2020-10-21,14:41:47
476,siwaszkiewiczd7,2020-09-30,17:36,2020-10-09,8:13:35
477,gsidsaffd8,2020-09-25,15:42,2020-10-12,9:16:37
478,eovendaled9,2020-09-20,7:16,2020-10-03,5:58:34
479,dmccathyda,2020-09-30,20:19,2020-10-01,18:39:30
480,mhillumdb,2020-09-26,15:31,2020-10-15,13:28:53
481,yhargetdc,2020-09-21,12:11,2020-10-05,2:13:36
482,lkeuningdd,2020-09-28,23:03,2020-10-06,7:13:31
483,blivickde,2020-09-28,6:35,2020-10-10,10:22:57
484,fmccooledf,2020-09-29,13:37,2020-10-05,11:07:12
485,jkleinplacdg,2020-09-25,13:53,2020-10-06,21:28:24
486,ngioriodh,2020-09-27,17:48,2020-10-20,0:35:39
487,aohogertiedi,2020-09-26,2:58,2020-10-02,16:27:08
488,elowmandj,2020-09-30,14:34,2020-10-19,10:06:33
489,tbrehenydk,2020-09-15,17:49,2020-10-05,0:20:57
490,sleethemdl,2020-09-28,19:41,2020-10-05,18:33:00
491,yastletdm,2020-09-19,19:12,2020-10-20,9:48:06
492,bgreensladedn,2020-09-15,11:02,2020-10-12,10:34:30
493,lcavanaughdo,2020-09-17,16:45,2020-10-08,12:28:55
494,cbembrickdp,2020-09-16,3:30,2020-10-20,8:44:06
495,mreadittdq,2020-09-28,17:09,2020-10-08,11:38:48
496,skemsleydr,2020-09-26,18:44,2020-10-03,5:34:53
497,pweissds,2020-09-22,4:33,2020-10-23,22:51:49
498,bscoldingdt,2020-09-28,17:44,2020-10-01,3:37:42
499,ttythertondu,2020-09-15,20:10,2020-10-03,15:24:09
500,gmatyatindv,2020-09-26,17:55,2020-10-06,12:18:56
501,rtumeltydw,2020-09-19,16:16,2020-10-16,13:35:43
502,ueusdendx,2020-09-18,13:57,2020-10-01,20:47:22
503,hprestagedy,2020-09-29,2:40,2020-10-21,11:10:04
504,rtyerdz,2020-09-24,13:04,2020-10-02,7:50:48
505,hbaccupe0,2020-09-23,23:19,2020-10-06,1:33:48
506,vdelamare1,2020-09-26,8:17,2020-10-08,8:31:26
507,wkylese2,2020-09-24,22:55,2020-10-23,11:05:57
508,pstrikere3,2020-09-19,9:18,2020-10-20,4:41:46
509,bsharde4,2020-09-18,20:16,2020-10-20,16:25:36
510,boakenfulle5,2020-09-17,23:40,2020-10-11,15:10:40
511,bbeldone6,2020-09-16,13:50,2020-10-22,20:10:25
512,itabarde7,2020-09-29,2:41,2020-10-21,21:02:53
513,njanskye8,2020-09-22,21:43,2020-10-17,13:18:08
514,kdimmocke9,2020-09-18,8:27,2020-10-09,22:04:13
515,fohalleghaneea,2020-09-17,14:43,2020-10-12,11:35:36
516,hcaisleyeb,2020-09-28,4:57,2020-10-10,13:07:33
517,mheminsleyec,2020-09-22,9:04,2020-10-02,14:57:55
518,gmaithed,2020-09-29,9:51,2020-10-10,13:55:41
519,bdubsee,2020-09-24,17:40,2020-10-05,1:29:53
520,ndoreeef,2020-09-24,3:20,2020-10-14,20:54:28
521,ffroudeg,2020-09-29,11:26,2020-10-15,15:15:01
522,cgarrettseh,2020-09-19,18:35,2020-10-08,20:07:10
523,fwillmottei,2020-09-18,16:42,2020-10-21,8:51:06
524,kdundridgeej,2020-09-25,10:50,2020-10-20,20:31:26
525,aistonek,2020-09-21,19:56,2020-10-04,21:16:49
526,emaccrawel,2020-09-18,15:35,2020-10-17,11:53:04
527,lbeavonem,2020-09-17,7:52,2020-10-09,21:01:40
528,tnesteren,2020-09-26,17:12,2020-10-14,16:53:48
529,cprydeeo,2020-09-16,16:20,2020-10-23,4:30:37
530,bantonioep,2020-09-23,18:28,2020-10-11,12:18:45
531,dwrefordeq,2020-09-18,13:55,2020-10-20,14:21:11
532,jhumpherstoner,2020-09-15,12:12,2020-10-21,2:01:09
533,pcominolies,2020-09-19,11:31,2020-10-09,17:44:58
534,cscotchbourougeet,2020-09-16,11:29,2020-10-05,19:14:23
535,hcolthardeu,2020-09-21,2:07,2020-10-19,8:31:36
536,cyablsleyev,2020-09-25,23:52,2020-10-14,7:33:00
537,kshieberew,2020-09-16,21:13,2020-10-02,17:41:17
538,lalecockex,2020-09-19,16:11,2020-10-03,17:16:49
539,cranahaney,2020-09-27,1:55,2020-10-17,19:36:00
540,jshrubsallez,2020-09-26,19:34,2020-10-02,16:24:54
541,oelliff0,2020-09-16,0:14,2020-10-10,17:37:34
542,psercombef1,2020-09-18,12:08,2020-10-23,5:40:06
543,ddelamarf2,2020-09-30,10:27,2020-10-09,5:43:25
544,amalshingerf3,2020-09-16,21:03,2020-10-13,21:17:43
545,mgegayf4,2020-09-27,4:04,2020-10-01,7:23:02
546,emcmichaelf5,2020-09-16,22:12,2020-10-17,12:41:30
547,cpietaschf6,2020-09-30,3:46,2020-10-22,14:56:34
548,lmctavyf7,2020-09-20,17:22,2020-10-14,6:16:34
549,lbownassf8,2020-09-21,22:54,2020-10-11,4:37:25
550,tduckettf9,2020-09-15,20:17,2020-10-14,16:37:11
551,jmostinfa,2020-09-28,19:45,2020-10-04,19:59:53
552,cdunkleyfb,2020-09-18,15:54,2020-10-17,14:38:33
553,ltotarofc,2020-09-29,0:18,2020-10-20,10:34:12
554,hhandkefd,2020-09-19,14:47,2020-10-21,6:57:45
555,rgregfe,2020-09-29,11:00,2020-10-06,10:30:27
556,cwifflerff,2020-09-19,4:29,2020-10-11,20:55:49
557,fsellwoodfg,2020-09-30,22:39,2020-10-05,19:49:19
558,dguisefh,2020-09-26,1:22,2020-10-22,1:04:25
559,bheelisfi,2020-09-20,10:07,2020-10-14,14:39:53
560,pvauterfj,2020-09-17,21:42,2020-10-17,4:32:56
561,fdessantfk,2020-09-19,16:42,2020-10-21,11:57:05
562,cpautefl,2020-09-16,5:03,2020-10-10,16:50:00
563,kvanderveldefm,2020-09-16,8:37,2020-10-12,9:31:54
564,kcopplestonefn,2020-09-28,5:44,2020-10-19,20:42:01
565,kdurrandfo,2020-09-24,23:34,2020-10-19,6:19:21
566,mcinnamondfp,2020-09-24,9:18,2020-10-07,5:57:41
567,gisakovfq,2020-09-16,2:17,2020-10-06,2:12:46
568,gbownfr,2020-09-16,14:26,2020-10-15,9:32:37
569,dcausbeyfs,2020-09-17,2:13,2020-10-08,20:55:57
570,cmcpikeft,2020-09-17,1:08,2020-10-10,14:34:45
571,rkantorfu,2020-09-28,12:29,2020-10-01,9:08:53
572,bculpfv,2020-09-26,21:51,2020-10-01,23:12:29
573,fdochartyfw,2020-09-26,18:09,2020-10-17,6:45:44
574,ahrishchenkofx,2020-09-26,20:15,2020-10-22,2:14:27
575,rofeenyfy,2020-09-24,6:18,2020-10-17,16:45:37
576,lhinchonfz,2020-09-16,22:48,2020-10-14,20:19:13
577,hmatusovskyg0,2020-09-28,14:59,2020-10-14,15:17:56
578,ddolleg1,2020-09-20,4:04,2020-10-06,18:21:05
579,bfeldharkerg2,2020-09-24,11:11,2020-10-20,1:23:34
580,wtremathackg3,2020-09-21,7:37,2020-10-09,0:35:18
581,esinisburyg4,2020-09-22,18:48,2020-10-14,20:21:35
582,amcleodg5,2020-09-29,4:33,2020-10-01,9:17:15
583,ncourvertg6,2020-09-17,12:18,2020-10-05,8:28:55
584,goldacresg7,2020-09-17,9:35,2020-10-05,6:51:15
585,kturbittg8,2020-09-27,18:23,2020-10-04,15:17:30
586,tcubbong9,2020-09-19,10:06,2020-10-04,12:10:42
587,astobiega,2020-09-24,23:49,2020-10-09,9:03:10
588,wdrinangb,2020-09-19,22:06,2020-10-01,8:54:55
589,ahynegc,2020-09-29,17:31,2020-10-20,16:32:30
590,mecclestongd,2020-09-24,11:04,2020-10-17,10:46:59
591,preenge,2020-09-28,6:16,2020-10-19,15:05:25
592,eharnorgf,2020-09-29,9:48,2020-10-22,23:55:22
593,jbradegg,2020-09-25,14:48,2020-10-19,14:53:25
594,cgianuzzigh,2020-09-27,19:19,2020-10-13,18:42:30
595,dprobbingsgi,2020-09-22,11:08,2020-10-10,8:43:49
596,tekegj,2020-09-24,7:24,2020-10-01,18:09:35
597,spallistergk,2020-09-29,8:29,2020-10-19,9:01:04
598,mfudgergl,2020-09-19,21:00,2020-10-12,23:43:16
599,kharcarsegm,2020-09-20,7:16,2020-10-14,9:27:24
600,ebentallgn,2020-09-29,8:47,2020-10-03,5:42:27
601,cmelmethgo,2020-09-26,3:10,2020-10-19,2:18:12
602,mhansemanngp,2020-09-30,5:36,2020-10-01,1:45:09
603,cmallochgq,2020-09-17,7:10,2020-10-20,23:49:49
604,fcrossinghamgr,2020-09-29,21:25,2020-10-05,21:01:37
605,apedrolgs,2020-09-19,7:07,2020-10-07,19:40:04
606,cdormangt,2020-09-16,15:25,2020-10-06,9:30:18
607,bbonnygu,2020-09-27,14:09,2020-10-03,11:39:15
608,ndelaperrellegv,2020-09-24,23:49,2020-10-03,22:31:37
609,vblanchettegw,2020-09-15,5:46,2020-10-20,14:37:46
610,boraffertygx,2020-09-28,22:07,2020-10-23,11:56:33
611,scurraogy,2020-09-17,23:42,2020-10-20,23:20:24
612,ahousingz,2020-09-30,13:36,2020-10-09,13:18:43
613,edobererh0,2020-09-24,8:26,2020-10-04,20:45:55
614,ameldrumh1,2020-09-26,3:55,2020-10-09,3:38:35
615,cmoyeh2,2020-09-28,4:38,2020-10-02,15:05:21
616,obastockh3,2020-09-20,16:53,2020-10-19,21:38:18
617,bbushellh4,2020-09-28,17:42,2020-10-09,0:07:37
618,bbogh5,2020-09-24,23:02,2020-10-16,18:34:28
619,sbettinsonh6,2020-09-25,16:58,2020-10-19,16:22:39
620,scandlishh7,2020-09-27,8:52,2020-10-19,4:40:21
621,gjelkh8,2020-09-28,14:21,2020-10-18,6:55:36
622,rdarcyh9,2020-09-18,15:57,2020-10-14,12:46:39
623,adickha,2020-09-15,4:24,2020-10-19,10:29:03
624,leassomhb,2020-09-18,6:47,2020-10-13,21:36:15
625,sblankenshiphc,2020-09-25,21:55,2020-10-15,1:15:24
626,wknockerhd,2020-09-19,4:09,2020-10-07,15:41:35
627,zbamburyhe,2020-09-16,21:20,2020-10-17,0:19:52
628,bfossickhf,2020-09-22,18:38,2020-10-06,20:27:57
629,afrosdickhg,2020-09-30,6:45,2020-10-13,22:06:48
630,bhabinhh,2020-09-29,9:52,2020-10-11,16:55:08
631,arupelhi,2020-09-27,9:23,2020-10-08,6:15:16
632,msatterleehj,2020-09-25,17:37,2020-10-08,19:36:20
633,ccameliahk,2020-09-21,21:38,2020-10-03,3:17:27
634,ebehrhl,2020-09-23,16:17,2020-10-01,1:04:50
635,bhamssonhm,2020-09-21,5:24,2020-10-15,6:09:56
636,ceccleshallhn,2020-09-16,15:45,2020-10-10,4:13:41
637,wlowcockho,2020-09-24,5:11,2020-10-21,1:02:46
638,vspurlinghp,2020-09-20,8:19,2020-10-22,13:43:59
639,vainsworthhq,2020-09-20,18:31,2020-10-20,3:09:34
640,npenwardenhr,2020-09-29,13:42,2020-10-19,20:56:33
641,adefondhs,2020-09-26,15:28,2020-10-23,1:54:43
642,djunkisonht,2020-09-25,6:35,2020-10-06,1:51:58
643,hsheircliffehu,2020-09-20,13:01,2020-10-06,1:00:42
644,eweallhv,2020-09-25,4:15,2020-10-20,10:14:19
645,jpaydonhw,2020-09-21,4:35,2020-10-05,15:39:23
646,amccolmhx,2020-09-25,12:15,2020-10-01,4:09:43
647,claurencehy,2020-09-30,6:57,2020-10-22,20:28:54
648,jpeskinhz,2020-09-24,15:51,2020-10-07,8:03:13
649,lbarratti0,2020-09-19,21:07,2020-10-22,6:51:22
650,tstutteri1,2020-09-15,18:40,2020-10-21,6:27:49
651,fguillondi2,2020-09-26,9:45,2020-10-16,17:36:45
652,ibaudinoti3,2020-09-21,20:28,2020-10-05,10:38:57
653,zphelani4,2020-09-18,11:02,2020-10-01,3:03:13
654,kmurphyi5,2020-09-20,14:26,2020-10-16,8:34:40
655,gvoiseyi6,2020-09-29,22:14,2020-10-05,8:25:19
656,cwaineri7,2020-09-29,23:10,2020-10-22,11:10:45
657,bprahli8,2020-09-25,13:57,2020-10-15,9:06:05
658,ddiemi9,2020-09-29,23:36,2020-10-01,2:04:34
659,lsalvadoreia,2020-09-21,13:27,2020-10-18,13:07:17
660,mlochib,2020-09-29,12:44,2020-10-08,6:09:11
661,laddamsic,2020-09-19,10:13,2020-10-15,23:14:53
662,jbrutonid,2020-09-17,19:51,2020-10-01,2:21:46
663,wgowmanie,2020-09-26,17:24,2020-10-23,15:59:10
664,sorringif,2020-09-29,4:10,2020-10-06,9:31:53
665,jlandalig,2020-09-28,8:09,2020-10-13,20:58:23
666,wmaniloveih,2020-09-19,22:53,2020-10-12,6:30:45
667,wbuttii,2020-09-26,4:26,2020-10-13,9:34:57
668,vnorthcoteij,2020-09-27,23:46,2020-10-03,21:37:45
669,ptreskeik,2020-09-25,10:49,2020-10-13,5:00:55
670,khousiauxil,2020-09-29,16:29,2020-10-07,4:24:00
671,jhanksim,2020-09-29,21:45,2020-10-18,1:57:19
672,mgeraldin,2020-09-24,8:21,2020-10-20,10:28:24
673,nculkinio,2020-09-22,0:40,2020-10-01,15:41:36
674,rpresserip,2020-09-18,0:21,2020-10-19,14:02:41
675,hbruckeriq,2020-09-23,7:48,2020-10-08,9:53:43
676,opellmanir,2020-09-24,2:19,2020-10-12,14:18:35
677,nstoddardis,2020-09-29,4:13,2020-10-08,4:03:11
678,sgresserit,2020-09-24,2:58,2020-10-06,2:59:58
679,swrethamiu,2020-09-21,20:55,2020-10-16,2:42:04
680,eskittereliv,2020-09-27,12:49,2020-10-18,3:42:51
681,hstrettoniw,2020-09-15,9:36,2020-10-09,8:21:41
682,mkeelix,2020-09-18,13:07,2020-10-07,5:20:53
683,vhugoiy,2020-09-25,18:15,2020-10-07,21:38:56
684,apengillyiz,2020-09-16,22:11,2020-10-11,4:32:53
685,frolfej0,2020-09-26,6:40,2020-10-20,16:07:52
686,pshowersj1,2020-09-15,2:09,2020-10-03,20:22:19
687,mmallabundj2,2020-09-20,22:07,2020-10-08,21:14:08
688,dbulmerj3,2020-09-21,11:28,2020-10-10,10:36:22
689,ssarsonj4,2020-09-23,20:19,2020-10-10,5:07:20
690,cjeandelj5,2020-09-27,9:53,2020-10-07,12:33:38
691,dmackellenj6,2020-09-16,14:42,2020-10-02,0:58:07
692,bgrigorianj7,2020-09-24,21:09,2020-10-07,6:46:01
693,nwallenj8,2020-09-16,17:05,2020-10-11,20:51:28
694,mbainej9,2020-09-25,10:32,2020-10-19,18:48:03
695,ahendriksenja,2020-09-26,12:13,2020-10-18,16:44:30
696,fviggersjb,2020-09-29,12:45,2020-10-01,13:20:10
697,chullesjc,2020-09-25,21:56,2020-10-14,15:31:36
698,fraysonjd,2020-09-17,3:11,2020-10-20,4:43:03
699,elilburnje,2020-09-26,1:58,2020-10-09,2:34:35
700,achiezejf,2020-09-27,12:06,2020-10-14,12:02:43
701,chulksjg,2020-09-17,17:27,2020-10-16,18:10:16
702,jmcdouglejh,2020-09-29,11:59,2020-10-20,13:46:53
703,dgorhardtji,2020-09-29,4:27,2020-10-07,18:52:18
704,hsmallpeicejj,2020-09-22,0:14,2020-10-22,17:40:03
705,mrickeardjk,2020-09-16,9:56,2020-10-14,6:18:35
706,mmatyushkinjl,2020-09-21,6:41,2020-10-20,22:59:08
707,ffetherstonejm,2020-09-25,15:01,2020-10-23,15:46:51
708,ltheuffjn,2020-09-24,15:28,2020-10-12,7:38:06
709,btanmanjo,2020-09-20,11:40,2020-10-01,22:26:47
710,gdubblejp,2020-09-19,3:05,2020-10-06,2:14:49
711,echreejq,2020-09-18,20:35,2020-10-22,12:32:29
712,jbabbidgejr,2020-09-23,18:12,2020-10-06,16:53:39
713,relsiejs,2020-09-25,21:41,2020-10-22,1:18:53
714,mhaineyjt,2020-09-29,5:02,2020-10-05,23:53:27
715,ihadentonju,2020-09-22,12:58,2020-10-11,10:27:29
716,uquarringtonjv,2020-09-24,10:17,2020-10-20,22:28:07
717,jcrossfieldjw,2020-09-23,15:12,2020-10-17,13:09:17
718,sosininjx,2020-09-24,19:25,2020-10-01,6:42:17
719,mqueyeirojy,2020-09-22,7:57,2020-10-06,8:57:43
720,sschirakjz,2020-09-16,16:57,2020-10-16,2:12:15
721,mblaesk0,2020-09-21,19:33,2020-10-10,1:13:25
722,mkundtk1,2020-09-22,14:04,2020-10-04,6:36:30
723,laucockk2,2020-09-20,5:37,2020-10-11,9:48:10
724,isallyk3,2020-09-18,3:32,2020-10-08,17:58:12
725,jmarshfieldk4,2020-09-19,20:08,2020-10-18,5:01:28
726,bmcginnyk5,2020-09-22,18:06,2020-10-09,18:07:07
727,khinksk6,2020-09-23,15:22,2020-10-07,11:12:00
728,tconquerk7,2020-09-18,1:04,2020-10-21,4:41:54
729,lmordecaik8,2020-09-20,13:43,2020-10-23,13:40:36
730,mkitchinghank9,2020-09-24,5:23,2020-10-14,21:13:07
731,lvaninika,2020-09-30,1:40,2020-10-19,11:30:13
732,cvautrekb,2020-09-16,15:25,2020-10-15,16:43:49
733,cgraingerkc,2020-09-26,19:49,2020-10-08,6:13:14
734,amccaheykd,2020-09-23,4:49,2020-10-11,21:53:52
735,bschirachke,2020-09-19,4:04,2020-10-04,8:21:21
736,abrittkf,2020-09-24,17:31,2020-10-15,15:26:53
737,mdoerrenkg,2020-09-16,3:33,2020-10-18,15:40:09
738,wcallamkh,2020-09-30,2:48,2020-10-23,3:00:57
739,rbowerbankki,2020-09-19,22:42,2020-10-07,14:51:48
740,rrolstonkj,2020-09-24,14:21,2020-10-09,8:45:42
741,kvieyrakk,2020-09-19,1:32,2020-10-04,18:06:23
742,bwoodburnekl,2020-09-17,18:39,2020-10-22,7:41:12
743,jszepekm,2020-09-22,16:34,2020-10-11,18:40:25
744,jsmorthitkn,2020-09-21,11:54,2020-10-05,22:15:01
745,acurgenvenko,2020-09-19,21:34,2020-10-12,9:44:55
746,bcawthrakp,2020-09-29,13:46,2020-10-04,4:20:32
747,odursleykq,2020-09-21,20:18,2020-10-13,14:10:12
748,ohubboldkr,2020-09-23,17:05,2020-10-07,8:49:52
749,pkefordks,2020-09-30,18:51,2020-10-09,21:33:59
750,gsyphuskt,2020-09-23,3:20,2020-10-04,2:50:10
751,sbenneyworthku,2020-09-16,18:38,2020-10-11,7:50:14
752,bgopsallkv,2020-09-18,19:47,2020-10-04,13:01:29
753,bdomanekkw,2020-09-30,5:41,2020-10-13,23:13:32
754,atollidaykx,2020-09-26,22:34,2020-10-03,0:44:00
755,gdornky,2020-09-28,19:04,2020-10-15,0:36:48
756,ftruittkz,2020-09-29,7:42,2020-10-12,7:42:38
757,tshirlawl0,2020-09-15,10:18,2020-10-01,23:30:42
758,emccrainel1,2020-09-22,2:12,2020-10-23,19:43:06
759,cdeyel2,2020-09-28,7:26,2020-10-14,5:03:13
760,vhaylerl3,2020-09-23,23:48,2020-10-18,8:14:07
761,banglinl4,2020-09-27,4:48,2020-10-21,6:37:39
762,tovizel5,2020-09-19,10:46,2020-10-22,16:44:57
763,cyvensl6,2020-09-15,2:57,2020-10-12,14:53:11
764,gventhaml7,2020-09-22,10:39,2020-10-22,15:41:17
765,ftwallinl8,2020-09-18,19:21,2020-10-16,23:33:10
766,nlazerl9,2020-09-20,1:27,2020-10-15,21:35:14
767,nbannerla,2020-09-24,10:46,2020-10-23,19:46:43
768,idacelb,2020-09-17,0:44,2020-10-23,13:54:31
769,mvalentinlc,2020-09-16,11:40,2020-10-13,18:58:26
770,rmedgewickld,2020-09-21,23:05,2020-10-12,2:45:57
771,cbrantlle,2020-09-23,0:33,2020-10-22,15:56:08
772,jwaldenlf,2020-09-26,11:55,2020-10-05,22:52:29
773,fmasonlg,2020-09-19,12:09,2020-10-10,6:05:17
774,smendozalh,2020-09-29,6:35,2020-10-16,13:58:30
775,cjakuboviczli,2020-09-24,1:12,2020-10-10,13:01:17
776,kbeidebekelj,2020-09-27,17:51,2020-10-16,7:35:23
777,nstanyerlk,2020-09-20,21:55,2020-10-01,18:21:42
778,tbroadwellll,2020-09-30,17:32,2020-10-20,7:12:52
779,rkezarlm,2020-09-15,15:01,2020-10-03,1:56:51
780,arehorekln,2020-09-22,9:00,2020-10-13,20:12:07
781,eruggelo,2020-09-25,18:28,2020-10-18,21:45:47
782,dshemeltlp,2020-09-18,6:49,2020-10-05,11:02:38
783,pharriottlq,2020-09-28,19:30,2020-10-23,22:08:00
784,rmourantlr,2020-09-24,9:02,2020-10-15,3:29:13
785,llukacsls,2020-09-16,16:06,2020-10-09,2:58:17
786,bmcknockiterlt,2020-09-21,12:47,2020-10-09,15:09:58
787,mwinterbottomlu,2020-09-24,13:38,2020-10-05,15:02:41
788,cwyclifflv,2020-09-21,16:26,2020-10-04,2:15:26
789,charnelllw,2020-09-25,19:19,2020-10-23,12:11:17
790,kbrozlx,2020-09-21,9:40,2020-10-10,15:20:07
791,kstanerly,2020-09-15,15:17,2020-10-19,3:20:24
792,lsmedmoorlz,2020-09-15,19:40,2020-10-14,6:33:13
793,odrynanm0,2020-09-15,5:12,2020-10-23,13:48:36
794,mhockingm1,2020-09-25,7:34,2020-10-12,12:03:41
795,bpaskerfulm2,2020-09-19,5:19,2020-10-10,1:38:37
796,nradleym3,2020-09-28,17:52,2020-10-10,10:25:24
797,smaticm4,2020-09-22,11:28,2020-10-17,10:07:00
798,sswinnardm5,2020-09-16,11:05,2020-10-05,2:34:10
799,gpalisterm6,2020-09-30,15:42,2020-10-13,1:44:28
800,qhansanam7,2020-09-16,20:51,2020-10-16,11:15:44
801,mandrichukm8,2020-09-21,2:23,2020-10-01,5:07:23
802,erubinowitzm9,2020-09-21,12:53,2020-10-06,23:54:05
803,nvalenciama,2020-09-24,5:17,2020-10-02,0:40:13
804,tjandlmb,2020-09-23,5:33,2020-10-04,21:29:02
805,apizermc,2020-09-22,18:02,2020-10-21,19:41:01
806,jkeatleymd,2020-09-30,14:24,2020-10-03,12:46:23
807,ogeroldome,2020-09-15,10:42,2020-10-10,5:11:42
808,pzellnermf,2020-09-28,23:32,2020-10-12,2:06:08
809,mapplewhaitemg,2020-09-28,13:27,2020-10-15,2:08:40
810,mvasicmh,2020-09-19,16:08,2020-10-15,11:59:13
811,qgatenbymi,2020-09-30,23:45,2020-10-14,16:36:37
812,ebeedlemj,2020-09-22,3:36,2020-10-18,7:50:23
813,fwilkisonmk,2020-09-19,16:37,2020-10-10,14:46:51
814,ttownerml,2020-09-26,0:33,2020-10-12,12:07:12
815,lbockettmm,2020-09-15,14:32,2020-10-17,23:50:13
816,apoppymn,2020-09-24,12:00,2020-10-15,12:20:13
817,zwollrauchmo,2020-09-28,18:02,2020-10-11,12:43:38
818,dluxonmp,2020-09-24,18:53,2020-10-16,10:56:11
819,battewellmq,2020-09-18,14:25,2020-10-03,20:50:41
820,ntounmr,2020-09-27,3:53,2020-10-11,11:26:40
821,ppuckhamms,2020-09-20,6:01,2020-10-01,2:34:25
822,mcheeldmt,2020-09-24,15:24,2020-10-04,10:31:59
823,cbramsommu,2020-09-22,13:22,2020-10-09,14:29:08
824,cmartinellimv,2020-09-23,20:47,2020-10-22,16:55:14
825,mcosgreavemw,2020-09-26,7:38,2020-10-07,11:35:45
826,gdurnfordmx,2020-09-26,7:05,2020-10-19,6:32:05
827,mrangermy,2020-09-22,8:47,2020-10-17,1:21:59
828,mwimmermz,2020-09-26,11:57,2020-10-08,14:42:21
829,dpartenern0,2020-09-20,10:51,2020-10-19,5:14:20
830,ladien1,2020-09-28,9:00,2020-10-11,13:20:51
831,aburkertn2,2020-09-18,22:43,2020-10-03,22:05:11
832,bblakdenn3,2020-09-16,2:08,2020-10-16,8:48:04
833,ogohiern4,2020-09-30,8:54,2020-10-18,0:24:40
834,dgregolettin5,2020-09-20,10:26,2020-10-06,18:30:35
835,zbruinn6,2020-09-23,20:00,2020-10-16,8:41:28
836,vhumbeyn7,2020-09-16,8:31,2020-10-02,4:31:45
837,apielen8,2020-09-21,22:29,2020-10-15,9:22:24
838,rkernocken9,2020-09-17,1:07,2020-10-09,14:14:53
839,hllewhellinna,2020-09-28,21:31,2020-10-18,0:38:17
840,rdalgetynb,2020-09-17,15:00,2020-10-20,0:02:41
841,cberrync,2020-09-29,11:56,2020-10-07,15:59:30
842,alewinnd,2020-09-27,7:28,2020-10-20,22:24:32
843,blanmeidne,2020-09-15,9:41,2020-10-07,12:14:46
844,ljochensnf,2020-09-25,17:53,2020-10-04,7:44:20
845,msabieng,2020-09-25,16:32,2020-10-01,15:36:33
846,eboasenh,2020-09-29,21:49,2020-10-06,5:55:56
847,freisenni,2020-09-17,9:23,2020-10-02,0:00:46
848,myashinnj,2020-09-25,2:28,2020-10-05,5:21:49
849,aturbillnk,2020-09-19,11:56,2020-10-04,9:32:23
850,dmillingtonnl,2020-09-22,19:22,2020-10-03,18:06:32
851,brummerynm,2020-09-28,23:06,2020-10-20,8:59:19
852,jpinwillnn,2020-09-28,22:40,2020-10-16,9:42:33
853,jcrixno,2020-09-19,20:56,2020-10-01,6:04:33
854,gdurringtonnp,2020-09-21,20:34,2020-10-14,19:58:01
855,yknevitnq,2020-09-24,13:26,2020-10-22,2:53:15
856,hlitchmorenr,2020-09-30,5:07,2020-10-20,12:45:30
857,rrodderns,2020-09-18,2:06,2020-10-04,9:33:39
858,brisingnt,2020-09-28,0:39,2020-10-14,2:03:23
859,tknevetnu,2020-09-15,22:06,2020-10-09,4:35:56
860,mmarkosnv,2020-09-27,23:40,2020-10-09,7:14:45
861,alightbournnw,2020-09-18,9:23,2020-10-05,1:03:19
862,cwombwellnx,2020-09-28,0:48,2020-10-18,1:45:33
863,dmordecainy,2020-09-16,8:37,2020-10-04,2:10:46
864,arainsnz,2020-09-29,10:59,2020-10-17,15:40:26
865,rinfanteo0,2020-09-24,21:34,2020-10-05,11:59:54
866,atomiko1,2020-09-26,15:00,2020-10-18,15:10:13
867,fjakoubeco2,2020-09-19,17:09,2020-10-17,12:12:35
868,cawdeo3,2020-09-22,4:59,2020-10-08,4:35:08
869,dpisero4,2020-09-27,5:31,2020-10-17,7:36:30
870,fdrysdaleo5,2020-09-21,1:08,2020-10-04,18:28:55
871,bgoldmano6,2020-09-17,15:25,2020-10-21,19:24:30
872,bminchio7,2020-09-28,0:08,2020-10-19,19:52:11
873,mcregino8,2020-09-17,20:32,2020-10-04,22:21:59
874,tahreno9,2020-09-23,15:34,2020-10-16,18:26:20
875,lgeorgescuoa,2020-09-17,3:49,2020-10-13,15:18:28
876,fdickerlineob,2020-09-28,3:56,2020-10-09,9:10:13
877,dvalentinettioc,2020-09-29,22:40,2020-10-20,23:11:12
878,dgilburtod,2020-09-30,8:35,2020-10-09,4:19:13
879,mblundinoe,2020-09-27,2:17,2020-10-10,2:13:47
880,deylesof,2020-09-27,16:24,2020-10-04,17:07:05
881,dcrippenog,2020-09-20,7:36,2020-10-21,18:29:04
882,jvaneevoh,2020-09-22,1:21,2020-10-08,21:22:59
883,bhimsworthoi,2020-09-24,11:33,2020-10-12,11:20:28
884,lplunketoj,2020-09-16,6:22,2020-10-23,19:28:06
885,mlindgrenok,2020-09-23,8:20,2020-10-02,1:09:38
886,tmcelroyol,2020-09-28,10:31,2020-10-12,11:57:44
887,mgoeffom,2020-09-15,7:13,2020-10-03,10:30:48
888,asisson,2020-09-30,4:49,2020-10-03,6:01:54
889,kemmottoo,2020-09-19,14:08,2020-10-18,15:07:19
890,mlubbockop,2020-09-25,4:36,2020-10-09,20:05:48
891,dgreensittoq,2020-09-23,11:16,2020-10-19,11:42:42
892,alotsor,2020-09-20,2:32,2020-10-23,17:35:15
893,kmadleos,2020-09-24,11:11,2020-10-03,16:39:08
894,lkeyzmanot,2020-09-26,14:23,2020-10-09,12:03:21
895,omustonou,2020-09-28,20:46,2020-10-05,19:18:49
896,equippov,2020-09-26,7:06,2020-10-13,13:35:49
897,yjohlow,2020-09-24,17:13,2020-10-04,4:01:40
898,eolivariox,2020-09-30,19:31,2020-10-08,11:42:44
899,khegeloy,2020-09-18,10:56,2020-10-23,5:26:23
900,gaistropoz,2020-09-29,8:09,2020-10-19,17:24:52
901,faldhamp0,2020-09-23,17:02,2020-10-15,8:42:58
902,gbrighousep1,2020-09-27,23:32,2020-10-16,2:24:26
903,jcadallederp2,2020-09-23,13:57,2020-10-16,9:02:44
904,minglebyp3,2020-09-22,18:38,2020-10-21,3:51:22
905,smeriotp4,2020-09-22,8:29,2020-10-23,0:27:15
906,semerinep5,2020-09-29,15:00,2020-10-21,10:50:39
907,bskeletonp6,2020-09-20,9:11,2020-10-17,20:17:15
908,vharmanp7,2020-09-16,8:53,2020-10-18,18:13:59
909,mgoffp8,2020-09-25,2:44,2020-10-20,12:01:54
910,jbischopp9,2020-09-26,2:25,2020-10-04,5:37:52
911,rswaytepa,2020-09-24,11:36,2020-10-02,20:51:35
912,kembertonpb,2020-09-30,7:19,2020-10-16,5:31:07
913,gtockpc,2020-09-26,11:11,2020-10-07,9:48:09
914,agilbridepd,2020-09-16,3:02,2020-10-22,23:49:30
915,tbuckiepe,2020-09-24,16:49,2020-10-17,10:32:12
916,kaxelbypf,2020-09-20,20:53,2020-10-02,14:54:00
917,opirozzipg,2020-09-27,14:46,2020-10-19,23:39:07
918,rbothbieph,2020-09-23,13:32,2020-10-03,23:51:52
919,trickarseypi,2020-09-28,16:16,2020-10-06,19:28:36
920,fhundallpj,2020-09-20,17:59,2020-10-21,16:26:40
921,dburdenpk,2020-09-27,19:44,2020-10-16,1:39:32
922,ghannypl,2020-09-25,21:26,2020-10-15,5:42:13
923,rlunnypm,2020-09-27,22:10,2020-10-09,2:56:27
924,fthistletonpn,2020-09-21,23:39,2020-10-09,12:29:44
925,pgriffeypo,2020-09-24,13:28,2020-10-02,22:11:14
926,shatreypp,2020-09-21,18:09,2020-10-01,16:28:02
927,ktullpq,2020-09-23,18:43,2020-10-10,14:44:24
928,fnilespr,2020-09-27,5:26,2020-10-02,11:33:15
929,cblouetps,2020-09-24,0:28,2020-10-03,3:59:48
930,tbagniukpt,2020-09-22,18:31,2020-10-13,8:27:02
931,eeastmeadpu,2020-09-16,2:46,2020-10-18,9:17:50
932,ikubupv,2020-09-26,21:14,2020-10-15,2:51:48
933,grullerpw,2020-09-17,14:53,2020-10-02,2:18:12
934,jthiespx,2020-09-30,17:17,2020-10-14,17:03:47
935,rkenefordpy,2020-09-25,7:40,2020-10-20,7:04:22
936,cadamovpz,2020-09-30,20:50,2020-10-20,10:37:35
937,dmackillq0,2020-09-22,0:32,2020-10-10,23:51:28
938,nsnaithq1,2020-09-20,19:25,2020-10-11,0:31:57
939,kstuchburieq2,2020-09-20,18:18,2020-10-19,17:38:58
940,wdreamerq3,2020-09-28,0:38,2020-10-17,1:36:07
941,sabramoviciq4,2020-09-16,20:13,2020-10-19,10:56:37
942,rmaxstedq5,2020-09-26,21:29,2020-10-06,5:57:33
943,gruggierq6,2020-09-30,7:56,2020-10-03,2:01:24
944,phynesq7,2020-09-25,1:40,2020-10-21,1:56:30
945,swarrierq8,2020-09-27,15:01,2020-10-18,11:41:02
946,blawsq9,2020-09-21,3:00,2020-10-13,16:53:27
947,hpancostqa,2020-09-17,14:27,2020-10-01,2:11:06
948,amanjinqb,2020-09-24,16:50,2020-10-05,3:17:25
949,rfoyeqc,2020-09-23,5:10,2020-10-07,11:55:55
950,codempseyqd,2020-09-18,5:19,2020-10-13,15:04:52
951,pcoppinqe,2020-09-24,5:33,2020-10-01,21:32:56
952,bokaneqf,2020-09-25,13:44,2020-10-16,20:45:22
953,bdoxseyqg,2020-09-18,4:42,2020-10-18,8:38:52
954,jdykinsqh,2020-09-30,9:23,2020-10-09,20:43:34
955,clamputtqi,2020-09-30,21:27,2020-10-08,11:07:05
956,fvaggesqj,2020-09-17,0:39,2020-10-09,8:44:43
957,rshitliffeqk,2020-09-22,7:58,2020-10-14,17:52:13
958,rpedrickql,2020-09-23,17:29,2020-10-23,12:35:35
959,afibbensqm,2020-09-21,23:28,2020-10-09,2:06:03
960,cjouanetqn,2020-09-19,16:19,2020-10-14,7:03:45
961,tangrickqo,2020-09-20,18:14,2020-10-07,22:25:43
962,skarpfenqp,2020-09-22,19:22,2020-10-10,14:08:32
963,fdoodqq,2020-09-18,22:23,2020-10-04,2:43:21
964,cgallgherqr,2020-09-25,18:37,2020-10-18,5:28:49
965,areddyhoffqs,2020-09-30,13:52,2020-10-05,6:58:47
966,rtisunqt,2020-09-28,10:20,2020-10-23,12:02:22
967,tpertqu,2020-09-29,3:06,2020-10-15,20:20:54
968,kkastelqv,2020-09-26,2:49,2020-10-10,13:26:14
969,dhyderqw,2020-09-23,20:21,2020-10-22,13:48:54
970,agissopqx,2020-09-15,7:16,2020-10-21,18:35:10
971,aakittqy,2020-09-29,5:07,2020-10-15,19:38:40
972,ecosstickqz,2020-09-21,12:02,2020-10-14,1:40:10
973,apetryr0,2020-09-19,23:18,2020-10-06,1:49:09
974,mdeboickr1,2020-09-29,3:30,2020-10-07,14:30:13
975,mboxellr2,2020-09-24,7:33,2020-10-08,0:44:13
976,amattsonr3,2020-09-30,9:33,2020-10-06,8:40:57
977,sguerrazzir4,2020-09-20,5:14,2020-10-09,16:49:44
978,cpleumanr5,2020-09-18,22:29,2020-10-19,0:26:16
979,ccomazzor6,2020-09-25,8:30,2020-10-20,13:48:41
980,bsignoretr7,2020-09-29,19:56,2020-10-10,6:25:43
981,edawidowitzr8,2020-09-21,20:39,2020-10-10,0:07:27
982,jmccaigr9,2020-09-25,18:23,2020-10-17,3:47:14
983,wfredianira,2020-09-19,16:26,2020-10-16,23:57:45
984,lmacgibbonrb,2020-09-20,1:20,2020-10-06,20:22:55
985,gprovestrc,2020-09-19,22:34,2020-10-23,5:44:18
986,sbielfeldrd,2020-09-16,13:32,2020-10-10,23:07:53
987,bopferre,2020-09-18,21:42,2020-10-16,8:18:50
988,toreaganrf,2020-09-30,11:42,2020-10-07,1:28:32
989,abrufordrg,2020-09-18,5:12,2020-10-20,9:07:03
990,gmacbreartyrh,2020-09-18,12:23,2020-10-07,3:58:51
991,sbortoloniri,2020-09-26,10:03,2020-10-22,17:43:33
992,ebonusrj,2020-09-25,17:56,2020-10-19,22:33:24
993,cjaggsrk,2020-09-30,21:18,2020-10-02,10:30:18
994,mmilierrl,2020-09-17,1:52,2020-10-01,14:44:16
995,bbrookzierm,2020-09-23,14:35,2020-10-17,23:18:51
996,esheenrn,2020-09-17,2:22,2020-10-05,0:41:33
997,ipassero,2020-09-23,18:25,2020-10-16,14:33:42
998,mcarefullrp,2020-09-18,3:33,2020-10-20,10:23:27
999,sklynerrq,2020-09-29,14:45,2020-10-18,6:01:34
1000,jthunnerclefrr,2020-09-19,2:49,2020-10-12,10:42:41
